date,adj_close,volume
2015-01-01,795.6229248046875,96950
2015-01-02,816.0619506835938,308986
2015-01-05,816.6265869140625,344472
2015-01-06,817.5171508789062,228284
2015-01-07,866.974853515625,947474
2015-01-08,855.4412231445312,452894
2015-01-09,845.058837890625,483074
2015-01-12,839.28125,276782
2015-01-13,839.8892211914062,463696
2015-01-14,845.3846435546875,658212
2015-01-15,840.215087890625,381804
2015-01-16,837.8475341796875,395802
2015-01-19,829.1376342773438,280876
2015-01-20,834.39404296875,258474
2015-01-21,831.9177856445312,270598
2015-01-22,825.8795776367188,287662
2015-01-23,831.7440795898438,460102
2015-01-27,831.6138305664062,227478
2015-01-28,831.3531494140625,455520
2015-01-29,829.0073852539062,177374
2015-01-30,820.6015014648438,200600
2015-02-02,825.4234619140625,324012
2015-02-03,835.9144287109375,480162
2015-02-04,822.81689453125,680290
2015-02-05,805.1798706054688,306482
2015-02-06,816.322509765625,502006
2015-02-09,817.6257934570312,686106
2015-02-10,839.8240966796875,359742
2015-02-11,838.281982421875,390054
2015-02-12,854.7026977539062,1068302
2015-02-13,878.7689819335938,644926
2015-02-16,883.6778564453125,563458
2015-02-18,893.0610961914062,295476
2015-02-19,904.0516967773438,265050
2015-02-20,911.1978149414062,332866
2015-02-23,895.0593872070312,374346
2015-02-24,900.5331420898438,178172
2015-02-25,898.968994140625,355214
2015-02-26,892.9959106445312,345486
2015-02-27,905.0725708007812,519516
2015-03-02,921.992919921875,781958
2015-03-03,942.0843505859375,747818
2015-03-04,935.0687255859375,455000
2015-03-05,960.3728637695312,810556
2015-03-09,955.4208374023438,358904
2015-03-10,936.6107177734375,313578
2015-03-11,936.1546020507812,198510
2015-03-12,954.247802734375,504848
2015-03-13,937.0018920898438,218480
2015-03-16,934.1998291015625,145822
2015-03-17,951.7718505859375,421918
2015-03-18,954.247802734375,494498
2015-03-19,958.8092041015625,325996
2015-03-20,926.79296875,1115574
2015-03-23,913.4348754882812,101134
2015-03-24,933.4395141601562,207346
2015-03-25,938.9132080078125,251918
2015-03-26,953.009765625,311924
2015-03-27,935.7203369140625,350044
2015-03-30,939.2606201171875,308498
2015-03-31,937.6968994140625,188924
2015-04-01,945.9507446289062,491816
2015-04-06,962.9580688476562,317168
2015-04-07,981.376953125,317256
2015-04-08,981.2247314453125,277230
2015-04-09,989.5436401367188,329644
2015-04-10,989.5436401367188,306598
2015-04-13,1003.5751342773438,554704
2015-04-15,1018.4973754882812,414936
2015-04-16,1011.8070068359375,323720
2015-04-17,998.6881103515625,227748
2015-04-20,942.6707153320312,524974
2015-04-21,899.0125732421875,477392
2015-04-22,897.6006469726562,566608
2015-04-23,934.6991577148438,321414
2015-04-24,929.50830078125,382882
2015-04-27,899.8815307617188,192502
2015-04-28,910.1116943359375,315738
2015-04-29,934.6775512695312,201080
2015-04-30,954.7693481445312,302576
2015-05-04,976.7285766601562,119988
2015-05-05,1018.6710205078125,172740
2015-05-06,976.250732421875,448292
2015-05-07,971.494140625,222604
2015-05-08,957.1798706054688,187348
2015-05-11,991.8460693359375,305220
2015-05-12,987.1546020507812,103266
2015-05-13,991.58544921875,191092
2015-05-14,981.0293579101562,102350
2015-05-15,983.4619140625,191820
2015-05-18,996.47265625,105844
2015-05-19,1009.8960571289062,157598
2015-05-20,1013.0670776367188,514710
2015-05-21,993.8662109375,326320
2015-05-22,1055.9869384765625,1571302
2015-05-25,1089.067138671875,489642
2015-05-26,1091.956298828125,260620
2015-05-27,1120.236328125,564436
2015-05-28,1154.33740234375,978656
2015-05-29,1105.444580078125,907876
2015-06-01,1115.522705078125,375124
2015-06-02,1089.9796142578125,237394
2015-06-03,1091.0653076171875,370034
2015-06-04,1120.9527587890625,441296
2015-06-05,1177.013427734375,932490
2015-06-08,1148.5595703125,471082
2015-06-09,1128.4246826171875,605606
2015-06-10,1128.316162109375,330546
2015-06-11,1130.618408203125,446172
2015-06-12,1131.8564453125,303638
2015-06-15,1139.52392578125,251662
2015-06-16,1134.528076171875,305576
2015-06-17,1198.2779541015625,790966
2015-06-18,1166.0882568359375,442232
2015-06-19,1175.2760009765625,334980
2015-06-22,1209.2685546875,426056
2015-06-23,1189.72021484375,354754
2015-06-24,1169.7154541015625,306668
2015-06-25,1170.1280517578125,262836
2015-06-26,1191.97900390625,284940
2015-06-29,1173.060546875,242540
2015-06-30,1200.25439453125,444210
2015-07-01,1186.6138916015625,395924
2015-07-02,1192.999755859375,302944
2015-07-03,1203.62109375,315626
2015-07-06,1210.1156005859375,553796
2015-07-07,1210.919189453125,311292
2015-07-08,1212.830810546875,309242
2015-07-09,1226.7318115234375,304796
2015-07-10,1233.3131103515625,289170
2015-07-13,1236.15869140625,209016
2015-07-14,1229.946533203125,189856
2015-07-15,1230.6416015625,139626
2015-07-16,1234.637939453125,212830
2015-07-17,1250.4290771484375,318050
2015-07-20,1251.9276123046875,417282
2015-07-21,1248.9952392578125,453338
2015-07-22,1241.0673828125,347626
2015-07-23,1238.091796875,209390
2015-07-24,1257.6617431640625,299886
2015-07-27,1280.77001953125,494314
2015-07-28,1300.01220703125,472496
2015-07-29,1296.60498046875,256804
2015-07-30,1339.2171630859375,412304
2015-07-31,1377.5919189453125,897048
2015-08-03,1370.2537841796875,370352
2015-08-04,1387.2021484375,1781684
2015-08-05,1378.749755859375,654644
2015-08-06,1371.52001953125,449868
2015-08-07,1399.0185546875,673756
2015-08-10,1447.658935546875,1294372
2015-08-11,1470.7449951171875,888330
2015-08-12,1470.7449951171875,0
2015-08-13,1484.70166015625,720138
2015-08-14,1460.6326904296875,705272
2015-08-17,1439.8834228515625,365490
2015-08-18,1448.72900390625,186526
2015-08-19,1438.7039794921875,206312
2015-08-20,1408.49755859375,276582
2015-08-21,1397.5550537109375,327224
2015-08-24,1311.456787109375,818782
2015-08-25,1300.38330078125,833038
2015-08-26,1258.3609619140625,525866
2015-08-27,1285.2694091796875,659924
2015-08-28,1299.029296875,501436
2015-08-31,1279.8746337890625,247434
2015-09-01,1275.9208984375,438396
2015-09-02,1303.1572265625,434290
2015-09-03,1313.990478515625,560862
2015-09-04,1305.3414306640625,289078
2015-09-07,1265.6558837890625,263132
2015-09-08,1242.0235595703125,396490
2015-09-09,1258.0333251953125,282108
2015-09-10,1251.240478515625,270602
2015-09-11,1290.314453125,325902
2015-09-14,1306.65185546875,327416
2015-09-15,1343.2139892578125,538534
2015-09-16,1315.4755859375,567266
2015-09-18,1309.5567626953125,307558
2015-09-21,1308.552001953125,212300
2015-09-22,1267.0098876953125,465828
2015-09-23,1260.5450439453125,368810
2015-09-24,1261.9427490234375,445430
2015-09-28,1275.9866943359375,253704
2015-09-29,1297.7188720703125,389158
2015-09-30,1346.2935791015625,611132
2015-10-01,1364.1162109375,481470
2015-10-05,1403.8016357421875,642062
2015-10-06,1421.602294921875,379552
2015-10-07,1413.586669921875,339762
2015-10-08,1426.9969482421875,215532
2015-10-09,1408.366455078125,153016
2015-10-12,1384.930908203125,218726
2015-10-13,1360.7308349609375,420724
2015-10-14,1389.714111328125,279654
2015-10-15,1388.5126953125,201796
2015-10-16,1412.254150390625,367838
2015-10-19,1443.2685546875,711934
2015-10-20,1441.5430908203125,423184
2015-10-21,1435.68994140625,355418
2015-10-23,1418.1295166015625,199956
2015-10-26,1399.3240966796875,297962
2015-10-27,1390.93701171875,308446
2015-10-28,1394.80322265625,304410
2015-10-29,1393.5362548828125,370816
2015-10-30,1411.7735595703125,310486
2015-11-02,1391.9637451171875,288336
2015-11-03,1387.94482421875,197504
2015-11-04,1389.6484375,219050
2015-11-05,1388.578369140625,231464
2015-11-06,1367.2613525390625,248556
2015-11-09,1329.9344482421875,601312
2015-11-10,1325.915771484375,301770
2015-11-13,1271.771240234375,548758
2015-11-16,1243.24658203125,685846
2015-11-17,1257.22509765625,362128
2015-11-18,1248.61962890625,315842
2015-11-19,1286.2303466796875,317122
2015-11-20,1296.1243896484375,282258
2015-11-23,1301.8905029296875,161994
2015-11-24,1284.7449951171875,311806
2015-11-26,1267.1629638671875,495604
2015-11-27,1278.9134521484375,202562
2015-11-30,1275.5279541015625,232868
2015-12-01,1298.0025634765625,324792
2015-12-02,1293.0665283203125,107428
2015-12-03,1280.704345703125,143216
2015-12-04,1282.495361328125,149132
2015-12-07,1258.84130859375,218664
2015-12-08,1257.3125,241836
2015-12-09,1221.995361328125,245650
2015-12-10,1252.1363525390625,578630
2015-12-11,1214.72216796875,445344
2015-12-14,1235.3402099609375,301034
2015-12-15,1258.076904296875,228250
2015-12-16,1229.2247314453125,290938
2015-12-17,1271.4874267578125,333382
2015-12-18,1262.55419921875,318944
2015-12-21,1285.5748291015625,211700
2015-12-22,1274.1739501953125,196708
2015-12-23,1265.1534423828125,193708
2015-12-24,1271.4654541015625,163944
2015-12-28,1268.6917724609375,174490
2015-12-29,1300.7764892578125,313522
2015-12-30,1300.033935546875,169640
2015-12-31,1295.7529296875,480318
2016-01-01,1304.5330810546875,129486
2016-01-04,1298.50537109375,253614
2016-01-05,1295.9276123046875,228500
2016-01-06,1311.216796875,267276
2016-01-07,1287.125732421875,298800
2016-01-08,1267.7962646484375,333412
2016-01-11,1275.22216796875,264812
2016-01-12,1282.7794189453125,357368
2016-01-13,1269.0628662109375,509212
2016-01-14,1265.7432861328125,279524
2016-01-15,1248.9473876953125,266612
2016-01-18,1207.951416015625,422410
2016-01-19,1193.8416748046875,296504
2016-01-20,1170.55908203125,547548
2016-01-21,1144.3494873046875,509584
2016-01-22,1142.689697265625,544196
2016-01-25,1136.880126953125,497200
2016-01-27,1157.432373046875,912516
2016-01-28,1166.430908203125,700714
2016-01-29,1174.8182373046875,389020
2016-02-01,1223.3275146484375,696656
2016-02-02,1219.9857177734375,642304
2016-02-03,1235.362060546875,500410
2016-02-04,1247.7022705078125,762508
2016-02-05,1250.4105224609375,518808
2016-02-08,1247.1343994140625,388862
2016-02-09,1215.726806640625,498770
2016-02-10,1189.036865234375,687422
2016-02-11,1150.5960693359375,583352
2016-02-12,1124.8236083984375,713848
2016-02-15,1164.5308837890625,710510
2016-02-16,1147.0577392578125,315378
2016-02-17,1158.5465087890625,254606
2016-02-18,1202.7965087890625,390156
2016-02-19,1190.1287841796875,254268
2016-02-22,1222.8251953125,704004
2016-02-23,1224.0919189453125,331174
2016-02-24,1202.7530517578125,419472
2016-02-25,1173.2890625,442200
2016-02-26,1184.864990234375,431106
2016-02-29,1203.9981689453125,364926
2016-03-01,1241.3245849609375,329542
2016-03-02,1250.5635986328125,320220
2016-03-03,1241.3902587890625,258812
2016-03-04,1247.221923828125,172662
2016-03-08,1231.4307861328125,382152
2016-03-09,1239.620849609375,307366
2016-03-10,1238.2451171875,294114
2016-03-11,1230.1419677734375,143186
2016-03-14,1233.177978515625,224718
2016-03-15,1205.09033203125,153938
2016-03-16,1188.294189453125,479506
2016-03-17,1178.37841796875,268306
2016-03-18,1173.223876953125,241694
2016-03-21,1194.693603515625,198826
2016-03-22,1201.923095703125,241612
2016-03-23,1190.4783935546875,216966
2016-03-28,1146.9267578125,564336
2016-03-29,1128.3836669921875,391994
2016-03-30,1152.56201171875,523354
2016-03-31,1173.5294189453125,692926
2016-04-01,1170.27490234375,353070
2016-04-04,1161.6041259765625,368804
2016-04-05,1153.806884765625,428202
2016-04-06,1182.57177734375,967300
2016-04-07,1179.928955078125,204214
2016-04-08,1173.66064453125,276712
2016-04-11,1160.6212158203125,430044
2016-04-12,1181.938232421875,705890
2016-04-13,1206.1165771484375,520830
2016-04-18,1245.2342529296875,617242
2016-04-20,1242.8970947265625,626888
2016-04-21,1217.8018798828125,355374
2016-04-22,1232.9815673828125,289744
2016-04-25,1230.578857421875,342514
2016-04-26,1239.402587890625,271578
2016-04-27,1249.929931640625,334868
2016-04-28,1234.2701416015625,808750
2016-04-29,1250.4542236328125,282588
2016-05-02,1248.61962890625,148644
2016-05-03,1243.683349609375,439892
2016-05-04,1230.86279296875,228920
2016-05-05,1232.47900390625,113140
2016-05-06,1230.6661376953125,127562
2016-05-09,1229.1156005859375,560452
2016-05-10,1232.23876953125,231398
2016-05-11,1243.8363037109375,196196
2016-05-12,1282.7138671875,519274
2016-05-13,1290.380126953125,539448
2016-05-16,1282.3206787109375,292496
2016-05-17,1312.942138671875,471342
2016-05-18,1298.0682373046875,362640
2016-05-19,1308.705322265625,313492
2016-05-20,1280.2021484375,404474
2016-05-23,1171.7822265625,1521808
2016-05-24,1159.3544921875,1125678
2016-05-25,1201.9013671875,708388
2016-05-26,1198.821533203125,719338
2016-05-27,1187.8572998046875,1026142
2016-05-30,1199.54248046875,221882
2016-05-31,1182.1348876953125,548766
2016-06-01,1207.8641357421875,961922
2016-06-02,1222.8907470703125,372480
2016-06-03,1207.099609375,333634
2016-06-06,1211.68603515625,204054
2016-06-07,1220.9903564453125,803048
2016-06-08,1210.1790771484375,260920
2016-06-09,1206.182373046875,394974
2016-06-10,1192.203857421875,184010
2016-06-13,1169.90380859375,222102
2016-06-14,1171.1923828125,216544
2016-06-15,1171.8258056640625,219818
2016-06-16,1173.7042236328125,201042
2016-06-17,1153.04248046875,570482
2016-06-20,1145.441650390625,361262
2016-06-21,1120.3897705078125,917576
2016-06-22,1141.7288818359375,587516
2016-06-23,1146.8612060546875,326746
2016-06-24,1150.137451171875,295184
2016-06-27,1172.131591796875,340512
2016-06-28,1200.4595947265625,446176
2016-06-29,1210.61572265625,280750
2016-06-30,1205.177490234375,744744
2016-07-01,1226.73486328125,433848
2016-07-04,1240.975341796875,293932
2016-07-05,1238.94384765625,151092
2016-07-07,1227.10595703125,253010
2016-07-08,1225.315185546875,191400
2016-07-11,1248.9910888671875,357570
2016-07-12,1248.095458984375,348976
2016-07-13,1252.638671875,258710
2016-07-14,1249.2093505859375,263182
2016-07-15,1232.1075439453125,201544
2016-07-18,1230.2293701171875,193178
2016-07-19,1205.657958984375,462542
2016-07-20,1227.237060546875,177584
2016-07-21,1229.55224609375,291874
2016-07-22,1245.3436279296875,359138
2016-07-25,1245.125,238944
2016-07-26,1233.5054931640625,285698
2016-07-27,1228.7005615234375,210406
2016-07-28,1251.6336669921875,488140
2016-07-29,1290.5645751953125,431340
2016-08-01,1267.865966796875,342678
2016-08-02,1267.2061767578125,185460
2016-08-03,1245.1011962890625,363710
2016-08-04,1267.27197265625,395460
2016-08-05,1268.9215087890625,246052
2016-08-08,1386.615478515625,3164246
2016-08-09,1376.190185546875,792592
2016-08-10,1365.148681640625,341644
2016-08-11,1423.8966064453125,1526490
2016-08-12,1445.099609375,714062
2016-08-16,1439.3587646484375,338170
2016-08-17,1467.79833984375,524616
2016-08-18,1464.6529541015625,304792
2016-08-19,1473.8466796875,243238
2016-08-22,1482.1168212890625,320086
2016-08-23,1478.6416015625,148404
2016-08-24,1510.13818359375,683696
2016-08-25,1523.9288330078125,742678
2016-08-26,1512.2275390625,287814
2016-08-29,1498.43701171875,147830
2016-08-30,1514.64697265625,149210
2016-08-31,1522.279052734375,289590
2016-09-01,1499.756591796875,177454
2016-09-02,1475.8262939453125,291320
2016-09-06,1520.7615966796875,350724
2016-09-07,1534.772216796875,399164
2016-09-08,1527.3602294921875,215838
2016-09-09,1519.85986328125,153736
2016-09-12,1507.938720703125,235320
2016-09-14,1557.184814453125,437528
2016-09-15,1553.53369140625,306494
2016-09-16,1528.855712890625,312602
2016-09-19,1500.7462158203125,348164
2016-09-20,1500.2625732421875,295488
2016-09-21,1494.8077392578125,363438
2016-09-22,1496.0615234375,499366
2016-09-23,1504.92529296875,325008
2016-09-26,1503.1436767578125,311480
2016-09-27,1509.3902587890625,174648
2016-09-28,1497.4910888671875,252326
2016-09-29,1445.2974853515625,336340
2016-09-30,1479.807373046875,240412
2016-10-03,1533.276611328125,259360
2016-10-04,1528.789794921875,185636
2016-10-05,1522.25732421875,412626
2016-10-06,1525.116455078125,118930
2016-10-07,1489.7708740234375,337560
2016-10-10,1485.4383544921875,109496
2016-10-13,1462.8494873046875,322644
2016-10-14,1465.1807861328125,141352
2016-10-17,1454.46923828125,216882
2016-10-18,1436.081787109375,278538
2016-10-19,1459.08837890625,347492
2016-10-20,1457.438720703125,242764
2016-10-21,1456.3607177734375,127030
2016-10-24,1455.12939453125,146430
2016-10-25,1449.608642578125,182188
2016-10-26,1436.609619140625,175920
2016-10-27,1412.9873046875,434050
2016-10-28,1456.91064453125,215908
2016-11-01,1465.0928955078125,257188
2016-11-02,1452.7977294921875,236004
2016-11-03,1452.3138427734375,258320
2016-11-04,1452.5338134765625,455146
2016-11-07,1452.775634765625,421832
2016-11-08,1423.302734375,906756
2016-11-09,1374.3204345703125,451680
2016-11-10,1409.4901123046875,274548
2016-11-11,1354.5914306640625,432078
2016-11-15,1288.6068115234375,1158490
2016-11-16,1315.726806640625,470298
2016-11-17,1291.1142578125,405504
2016-11-18,1276.8397216796875,581400
2016-11-21,1273.1888427734375,182364
2016-11-22,1278.3572998046875,354476
2016-11-23,1305.4989013671875,258996
2016-11-24,1294.41357421875,310140
2016-11-25,1302.969482421875,175764
2016-11-28,1306.708740234375,178032
2016-11-29,1322.0830078125,208312
2016-11-30,1334.1580810546875,474738
2016-12-01,1321.1591796875,188978
2016-12-02,1309.47998046875,339406
2016-12-05,1348.8946533203125,217160
2016-12-06,1321.64306640625,179314
2016-12-07,1317.3760986328125,235244
2016-12-08,1336.7314453125,169386
2016-12-09,1330.8369140625,635442
2016-12-12,1309.5899658203125,274716
2016-12-13,1292.697998046875,384088
2016-12-14,1294.0174560546875,233774
2016-12-15,1284.5819091796875,216558
2016-12-16,1273.6285400390625,388160
2016-12-19,1275.5198974609375,220010
2016-12-20,1263.4228515625,401088
2016-12-21,1252.6895751953125,401742
2016-12-22,1236.391357421875,185178
2016-12-23,1245.4312744140625,182740
2016-12-26,1234.917724609375,136000
2016-12-27,1243.517822265625,157352
2016-12-28,1249.1263427734375,247108
2016-12-29,1268.28369140625,180286
2016-12-30,1269.66943359375,220668
2017-01-02,1269.7353515625,104490
2017-01-03,1263.4888916015625,255186
2017-01-04,1254.7568359375,273358
2017-01-05,1260.6514892578125,232668
2017-01-06,1273.4744873046875,795436
2017-01-09,1274.772216796875,344356
2017-01-10,1267.2498779296875,546116
2017-01-11,1312.647216796875,691722
2017-01-12,1296.7227783203125,260102
2017-01-13,1293.2918701171875,208658
2017-01-16,1304.619140625,213010
2017-01-17,1325.6461181640625,329502
2017-01-18,1359.9580078125,539226
2017-01-19,1367.1722412109375,515150
2017-01-20,1354.1292724609375,225986
2017-01-23,1360.6397705078125,144082
2017-01-24,1384.944091796875,303692
2017-01-25,1379.0274658203125,190016
2017-01-27,1364.9727783203125,269430
2017-01-30,1383.778076171875,260542
2017-01-31,1377.06982421875,309880
2017-02-01,1422.9508056640625,422574
2017-02-02,1421.3013916015625,461788
2017-02-03,1421.2354736328125,271328
2017-02-06,1445.0555419921875,268304
2017-02-07,1421.1253662109375,227652
2017-02-08,1422.1810302734375,258164
2017-02-09,1419.0797119140625,225518
2017-02-10,1424.974609375,422206
2017-02-13,1439.2049560546875,403908
2017-02-14,1418.4197998046875,376840
2017-02-15,1405.179443359375,272684
2017-02-16,1421.1912841796875,159888
2017-02-17,1428.66943359375,314858
2017-02-20,1432.694580078125,114270
2017-02-21,1424.8424072265625,196132
2017-02-22,1424.6883544921875,230530
2017-02-23,1419.541748046875,420848
2017-02-27,1433.662353515625,261074
2017-02-28,1420.59716796875,191908
2017-03-01,1399.306640625,203810
2017-03-02,1369.8994140625,381920
2017-03-03,1362.245361328125,466084
2017-03-06,1357.5167236328125,319000
2017-03-07,1345.7054443359375,367252
2017-03-08,1357.2525634765625,526952
2017-03-09,1354.26123046875,224428
2017-03-10,1373.5726318359375,274980
2017-03-14,1397.4368896484375,267266
2017-03-15,1403.37548828125,224208
2017-03-16,1418.6839599609375,225374
2017-03-17,1428.5816650390625,176806
2017-03-20,1430.42919921875,110944
2017-03-21,1449.1688232421875,792904
2017-03-22,1462.9814453125,440156
2017-03-23,1449.7843017578125,188328
2017-03-24,1450.8402099609375,141284
2017-03-27,1453.45751953125,154350
2017-03-28,1469.052001953125,201092
2017-03-29,1491.8603515625,304570
2017-03-30,1493.5101318359375,1958514
2017-03-31,1484.206298828125,396946
2017-04-03,1491.992431640625,188616
2017-04-05,1485.0421142578125,391352
2017-04-06,1476.7940673828125,226512
2017-04-07,1476.9261474609375,103408
2017-04-10,1503.0557861328125,136538
2017-04-11,1496.87548828125,187738
2017-04-12,1517.198486328125,334880
2017-04-13,1497.315185546875,121998
2017-04-17,1489.177001953125,91102
2017-04-18,1481.786865234375,226604
2017-04-19,1509.3902587890625,185988
2017-04-20,1486.559814453125,134522
2017-04-21,1485.3280029296875,167550
2017-04-24,1490.430908203125,80630
2017-04-25,1529.7135009765625,274916
2017-04-26,1563.12353515625,625874
2017-04-27,1563.849365234375,352266
2017-04-28,1594.422119140625,329716
2017-05-02,1572.163330078125,187462
2017-05-03,1575.044677734375,214202
2017-05-04,1580.1475830078125,239362
2017-05-05,1552.5440673828125,96248
2017-05-08,1558.5267333984375,72912
2017-05-09,1580.5213623046875,188862
2017-05-10,1632.5831298828125,669364
2017-05-11,1631.28515625,326904
2017-05-12,1629.4818115234375,124618
2017-05-15,1645.8897705078125,236786
2017-05-16,1650.8603515625,219248
2017-05-17,1614.2393798828125,135124
2017-05-18,1564.025390625,142012
2017-05-19,1576.0125732421875,287472
2017-05-22,1598.3372802734375,212636
2017-05-23,1581.0712890625,265432
2017-05-24,1554.2816162109375,199372
2017-05-25,1547.4632568359375,338880
2017-05-26,1502.615966796875,886100
2017-05-29,1503.737548828125,392340
2017-05-30,1506.8388671875,493310
2017-05-31,1553.9954833984375,419000
2017-06-01,1586.2177734375,405616
2017-06-02,1579.927490234375,299542
2017-06-05,1602.670166015625,502604
2017-06-06,1595.6539306640625,272076
2017-06-07,1602.8021240234375,259416
2017-06-08,1600.9105224609375,90782
2017-06-09,1615.7349853515625,290830
2017-06-12,1595.345703125,162416
2017-06-13,1595.1038818359375,106036
2017-06-14,1589.583251953125,100490
2017-06-15,1568.1383056640625,175760
2017-06-16,1569.9637451171875,279670
2017-06-19,1580.2132568359375,117850
2017-06-20,1576.496337890625,181608
2017-06-21,1614.5472412109375,178280
2017-06-22,1601.9881591796875,301570
2017-06-23,1605.3973388671875,203426
2017-06-27,1604.5396728515625,167390
2017-06-28,1599.52490234375,257156
2017-06-29,1599.98681640625,181420
2017-06-30,1623.2352294921875,479702
2017-07-03,1629.2618408203125,148906
2017-07-04,1648.7491455078125,245562
2017-07-05,1642.326416015625,226042
2017-07-06,1641.4248046875,246406
2017-07-07,1624.2469482421875,239420
2017-07-10,1634.6285400390625,34224
2017-07-11,1626.3143310546875,164310
2017-07-12,1628.5579833984375,360402
2017-07-13,1639.753173828125,127802
2017-07-14,1636.058349609375,77932
2017-07-17,1626.6004638671875,108708
2017-07-18,1646.5054931640625,131062
2017-07-19,1674.3289794921875,525198
2017-07-20,1667.6866455078125,415898
2017-07-21,1686.580078125,240816
2017-07-24,1684.556396484375,203984
2017-07-25,1693.81640625,195416
2017-07-26,1693.8603515625,156286
2017-07-27,1704.98974609375,280736
2017-07-28,1728.3265380859375,238964
2017-07-31,1734.940673828125,255936
2017-08-01,1728.70263671875,228940
2017-08-02,1709.5023193359375,321538
2017-08-03,1713.8597412109375,149358
2017-08-04,1733.082275390625,193840
2017-08-07,1817.3165283203125,1782682
2017-08-08,1801.6334228515625,750352
2017-08-09,1795.682861328125,348022
2017-08-10,1822.3602294921875,653174
2017-08-11,1814.7286376953125,297426
2017-08-14,1840.4102783203125,198656
2017-08-16,1902.324951171875,589396
2017-08-17,1880.4482421875,341412
2017-08-18,1880.8685302734375,160612
2017-08-21,1871.2901611328125,192688
2017-08-22,1857.597900390625,212366
2017-08-23,1878.966064453125,237424
2017-08-24,1864.344482421875,246838
2017-08-28,1852.93017578125,300058
2017-08-29,1845.9847412109375,330262
2017-08-30,1876.400146484375,202468
2017-08-31,1871.798828125,269094
2017-09-01,1877.5504150390625,192344
2017-09-04,1866.799560546875,229534
2017-09-05,1884.91650390625,274206
2017-09-06,1879.2755126953125,231278
2017-09-07,1885.1376953125,229848
2017-09-08,1897.1488037109375,278692
2017-09-11,1901.152587890625,142188
2017-09-12,1909.9566650390625,226842
2017-09-13,1915.597412109375,185576
2017-09-14,1920.330810546875,189126
2017-09-15,1927.5643310546875,279594
2017-09-18,1941.4781494140625,435432
2017-09-19,1933.404052734375,217864
2017-09-20,1924.931640625,94136
2017-09-21,1914.7786865234375,160572
2017-09-22,1889.2073974609375,385618
2017-09-25,1893.985595703125,267888
2017-09-26,1913.8497314453125,211236
2017-09-27,1903.1212158203125,315854
2017-09-28,1919.910888671875,352834
2017-09-29,1921.9237060546875,312358
2017-10-03,1920.0654296875,145814
2017-10-04,1920.86181640625,227520
2017-10-05,1930.5059814453125,148214
2017-10-06,1929.710205078125,201946
2017-10-09,1922.0343017578125,368164
2017-10-10,1923.84814453125,174918
2017-10-11,1935.9481201171875,645590
2017-10-12,2010.4935302734375,852122
2017-10-13,2027.194580078125,711828
2017-10-16,2008.5689697265625,222746
2017-10-17,2041.8377685546875,212614
2017-10-18,2073.049560546875,358176
2017-10-19,2047.45654296875,29398
2017-10-23,2059.489990234375,242700
2017-10-24,2046.5052490234375,145054
2017-10-25,2054.645263671875,307034
2017-10-26,2037.1259765625,300778
2017-10-27,2033.896728515625,187416
2017-10-30,2099.615966796875,315004
2017-10-31,2052.544189453125,238030
2017-11-01,2078.09326171875,271256
2017-11-02,2061.015869140625,168102
2017-11-03,2060.772705078125,115566
2017-11-06,2054.1142578125,240006
2017-11-07,2056.7470703125,408354
2017-11-08,2058.738037109375,198650
2017-11-09,2104.947021484375,345826
2017-11-10,2155.846435546875,487212
2017-11-13,2159.960205078125,668372
2017-11-14,2118.396240234375,558680
2017-11-15,2101.3193359375,195022
2017-11-16,2095.546142578125,258546
2017-11-17,2101.45166015625,398036
2017-11-20,2107.27001953125,318362
2017-11-21,2131.02685546875,301546
2017-11-22,2112.556640625,242728
2017-11-23,2115.741943359375,143060
2017-11-24,2097.890869140625,291786
2017-11-27,2122.178955078125,388640
2017-11-28,2121.205810546875,302222
2017-11-29,2128.4833984375,305992
2017-11-30,2130.45166015625,6269128
2017-12-01,2126.18310546875,331530
2017-12-04,2107.2919921875,132580
2017-12-05,2106.67236328125,200320
2017-12-06,2106.052978515625,156706
2017-12-07,2189.889404296875,279804
2017-12-08,2148.2587890625,233564
2017-12-11,2154.164794921875,202690
2017-12-12,2150.13916015625,131964
2017-12-13,2130.1201171875,146554
2017-12-14,2077.031005859375,359052
2017-12-15,2080.90234375,255604
2017-12-18,2079.088623046875,373042
2017-12-19,2104.32763671875,548372
2017-12-20,2099.394775390625,263210
2017-12-21,2093.7763671875,172134
2017-12-22,2099.94775390625,569018
2017-12-26,2099.483642578125,142748
2017-12-27,2094.860107421875,188500
2017-12-28,2064.2900390625,395054
2017-12-29,2083.401611328125,263158
2018-01-01,2096.23193359375,112320
2018-01-02,2059.865966796875,176798
2018-01-03,2070.8818359375,166046
2018-01-04,2046.74853515625,334700
2018-01-05,2054.5791015625,264116
2018-01-08,2076.54443359375,176830
2018-01-09,2053.628173828125,244280
2018-01-10,2068.138916015625,388758
2018-01-11,2088.84326171875,223456
2018-01-12,2082.981201171875,257274
2018-01-15,2088.09130859375,177464
2018-01-16,2069.2890625,336198
2018-01-17,2101.34130859375,205684
2018-01-18,2049.00439453125,355846
2018-01-19,2072.430419921875,131186
2018-01-22,2082.56103515625,161802
2018-01-23,2095.435302734375,200710
2018-01-24,2087.825927734375,160134
2018-01-25,2046.3946533203125,796634
2018-01-29,2075.81494140625,220442
2018-01-30,2081.787109375,258332
2018-01-31,2072.29736328125,143774
2018-02-01,2097.226806640625,297688
2018-02-02,2091.01123046875,374368
2018-02-05,2042.4576416015625,354840
2018-02-06,2004.299560546875,274268
2018-02-07,2013.147705078125,256576
2018-02-08,2047.45654296875,199332
2018-02-09,2053.274169921875,241482
2018-02-12,2111.38427734375,429514
2018-02-14,2107.68994140625,699924
2018-02-15,2103.9736328125,165652
2018-02-16,2115.564697265625,165568
2018-02-19,2094.0419921875,89962
2018-02-20,2094.395751953125,265356
2018-02-21,2110.167724609375,246902
2018-02-22,2148.2587890625,424906
2018-02-23,2195.176025390625,305410
2018-02-26,2196.43701171875,224702
2018-02-27,2190.906494140625,427034
2018-02-28,2209.48779296875,180960
2018-03-01,2187.190185546875,105070
2018-03-05,2168.875,157468
2018-03-06,2134.69921875,156356
2018-03-07,2161.02197265625,253844
2018-03-08,2144.96240234375,268074
2018-03-09,2142.04296875,377004
2018-03-12,2153.10302734375,146012
2018-03-13,2154.496337890625,218066
2018-03-14,2134.0576171875,208792
2018-03-15,2153.74462890625,606398
2018-03-16,2150.360107421875,303842
2018-03-19,2130.4296875,223656
2018-03-20,2134.632568359375,323252
2018-03-21,2138.791259765625,404664
2018-03-22,2140.4501953125,177046
2018-03-23,2141.09130859375,273344
2018-03-26,2149.210205078125,192504
2018-03-27,2196.458740234375,485252
2018-03-28,2199.025146484375,526032
2018-04-02,2259.39111328125,291716
2018-04-03,2256.183837890625,214838
2018-04-04,2222.826171875,268380
2018-04-05,2242.048828125,204054
2018-04-06,2290.890625,272780
2018-04-09,2284.099365234375,125078
2018-04-10,2271.42431640625,148514
2018-04-11,2271.9111328125,87602
2018-04-12,2284.07763671875,223378
2018-04-13,2304.450439453125,293690
2018-04-16,2350.21728515625,191334
2018-04-17,2363.37890625,392794
2018-04-18,2372.028076171875,129790
2018-04-19,2387.135498046875,129052
2018-04-20,2354.64111328125,88072
2018-04-23,2350.52685546875,181690
2018-04-24,2343.5146484375,116198
2018-04-25,2378.06640625,190562
2018-04-26,2377.225830078125,184850
2018-04-27,2415.87060546875,176864
2018-04-30,2439.074462890625,129498
2018-05-02,2400.076171875,144158
2018-05-03,2361.1669921875,152102
2018-05-04,2382.13671875,225300
2018-05-07,2421.1572265625,151632
2018-05-08,2408.76953125,107506
2018-05-09,2389.657470703125,125672
2018-05-10,2382.999267578125,200292
2018-05-11,2423.36962890625,124232
2018-05-14,2417.35205078125,80048
2018-05-15,2413.23779296875,277736
2018-05-16,2451.904541015625,478002
2018-05-17,2422.948974609375,266524
2018-05-18,2476.170166015625,306418
2018-05-21,2442.790771484375,222480
2018-05-22,2479.422119140625,223362
2018-05-23,2528.661865234375,389010
2018-05-24,2529.76806640625,263790
2018-05-25,2578.12255859375,234922
2018-05-28,2584.95849609375,136482
2018-05-29,2568.212890625,169824
2018-05-30,2561.466552734375,220698
2018-05-31,2620.79296875,620770
2018-06-01,2571.46484375,244766
2018-06-04,2551.003173828125,234986
2018-06-05,2571.1767578125,146208
2018-06-06,2599.999755859375,137324
2018-06-07,2651.473876953125,244240
2018-06-08,2618.005859375,176896
2018-06-11,2614.820556640625,138474
2018-06-12,2630.8134765625,90798
2018-06-13,2662.025146484375,198276
2018-06-14,2655.212158203125,153536
2018-06-15,2714.87060546875,358540
2018-06-18,2687.176025390625,234716
2018-06-19,2644.06298828125,190784
2018-06-20,2652.46923828125,259288
2018-06-21,2637.936279296875,151972
2018-06-22,2636.49853515625,184020
2018-06-25,2644.439453125,129686
2018-06-26,2676.6025390625,225122
2018-06-27,2693.1923828125,273890
2018-06-28,2711.751220703125,256268
2018-06-29,2749.002197265625,315222
2018-07-02,2757.496337890625,160600
2018-07-03,2750.240966796875,187682
2018-07-04,2787.048828125,197908
2018-07-05,2790.38916015625,144032
2018-07-06,2791.53955078125,234676
2018-07-09,2823.813232421875,123170
2018-07-10,2826.843505859375,183948
2018-07-11,2812.708740234375,294276
2018-07-12,2833.89990234375,287710
2018-07-13,2864.62548828125,220690
2018-07-16,2890.107666015625,172274
2018-07-17,2843.30126953125,217354
2018-07-18,2816.27001953125,214518
2018-07-19,2819.1455078125,197248
2018-07-20,2812.8857421875,193864
2018-07-23,2847.3046875,169912
2018-07-24,2860.798095703125,158028
2018-07-25,2850.8662109375,108572
2018-07-26,2853.653564453125,215952
2018-07-27,2835.84375,139908
2018-07-30,2811.971923828125,387246
2018-07-31,2905.572265625,344678
2018-08-01,2882.322021484375,307076
2018-08-02,2867.909912109375,232300
2018-08-03,2839.175048828125,344500
2018-08-06,2809.862548828125,1199318
2018-08-07,2753.768798828125,699322
2018-08-08,2798.6259765625,383192
2018-08-09,2813.726806640625,261426
2018-08-10,2817.434814453125,218272
2018-08-13,2856.029541015625,324370
2018-08-14,2868.8427734375,336188
2018-08-16,2884.23193359375,295894
2018-08-17,2944.522216796875,403128
2018-08-20,3007.36572265625,289424
2018-08-21,3045.583251953125,440782
2018-08-23,3064.54736328125,325100
2018-08-24,3008.27685546875,275836
2018-08-27,3022.2666015625,130788
2018-08-28,3040.3427734375,155306
2018-08-29,2991.554931640625,189950
2018-08-30,2971.2138671875,300922
2018-08-31,2991.97705078125,219378
2018-09-03,2916.075439453125,170104
2018-09-04,2817.56787109375,408846
2018-09-05,2746.929931640625,746628
2018-09-06,2751.126708984375,365564
2018-09-07,2766.51611328125,173558
2018-09-10,2706.513916015625,171172
2018-09-11,2638.14013671875,424094
2018-09-12,2671.650146484375,439116
2018-09-14,2714.641357421875,522686
2018-09-17,2674.426025390625,295048
2018-09-18,2694.256103515625,475678
2018-09-19,2646.95654296875,266474
2018-09-21,2571.832275390625,741492
2018-09-24,2488.003173828125,391462
2018-09-25,2564.32666015625,468202
2018-09-26,2523.489013671875,381034
2018-09-27,2531.438720703125,464964
2018-09-28,2586.377685546875,886018
2018-10-01,2595.2822265625,345992
2018-10-03,2549.0263671875,267012
2018-10-04,2498.373291015625,637498
2018-10-05,2419.473876953125,518324
2018-10-08,2462.021728515625,459540
2018-10-09,2447.698486328125,638166
2018-10-10,2535.302490234375,274440
2018-10-11,2473.88037109375,274782
2018-10-12,2557.065185546875,435472
2018-10-15,2518.914306640625,388950
2018-10-16,2531.749755859375,196318
2018-10-17,2460.933837890625,378956
2018-10-19,2470.904296875,341554
2018-10-22,2478.298583984375,190686
2018-10-23,2435.84033203125,384402
2018-10-24,2380.591064453125,484590
2018-10-25,2358.0068359375,496216
2018-10-26,2362.980712890625,267434
2018-10-29,2397.511962890625,188156
2018-10-30,2419.562744140625,269272
2018-10-31,2506.700927734375,424200
2018-11-01,2479.5869140625,251860
2018-11-02,2487.55908203125,253576
2018-11-05,2537.96728515625,183000
2018-11-06,2540.96533203125,230172
2018-11-07,2540.96533203125,0
2018-11-09,2552.157470703125,442248
2018-11-12,2557.087158203125,697690
2018-11-13,2581.513916015625,361806
2018-11-14,2562.94970703125,309186
2018-11-15,2584.00146484375,122506
2018-11-16,2641.515869140625,451886
2018-11-19,2660.12451171875,368136
2018-11-20,2615.334716796875,216502
2018-11-21,2666.8310546875,395944
2018-11-22,2668.630126953125,349046
2018-11-26,2668.341064453125,348208
2018-11-27,2680.33251953125,430868
2018-11-28,2647.77783203125,248828
2018-11-29,2693.5009765625,414182
2018-11-30,2815.547607421875,954568
2018-12-03,2748.706298828125,311813
2018-12-04,2747.46240234375,329006
2018-12-05,2747.37353515625,205221
2018-12-06,2652.64111328125,302116
2018-12-07,2669.518310546875,155500
2018-12-10,2647.578369140625,197626
2018-12-11,2662.27880859375,198219
2018-12-12,2714.9521484375,261560
2018-12-13,2791.9638671875,401085
2018-12-14,2785.3466796875,187229
2018-12-17,2809.729248046875,228526
2018-12-18,2814.61474609375,230834
2018-12-19,2868.04296875,425672
2018-12-20,2816.5244140625,205790
2018-12-21,2771.17919921875,359201
2018-12-24,2754.080078125,245822
2018-12-26,2743.776611328125,159442
2018-12-27,2731.740478515625,240314
2018-12-28,2752.259033203125,169577
2018-12-31,2767.270263671875,184698
2019-01-01,2756.30078125,140863
2019-01-02,2768.55859375,152324
2019-01-03,2785.479736328125,311498
2019-01-04,2773.7548828125,170818
2019-01-07,2792.496826171875,152966
2019-01-08,2744.309326171875,217274
2019-01-09,2747.062744140625,257227
2019-01-10,2743.776611328125,229690
2019-01-11,2750.793701171875,353709
2019-01-14,2765.716064453125,154975
2019-01-15,2828.115966796875,278642
2019-01-16,2820.87646484375,182044
2019-01-17,2848.7236328125,154540
2019-01-18,2816.968505859375,161433
2019-01-21,2796.582275390625,174710
2019-01-22,2801.24609375,156085
2019-01-23,2845.8369140625,286992
2019-01-24,2857.384033203125,148520
2019-01-25,2848.323974609375,325166
2019-01-28,2845.4814453125,216799
2019-01-29,2824.696533203125,179979
2019-01-30,2850.23388671875,116521
2019-01-31,2840.3740234375,255273
2019-02-01,2887.7177734375,387188
2019-02-04,2901.041748046875,140277
2019-02-05,2813.14892578125,503959
2019-02-06,2825.8955078125,313476
2019-02-07,2854.941650390625,374133
2019-02-08,2762.4736328125,640983
2019-02-11,2760.2978515625,265355
2019-02-12,2672.40478515625,515301
2019-02-14,2597.79150390625,288540
2019-02-15,2538.94482421875,374811
2019-02-18,2586.332763671875,700981
2019-02-19,2552.4462890625,484180
2019-02-20,2595.748779296875,271061
2019-02-21,2666.1875,724297
2019-02-22,2676.1357421875,313430
2019-02-25,2707.580322265625,336072
2019-02-26,2730.052978515625,568492
2019-02-27,2716.818115234375,393442
2019-02-28,2715.307373046875,447041
2019-03-01,2733.384033203125,217420
2019-03-05,2725.9228515625,246280
2019-03-06,2688.615478515625,383038
2019-03-07,2703.716064453125,254411
2019-03-08,2728.009765625,190651
2019-03-11,2783.303466796875,336189
2019-03-12,2784.813720703125,413123
2019-03-13,2777.52978515625,298030
2019-03-14,2797.47119140625,293230
2019-03-15,2723.879150390625,403251
2019-03-18,2774.332275390625,238905
2019-03-19,2776.15283203125,184380
2019-03-20,2743.021484375,257001
2019-03-22,2752.34814453125,197654
2019-03-25,2745.37548828125,224948
2019-03-26,2752.836181640625,340645
2019-03-27,2750.837890625,360838
2019-03-28,2750.52685546875,3470524
2019-04-01,2709.045654296875,497409
2019-04-02,2659.61376953125,378147
2019-04-03,2655.972412109375,439719
2019-04-04,2701.894775390625,464430
2019-04-05,2659.480712890625,387504
2019-04-08,2639.45068359375,293053
2019-04-09,2631.811279296875,350181
2019-04-10,2628.169921875,377556
2019-04-11,2616.8447265625,276801
2019-04-12,2650.8203125,261483
2019-04-15,2663.389404296875,221766
2019-04-16,2682.97509765625,258557
2019-04-18,2662.767578125,155314
2019-04-22,2664.89892578125,150447
2019-04-23,2656.771728515625,138140
2019-04-24,2645.401611328125,222279
2019-04-25,2637.4521484375,163138
2019-04-26,2636.075439453125,121340
2019-04-30,2572.43212890625,458803
2019-05-02,2472.05908203125,1439763
2019-05-03,2394.869140625,1857697
2019-05-06,2368.089111328125,764919
2019-05-07,2354.365234375,1182277
2019-05-08,2353.4326171875,723429
2019-05-09,2373.773193359375,457843
2019-05-10,2388.118896484375,471289
2019-05-13,2377.459716796875,332869
2019-05-14,2396.15771484375,403041
2019-05-15,2387.408447265625,322361
2019-05-16,2412.678955078125,307180
2019-05-17,2468.68359375,533790
2019-05-20,2488.180908203125,442704
2019-05-21,2530.372802734375,490607
2019-05-22,2533.88134765625,393507
2019-05-23,2521.490478515625,262582
2019-05-24,2532.460693359375,227827
2019-05-27,2572.875732421875,267259
2019-05-28,2564.39306640625,441693
2019-05-29,2591.040771484375,248043
2019-05-30,2564.525634765625,225789
2019-05-31,2595.437744140625,577546
2019-06-03,2638.2958984375,535064
2019-06-04,2631.9892578125,211082
2019-06-06,2577.14013671875,333116
2019-06-07,2575.318603515625,285268
2019-06-10,2659.70263671875,477974
2019-06-11,2647.26708984375,282227
2019-06-12,2662.01220703125,203661
2019-06-13,2651.04248046875,213532
2019-06-14,2632.8779296875,117529
2019-06-17,2575.229736328125,234062
2019-06-18,2546.85009765625,302729
2019-06-19,2554.35595703125,258721
2019-06-20,2517.360107421875,425859
2019-06-21,2510.8310546875,363700
2019-06-24,2469.7939453125,369267
2019-06-25,2493.95458984375,304799
2019-06-26,2427.512939453125,1387720
2019-06-27,2421.294921875,964520
2019-06-28,2437.106689453125,363938
2019-07-01,2431.643310546875,282998
2019-07-02,2459.80126953125,242283
2019-07-03,2482.406982421875,454114
2019-07-04,2523.843994140625,346395
2019-07-05,2509.188232421875,361520
2019-07-08,2470.37109375,302972
2019-07-09,2453.9384765625,314268
2019-07-10,2460.067138671875,356987
2019-07-11,2456.1591796875,206136
2019-07-12,2469.8828125,186082
2019-07-15,2463.6650390625,150530
2019-07-16,2440.170654296875,221663
2019-07-17,2485.160888671875,306989
2019-07-18,2505.635009765625,477907
2019-07-19,2441.947021484375,403725
2019-07-22,2428.934326171875,209576
2019-07-23,2425.114501953125,242451
2019-07-24,2346.2822265625,525583
2019-07-25,2373.018798828125,771878
2019-07-26,2370.2646484375,393941
2019-07-29,2373.6845703125,245049
2019-07-30,2324.608642578125,354859
2019-07-31,2313.905029296875,487675
2019-08-01,2323.642822265625,332895
2019-08-02,2317.8359375,347132
2019-08-05,2303.4970703125,211393
2019-08-06,2278.66064453125,404564
2019-08-07,2269.726806640625,308676
2019-08-08,2302.826904296875,286738
2019-08-09,2312.252197265625,1430286
2019-08-13,2244.130615234375,731080
2019-08-14,2214.6484375,466208
2019-08-16,2233.007568359375,734216
2019-08-19,2214.201904296875,586547
2019-08-20,2138.351806640625,1174827
2019-08-21,2130.311279296875,1700962
2019-08-22,2180.564697265625,1252406
2019-08-23,2203.703857421875,629497
2019-08-26,2263.74072265625,748623
2019-08-27,2399.58203125,2211174
2019-08-28,2414.948974609375,1149926
2019-08-29,2391.4970703125,535368
2019-08-30,2413.65283203125,507782
2019-09-03,2419.192626953125,716548
2019-09-04,2354.510009765625,752108
2019-09-05,2393.104736328125,931162
2019-09-06,2383.59033203125,478053
2019-09-09,2396.723388671875,298664
2019-09-11,2382.16064453125,334013
2019-09-12,2391.630859375,310751
2019-09-13,2389.48681640625,245991
2019-09-16,2425.625,428246
2019-09-17,2405.43408203125,604927
2019-09-18,2335.212890625,832018
2019-09-19,2342.3154296875,499689
2019-09-20,2561.376953125,1324910
2019-09-23,2728.1298828125,1743589
2019-09-24,2751.849365234375,809417
2019-09-25,2712.361572265625,582998
2019-09-26,2763.106689453125,514054
2019-09-27,2693.689697265625,432428
2019-09-30,2630.302490234375,553451
2019-10-01,2608.3251953125,474514
2019-10-03,2593.49462890625,285265
2019-10-04,2541.85595703125,313496
2019-10-07,2638.521728515625,969709
2019-10-09,2732.462646484375,1037068
2019-10-10,2713.925048828125,422209
2019-10-11,2753.4130859375,510119
2019-10-14,2778.16015625,350920
2019-10-15,2841.99365234375,583008
2019-10-16,2838.107421875,271629
2019-10-17,2901.6279296875,673820
2019-10-18,2905.6484375,230815
2019-10-22,2901.806884765625,435837
2019-10-23,2943.483642578125,591914
2019-10-24,2933.745849609375,401741
2019-10-25,2918.826171875,213353
2019-10-27,2911.678955078125,39581
2019-10-29,2995.1220703125,458464
2019-10-30,2939.374267578125,496662
2019-10-31,2918.379638671875,488894
2019-11-01,2920.12158203125,320106
2019-11-04,2894.480712890625,283144
2019-11-05,2887.244384765625,330794
2019-11-06,2883.76025390625,347320
2019-11-07,2880.14208984375,288996
2019-11-08,2821.35595703125,376182
2019-11-11,2787.0048828125,464906
2019-11-13,2921.193603515625,1853222
2019-11-14,2886.3955078125,515326
2019-11-15,2854.9033203125,261412
2019-11-18,2806.07861328125,429862
2019-11-19,2787.7197265625,261351
2019-11-20,2784.1015625,504339
2019-11-21,2745.104248046875,295648
2019-11-22,2700.434326171875,349622
2019-11-25,2716.470947265625,437144
2019-11-26,2729.559326171875,620959
2019-11-27,2761.587646484375,235618
2019-11-28,2767.975830078125,234706
2019-11-29,2731.748046875,221117
2019-12-02,2748.99072265625,387666
2019-12-03,2723.350341796875,522267
2019-12-04,2724.198974609375,263755
2019-12-05,2754.261962890625,278358
2019-12-06,2742.379638671875,206989
2019-12-09,2732.37353515625,206624
2019-12-10,2733.22265625,185130
2019-12-11,2716.82861328125,315341
2019-12-12,2745.90869140625,254614
2019-12-13,2728.7998046875,249099
2019-12-16,2725.67333984375,369764
2019-12-17,2744.479248046875,212811
2019-12-18,2768.824462890625,405982
2019-12-19,2780.93017578125,259885
2019-12-20,2789.416748046875,766343
2019-12-23,2762.213134765625,259919
2019-12-24,2761.54296875,166800
2019-12-26,2735.85791015625,189043
2019-12-27,2717.81103515625,407653
2019-12-30,2722.50146484375,182858
2019-12-31,2705.03564453125,190885
2020-01-01,2715.6220703125,110561
2020-01-02,2727.906494140625,138428
2020-01-03,2714.863037109375,168305
2020-01-06,2699.8984375,181158
2020-01-07,2712.8974609375,159307
2020-01-08,2701.283203125,194024
2020-01-09,2681.181640625,434270
2020-01-10,2671.041748046875,526254
2020-01-13,2720.4912109375,420792
2020-01-14,2774.139892578125,653300
2020-01-15,2782.22509765625,438959
2020-01-16,2814.43212890625,768872
2020-01-17,2791.38232421875,294064
2020-01-20,2778.874755859375,203111
2020-01-21,2779.589599609375,220943
2020-01-22,2775.211669921875,248578
2020-01-23,2781.108642578125,203032
2020-01-24,2852.17822265625,580192
2020-01-27,2835.8291015625,322446
2020-01-28,2842.12744140625,292577
2020-01-29,2871.565185546875,434882
2020-01-30,2868.43798828125,337850
2020-01-31,2859.50439453125,468850
2020-02-03,2885.7255859375,657504
2020-02-04,2887.9140625,511585
2020-02-05,2908.86474609375,423733
2020-02-06,2905.514404296875,410631
2020-02-07,2904.79931640625,450061
2020-02-10,2819.212158203125,969115
2020-02-11,2800.5400390625,507516
2020-02-12,2802.416015625,669153
2020-02-13,2800.986328125,319421
2020-02-14,2766.5458984375,270506
2020-02-17,2755.334228515625,224912
2020-02-18,2739.5654296875,453173
2020-02-19,2753.680908203125,462922
2020-02-20,2733.266845703125,270720
2020-02-24,2712.539794921875,427352
2020-02-25,2710.1728515625,350415
2020-02-26,2717.14111328125,366302
2020-02-27,2703.47216796875,652385
2020-02-28,2653.57568359375,619510
2020-03-02,2634.72509765625,348147
2020-03-03,2703.8740234375,399770
2020-03-04,2736.5283203125,368498
2020-03-05,2793.79443359375,720100
2020-03-06,2752.921875,593374
2020-03-09,2677.072265625,607257
2020-03-11,2723.350341796875,534597
2020-03-12,2511.033203125,774263
2020-03-13,2468.99951171875,1108162
2020-03-16,2420.2197265625,791034
2020-03-17,2399.671630859375,567266
2020-03-18,2235.240966796875,649481
2020-03-19,2071.034423828125,786857
2020-03-20,2204.731689453125,742455
2020-03-23,1909.9544677734375,613493
2020-03-24,2112.6220703125,929170
2020-03-25,2190.07958984375,1249005
2020-03-26,2312.5205078125,944116
2020-03-27,2259.631103515625,472582
2020-03-30,2210.047119140625,701815
2020-03-31,2402.306884765625,734769
2020-04-01,2291.436279296875,1167150
2020-04-03,2290.0068359375,726903
2020-04-07,2532.34130859375,1062855
2020-04-08,2479.675537109375,1037961
2020-04-09,2503.03759765625,893108
2020-04-13,2417.67333984375,501533
2020-04-15,2534.887939453125,1011691
2020-04-16,2534.396240234375,675907
2020-04-17,2530.24169921875,705271
2020-04-20,2531.00146484375,667917
2020-04-21,2558.026611328125,1129799
2020-04-22,2637.896484375,737395
2020-04-23,2633.205810546875,3426363
2020-04-24,2735.723876953125,2613797
2020-04-27,2896.4462890625,1993378
2020-04-28,2853.473876953125,1379063
2020-04-29,2851.531494140625,1177520
2020-04-30,2859.6162109375,1021592
2020-05-04,2793.856201171875,591353
2020-05-05,2690.699462890625,905266
2020-05-06,2698.7841796875,995972
2020-05-07,2633.43017578125,994651
2020-05-08,2705.061767578125,1102857
2020-05-11,2758.627197265625,1095855
2020-05-12,2806.818603515625,1329390
2020-05-13,2781.751953125,850975
2020-05-14,2817.115966796875,777257
2020-05-15,2823.394287109375,870248
2020-05-18,2808.850830078125,730350
2020-05-19,2803.837646484375,537217
2020-05-20,2825.38134765625,439150
2020-05-21,2810.115478515625,574325
2020-05-22,2860.8359375,630580
2020-05-26,2857.89990234375,718134
2020-05-27,2908.89111328125,739328
2020-05-28,3001.885498046875,1453514
2020-05-29,3052.109130859375,1658714
2020-06-01,3102.69384765625,883460
2020-06-02,3117.281982421875,786444
2020-06-03,3170.84765625,3415126
2020-06-04,3116.69482421875,1309771
2020-06-05,3131.46337890625,1200548
2020-06-08,3095.422119140625,768759
2020-06-09,3085.3955078125,567611
2020-06-10,3050.438232421875,628261
2020-06-11,3044.430908203125,673105
2020-06-12,3040.547119140625,1373475
2020-06-15,3032.552734375,609721
2020-06-16,3021.848876953125,701355
2020-06-17,3072.523681640625,1100079
2020-06-18,3075.052978515625,898020
2020-06-19,3106.0361328125,782740
2020-06-22,3090.36376953125,735172
2020-06-23,3131.7802734375,765553
2020-06-24,3113.126953125,573266
2020-06-25,3116.73974609375,546489
2020-06-26,3122.16015625,448352
2020-06-29,3178.93212890625,940186
2020-06-30,3255.306396484375,1236537
2020-07-01,3203.05029296875,586225
2020-07-02,3193.249267578125,422319
2020-07-03,3196.18505859375,323231
2020-07-06,3273.958984375,538078
2020-07-07,3322.737060546875,664348
2020-07-08,3328.653564453125,531417
2020-07-09,3318.35595703125,397351
2020-07-10,3366.276123046875,706136
2020-07-13,3429.642578125,1108644
2020-07-14,3374.04443359375,399210
2020-07-15,3363.205078125,506574
2020-07-16,3481.988525390625,987220
2020-07-17,3418.983642578125,4503046
2020-07-20,3597.520751953125,3785159
2020-07-21,3505.157958984375,1880670
2020-07-22,3437.094482421875,1019300
2020-07-23,3457.46435546875,791770
2020-07-24,3449.198974609375,665233
2020-07-27,3412.073486328125,523512
2020-07-28,3409.724853515625,599914
2020-07-29,3427.745849609375,785425
2020-07-30,3437.907470703125,855542
2020-07-31,3453.8505859375,681895
2020-08-03,3411.034423828125,369180
2020-08-04,3448.431396484375,642559
2020-08-05,3477.65283203125,569216
2020-08-06,3484.608154296875,786063
2020-08-07,3554.297607421875,1061884
2020-08-10,3561.524169921875,826722
2020-08-11,3504.390380859375,422055
2020-08-12,3441.34033203125,619436
2020-08-13,3439.985107421875,513264
2020-08-14,3433.752685546875,537499
2020-08-17,3494.544677734375,987819
2020-08-18,3535.7802734375,768897
2020-08-19,3500.64111328125,505661
2020-08-20,3494.04736328125,523854
2020-08-21,3507.28076171875,401007
2020-08-24,3530.405517578125,444407
2020-08-25,3520.017578125,358587
2020-08-26,3534.23095703125,608530
2020-08-27,3522.555419921875,385945
2020-08-28,3501.558349609375,512488
2020-08-31,3438.98193359375,600226
2020-09-01,3480.468994140625,387446
2020-09-02,3506.495849609375,305952
2020-09-03,3458.17919921875,414160
2020-09-04,3420.33837890625,759852
2020-09-07,3437.1357421875,437318
2020-09-08,3444.1044921875,379275
2020-09-09,3450.288330078125,332884
2020-09-10,3432.70556640625,357927
2020-09-11,3481.622314453125,829715
2020-09-14,3432.936279296875,397741
2020-09-15,3446.412109375,366110
2020-09-16,3548.30615234375,917526
2020-09-17,3521.678955078125,741010
2020-09-18,3504.92724609375,947698
2020-09-21,3349.68603515625,604282
2020-09-22,3311.56787109375,670648
2020-09-23,3345.625,405856
2020-09-24,3334.4111328125,517316
2020-09-25,3402.386474609375,507368
2020-09-28,3449.411376953125,390640
2020-09-29,3448.949951171875,449330
2020-09-30,3505.52685546875,535771
2020-10-01,3515.172119140625,336322
2020-10-05,3535.33837890625,460889
2020-10-06,3475.715576171875,666856
2020-10-07,3494.26708984375,590795
2020-10-08,3502.343017578125,371495
2020-10-09,3456.564453125,347685
2020-10-12,3444.011962890625,286506
2020-10-13,3457.071533203125,368886
2020-10-14,3497.820068359375,545911
2020-10-15,3443.55078125,526411
2020-10-16,3458.50244140625,263967
2020-10-19,3481.806884765625,473267
2020-10-20,3279.40283203125,3187477
2020-10-21,3135.513671875,3538724
2020-10-22,3191.906494140625,2266246
2020-10-23,3202.42822265625,1022334
2020-10-26,3216.8720703125,893740
2020-10-27,3297.03125,1753963
2020-10-28,3268.83447265625,667035
2020-10-29,3260.481689453125,654253
2020-10-30,3205.658935546875,475859
2020-11-02,3156.7880859375,764391
2020-11-03,3141.420654296875,623300
2020-11-04,3203.30517578125,714800
2020-11-05,3229.6552734375,999876
2020-11-06,3242.853515625,582470
2020-11-09,3274.926513671875,566460
2020-11-10,3238.054443359375,976298
2020-11-11,3223.65625,1141508
2020-11-12,3244.468994140625,615256
2020-11-13,3243.683837890625,473523
2020-11-14,3255.59033203125,56492
2020-11-17,3239.392822265625,694643
2020-11-18,3230.6708984375,914389
2020-11-19,3240.8232421875,739067
2020-11-20,3278.43359375,1197247
2020-11-23,3283.3251953125,952758
2020-11-24,3287.801513671875,752974
2020-11-25,3281.8486328125,385590
2020-11-26,3275.341552734375,741800
2020-11-27,3357.669677734375,5383773
2020-12-01,3349.732177734375,1042234
2020-12-02,3319.874267578125,680870
2020-12-03,3355.823486328125,450558
2020-12-04,3367.129638671875,482933
2020-12-07,3349.36279296875,492080
2020-12-08,3364.54541015625,413743
2020-12-09,3347.6552734375,434686
2020-12-10,3451.62646484375,1443681
2020-12-11,3445.165771484375,695958
2020-12-14,3485.960205078125,685712
2020-12-15,3475.438720703125,648902
2020-12-16,3463.48681640625,466183
2020-12-17,3442.396728515625,488772
2020-12-18,3433.859130859375,1043126
2020-12-21,3344.84033203125,670146
2020-12-22,3350.70068359375,662139
2020-12-23,3346.040283203125,451656
2020-12-24,3339.4873046875,579767
2020-12-28,3325.91943359375,463358
2020-12-29,3316.45947265625,414932
2020-12-30,3307.78369140625,407808
2020-12-31,3300.815673828125,459383
2021-01-01,3292.924072265625,453083
2021-01-04,3279.172119140625,698402
2021-01-05,3277.510986328125,725278
2021-01-06,3266.98876953125,1099588
2021-01-07,3279.079833984375,621487
2021-01-08,3299.7998046875,961239
2021-01-11,3334.50341796875,1043630
2021-01-12,3351.8544921875,893653
2021-01-13,3342.163818359375,798273
2021-01-14,3383.051025390625,1192074
2021-01-15,3330.995849609375,597621
2021-01-18,3329.888427734375,826497
2021-01-19,3323.797119140625,594091
2021-01-20,3315.536376953125,607449
2021-01-21,3351.0703125,834432
2021-01-22,3330.02685546875,791205
2021-01-25,3335.149169921875,467367
2021-01-27,3332.56494140625,646880
2021-01-28,3326.104248046875,643832
2021-01-29,3231.36279296875,733173
2021-02-01,3249.4990234375,544282
2021-02-02,3231.501708984375,869950
2021-02-03,3245.576416015625,786972
2021-02-04,3304.183837890625,958717
2021-02-05,3268.788818359375,1159183
2021-02-08,3206.07373046875,2388271
2021-02-09,3195.64404296875,951124
2021-02-10,3160.987548828125,893690
2021-02-11,3195.967529296875,873772
2021-02-12,3157.664794921875,618874
2021-02-15,3153.7421875,513578
2021-02-16,3128.314453125,693631
2021-02-17,3104.825439453125,866571
2021-02-18,3100.626220703125,616156
2021-02-19,3074.552490234375,765676
2021-02-22,3083.7822265625,666371
2021-02-23,3078.9365234375,484686
2021-02-24,3143.174560546875,512568
2021-02-25,3142.66650390625,586357
2021-02-26,3104.5947265625,748717
2021-03-01,3148.942626953125,377869
2021-03-02,3182.307861328125,383968
2021-03-03,3212.949951171875,409493
2021-03-04,3232.10107421875,537283
2021-03-05,3222.733154296875,612423
2021-03-08,3196.3828125,463984
2021-03-09,3162.7412109375,589556
2021-03-10,3212.21142578125,270942
2021-03-12,3169.663330078125,344205
2021-03-15,3184.56884765625,311078
2021-03-16,3220.28759765625,383099
2021-03-17,3200.720458984375,378136
2021-03-18,3174.647216796875,430166
2021-03-19,3199.52099609375,1312375
2021-03-22,3289.78564453125,820046
2021-03-23,3293.477783203125,461046
2021-03-24,3265.189208984375,480657
2021-03-25,3178.523681640625,486516
2021-03-26,3234.593505859375,273033
2021-03-30,3337.41064453125,567450
2021-03-31,3345.763427734375,441583
2021-04-01,3339.7177734375,460658
2021-04-05,3415.261962890625,807938
2021-04-06,3443.181640625,462351
2021-04-07,3515.1259765625,633677
2021-04-08,3580.989501953125,613388
2021-04-09,3563.1162109375,526934
2021-04-12,3577.236572265625,1108910
2021-04-13,3514.609619140625,411660
2021-04-15,3464.60205078125,494464
2021-04-16,3468.167236328125,251741
2021-04-19,3511.607421875,560398
2021-04-20,3499.504150390625,331477
2021-04-22,3520.2392578125,424370
2021-04-23,3424.8212890625,491834
2021-04-26,3320.583984375,1031406
2021-04-27,3322.4599609375,813608
2021-04-28,3263.86767578125,1498181
2021-04-29,3254.626220703125,611087
2021-04-30,3235.955322265625,436187
2021-05-03,3226.8076171875,570022
2021-05-04,3223.61767578125,337838
2021-05-05,3238.39501953125,234116
2021-05-06,3238.817138671875,384450
2021-05-07,3247.44873046875,189156
2021-05-10,3202.929931640625,694001
2021-05-11,3207.24560546875,455412
2021-05-12,3227.089111328125,252497
2021-05-14,3285.165771484375,677498
2021-05-17,3290.607177734375,338003
2021-05-18,3307.68310546875,474368
2021-05-19,3316.080322265625,688416
2021-05-20,3211.13916015625,1046540
2021-05-21,3223.52392578125,521688
2021-05-24,3170.373291015625,1643611
2021-05-25,3239.02392578125,1318946
2021-05-26,3216.893798828125,373186
2021-05-27,3215.62255859375,444547
2021-05-28,3223.90966796875,249529
2021-05-31,3246.887451171875,352802
2021-06-01,3245.851318359375,236580
2021-06-02,3272.6904296875,420074
2021-06-03,3292.466064453125,380896
2021-06-04,3285.92138671875,312826
2021-06-07,3336.11474609375,357312
2021-06-08,3391.817138671875,787313
2021-06-09,3366.343505859375,546202
2021-06-10,3367.8505859375,355092
2021-06-11,3350.52294921875,301375
2021-06-14,3381.9287109375,312420
2021-06-15,3420.162841796875,451019
2021-06-16,3427.31982421875,232534
2021-06-17,3444.9296875,300185
2021-06-18,3408.249755859375,731807
2021-06-21,3436.171875,231475
2021-06-22,3438.101806640625,235555
2021-06-23,3446.012939453125,378997
2021-06-24,3474.07568359375,385390
2021-06-25,3456.135986328125,176772
2021-06-28,3453.499267578125,181793
2021-06-29,3443.98779296875,357263
2021-06-30,3436.925048828125,428387
2021-07-01,3386.213623046875,612678
2021-07-02,3338.657470703125,292855
2021-07-05,3318.175048828125,519061
2021-07-06,3313.89013671875,282115
2021-07-07,3316.103271484375,524482
2021-07-08,3287.898681640625,627227
2021-07-09,3273.349365234375,595359
2021-07-12,3268.123046875,146119
2021-07-13,3282.3427734375,182918
2021-07-14,3282.578369140625,458955
2021-07-15,3259.129638671875,264604
2021-07-16,3240.436767578125,399006
2021-07-19,3249.052978515625,226731
2021-07-20,3233.4208984375,152954
2021-07-22,3225.65185546875,389457
2021-07-23,3239.306640625,247778
2021-07-26,3279.046875,433827
2021-07-27,3249.617919921875,210607
2021-07-28,3224.521728515625,352127
2021-07-29,3207.099853515625,321411
2021-07-30,3223.8623046875,988317
2021-08-02,3300.376708984375,1887580
2021-08-03,3364.930908203125,1326045
2021-08-04,3369.73388671875,478788
2021-08-05,3400.6689453125,497146
2021-08-06,3393.93603515625,258380
2021-08-09,3424.164794921875,444706
2021-08-10,3425.20068359375,249493
2021-08-11,3414.1826171875,233115
2021-08-12,3409.756591796875,232971
2021-08-13,3370.9111328125,323144
2021-08-16,3442.245849609375,348972
2021-08-17,3481.04443359375,579154
2021-08-18,3503.880859375,426843
2021-08-20,3668.869140625,1567252
2021-08-23,3640.900390625,645088
2021-08-24,3590.000732421875,437167
2021-08-25,3618.817138671875,360778
2021-08-26,3701.781982421875,1114234
2021-08-27,3711.811279296875,475524
2021-08-30,3754.000244140625,466524
2021-08-31,3764.500244140625,688613
2021-09-01,3781.309814453125,352460
2021-09-02,3847.93603515625,525680
2021-09-03,3883.8154296875,426377
2021-09-06,3841.297119140625,312608
2021-09-07,3856.740966796875,259534
2021-09-08,3824.675537109375,236283
2021-09-09,3833.52783203125,295134
2021-09-13,3855.234375,171201
2021-09-14,3862.4384765625,419441
2021-09-15,3848.17138671875,218163
2021-09-16,3835.646728515625,243636
2021-09-17,3815.68212890625,621517
2021-09-20,3846.42919921875,291097
2021-09-21,3838.0009765625,424258
2021-09-22,3821.944580078125,259937
2021-09-23,3806.736328125,322858
2021-09-24,3807.253662109375,373614
2021-09-27,3775.89501953125,248898
2021-09-28,3770.29150390625,354948
2021-09-29,3741.19287109375,332446
2021-09-30,3718.780029296875,217501
2021-10-01,3692.553466796875,181917
2021-10-04,3665.9970703125,372752
2021-10-05,3655.92041015625,131731
2021-10-06,3709.033447265625,409840
2021-10-07,3673.248291015625,187556
2021-10-08,3656.956787109375,316870
2021-10-11,3616.74560546875,253051
2021-10-12,3642.50146484375,253262
2021-10-13,3657.333251953125,174222
2021-10-14,3667.833251953125,299078
2021-10-18,3613.684814453125,256837
2021-10-19,3574.650634765625,282932
2021-10-20,3542.7265625,523002
2021-10-21,3497.85400390625,335589
2021-10-22,3474.92333984375,192033
2021-10-25,3419.4091796875,289025
2021-10-26,3477.559814453125,326825
2021-10-27,3482.315673828125,441016
2021-10-28,3467.295166015625,193658
2021-10-29,3461.50390625,283538
2021-11-01,3463.763671875,139766
2021-11-02,3468.237060546875,151547
2021-11-03,3418.279296875,185296
2021-11-04,3418.279296875,0
2021-11-08,3501.0087890625,336938
2021-11-09,3410.510009765625,1399094
2021-11-10,3482.927734375,706755
2021-11-11,3431.0390625,298625
2021-11-12,3472.992431640625,275060
2021-11-15,3524.457763671875,320669
2021-11-16,3475.629638671875,199179
2021-11-17,3404.341796875,250996
2021-11-18,3363.424560546875,248828
2021-11-22,3372.841796875,364653
2021-11-23,3448.6962890625,365672
2021-11-24,3412.157958984375,149025
2021-11-25,3365.119384765625,232784
2021-11-26,3348.074462890625,372530
2021-11-29,3322.93115234375,281082
2021-11-30,3338.845703125,633377
2021-12-01,3329.193115234375,312855
2021-12-02,3369.92236328125,377041
2021-12-03,3346.61474609375,313990
2021-12-06,3292.41943359375,165986
2021-12-07,3271.70166015625,254445
2021-12-08,3367.332275390625,326189
2021-12-09,3412.676025390625,284117
2021-12-10,3420.727783203125,190379
2021-12-13,3379.574951171875,311904
2021-12-14,3371.005126953125,297867
2021-12-15,3335.173095703125,152079
2021-12-16,3353.0654296875,121782
2021-12-17,3330.040283203125,307396
2021-12-20,3269.53564453125,382144
2021-12-21,3301.412841796875,222991
2021-12-22,3293.17236328125,257611
2021-12-23,3347.415283203125,163291
2021-12-24,3334.890625,136780
2021-12-27,3308.427978515625,94111
2021-12-28,3343.6953125,99497
2021-12-29,3352.124267578125,163737
2021-12-30,3365.59033203125,167005
2021-12-31,3395.8193359375,244207
2022-01-03,3406.6962890625,149689
2022-01-04,3426.3779296875,317247
2022-01-05,3446.38916015625,245395
2022-01-06,3460.891845703125,340345
2022-01-07,3519.513671875,241905
2022-01-10,3548.659423828125,351447
2022-01-11,3525.163818359375,206008
2022-01-12,3484.52880859375,311095
2022-01-13,3530.531494140625,129143
2022-01-14,3495.687744140625,97013
2022-01-17,3451.521728515625,170221
2022-01-18,3410.792724609375,168104
2022-01-19,3367.23828125,129227
2022-01-20,3395.018798828125,173547
2022-01-21,3407.402587890625,162594
2022-01-24,3318.45751953125,240598
2022-01-25,3333.007080078125,306411
2022-01-27,3290.488525390625,353612
2022-01-28,3305.085205078125,249034
2022-01-31,3329.240234375,462842
2022-02-01,3443.469970703125,631482
2022-02-02,3409.9921875,209928
2022-02-03,3354.760498046875,203975
2022-02-04,3354.384033203125,162672
2022-02-07,3247.59375,279194
2022-02-08,3270.9951171875,363856
2022-02-09,3312.336669921875,172750
2022-02-10,3328.533935546875,172088
2022-02-11,3277.681396484375,340217
2022-02-14,3199.94287109375,209831
2022-02-15,3275.185791015625,209065
2022-02-16,3260.21240234375,190567
2022-02-17,3262.190185546875,173362
2022-02-18,3278.71728515625,121161
2022-02-21,3272.6904296875,138287
2022-02-22,3286.344970703125,246372
2022-02-23,3306.497802734375,326853
2022-02-24,3245.145263671875,529995
2022-02-25,3223.250244140625,722637
2022-02-28,3227.67626953125,426929
2022-03-02,3194.05712890625,416582
2022-03-03,3170.1845703125,429892
2022-03-04,3174.846435546875,331936
2022-03-07,2969.646484375,711477
2022-03-08,2932.2607421875,541966
2022-03-09,2941.772216796875,483468
2022-03-10,3035.095947265625,490457
2022-03-11,3013.38916015625,362091
2022-03-14,3000.15869140625,335292
2022-03-15,3035.001953125,258636
2022-03-16,3120.50927734375,239522
2022-03-17,3160.343994140625,436218
2022-03-21,3048.8447265625,354460
2022-03-22,2974.30810546875,583821
2022-03-23,2921.43115234375,1044283
2022-03-24,2922.938232421875,459226
2022-03-25,2914.132568359375,339040
2022-03-28,2914.415283203125,310240
2022-03-29,2922.890625,359318
2022-03-30,2964.89111328125,450273
2022-03-31,3019.510498046875,413897
2022-04-01,3042.346923828125,260712
2022-04-04,3079.403564453125,275388
2022-04-05,3110.856689453125,236853
2022-04-06,3091.175048828125,245111
2022-04-07,3102.098876953125,302703
2022-04-08,3152.762939453125,168952
2022-04-11,3155.352783203125,186130
2022-04-12,3149.184814453125,238043
2022-04-13,3154.4111328125,205852
2022-04-18,3148.99609375,197878
2022-04-19,3077.42578125,296680
2022-04-20,3111.610107421875,235572
2022-04-21,3164.0634765625,152205
2022-04-22,3168.01904296875,148494
2022-04-25,3103.793701171875,630312
2022-04-26,3176.1171875,398545
2022-04-27,3143.67578125,248769
2022-04-28,3162.179931640625,322548
2022-04-29,3088.114501953125,259398
2022-05-02,3080.627685546875,215783
2022-05-04,3188.12451171875,2871830
2022-05-05,3085.995361328125,623098
2022-05-06,3115.000244140625,560373
2022-05-09,3062.499755859375,403409
2022-05-10,3057.320556640625,285192
2022-05-11,3069.845458984375,269579
2022-05-12,3029.351318359375,310942
2022-05-13,3087.408203125,326757
2022-05-16,3093.43505859375,270772
2022-05-17,3172.491943359375,277190
2022-05-18,3196.505615234375,435712
2022-05-19,3137.837158203125,394058
2022-05-20,3249.147216796875,525530
2022-05-23,3283.802490234375,524978
2022-05-24,3268.170166015625,230532
2022-05-25,3311.5361328125,286553
2022-05-26,3353.39501953125,545260
2022-05-27,3350.240478515625,165721
2022-05-30,3367.80322265625,213495
2022-05-31,3435.18310546875,562987
2022-06-01,3344.3076171875,241386
2022-06-02,3368.556884765625,213099
2022-06-03,3324.2490234375,271462
2022-06-06,3288.4169921875,153889
2022-06-07,3186.240966796875,338018
2022-06-08,3165.5703125,320103
2022-06-09,3152.15087890625,347351
2022-06-10,3164.958251953125,503822
2022-06-13,3163.216064453125,463899
2022-06-14,3185.676025390625,224645
2022-06-15,3188.076904296875,245702
2022-06-16,3192.785888671875,481507
2022-06-17,3137.884033203125,527370
2022-06-20,3236.5537109375,364703
2022-06-21,3285.1220703125,223641
2022-06-22,3260.550537109375,170854
2022-06-23,3268.0224609375,351311
2022-06-24,3323.48828125,301133
2022-06-27,3313.6689453125,419730
2022-06-28,3290.294921875,182574
2022-06-29,3261.029052734375,374478
2022-06-30,3320.662109375,479308
2022-07-01,3433.6533203125,292487
2022-07-04,3544.871826171875,614359
2022-07-05,3502.865478515625,612519
2022-07-06,3669.74169921875,1043070
2022-07-07,3650.0556640625,519620
2022-07-08,3656.473876953125,379513
2022-07-11,3635.829833984375,208602
2022-07-12,3568.868896484375,283587
2022-07-13,3569.347900390625,164377
2022-07-14,3615.473388671875,265732
2022-07-15,3687.080810546875,660790
2022-07-18,3616.23974609375,455399
2022-07-19,3628.21435546875,228968
2022-07-20,3667.346923828125,440495
2022-07-21,3693.403076171875,282104
2022-07-22,3708.6826171875,433423
2022-07-25,3722.52490234375,290157
2022-07-26,3647.0859375,267527
2022-07-27,3692.4931640625,200264
2022-07-28,3706.6708984375,316008
2022-07-29,3736.415283203125,418970
2022-08-01,3693.546875,323129
2022-08-02,3628.884765625,355859
2022-08-03,3611.497802734375,428088
2022-08-04,3616.33544921875,506667
2022-08-05,3533.041259765625,798850
2022-08-08,3478.72509765625,310094
2022-08-10,3494.3876953125,191222
2022-08-11,3487.2509765625,167070
2022-08-12,3505.883056640625,228587
2022-08-16,3535.29248046875,239514
2022-08-17,3549.42236328125,353941
2022-08-18,3537.783203125,232262
2022-08-19,3508.5654296875,177955
2022-08-22,3521.880859375,366371
2022-08-23,3524.036376953125,189150
2022-08-24,3505.308349609375,187721
2022-08-25,3493.285888671875,208578
2022-08-26,3496.686767578125,220796
2022-08-29,3551.76904296875,525684
2022-08-30,3590.183349609375,467342
2022-09-01,3561.82763671875,314888
2022-09-02,3548.511962890625,202152
2022-09-05,3508.61328125,234232
2022-09-06,3457.075439453125,390746
2022-09-07,3513.690185546875,287734
2022-09-08,3518.240478515625,384831
2022-09-09,3496.064208984375,134487
2022-09-12,3496.064208984375,0
2022-09-13,3599.715087890625,398871
2022-09-14,3589.464599609375,389253
2022-09-15,3565.0849609375,311462
2022-09-16,3486.5322265625,559137
2022-09-19,3441.317138671875,211795
2022-09-20,3497.117919921875,346604
2022-09-21,3607.330810546875,773841
2022-09-22,3665.095458984375,687172
2022-09-23,3637.075439453125,326581
2022-09-26,3628.26220703125,626882
2022-09-27,3663.37109375,584760
2022-09-28,3691.199951171875,364917
2022-09-29,3702.02490234375,450207
2022-09-30,3681.476806640625,309896
2022-10-03,3610.491943359375,251830
2022-10-04,3657.62353515625,153835
2022-10-06,3609.15087890625,308216
2022-10-07,3626.48974609375,318472
2022-10-10,3638.177001953125,185199
2022-10-11,3571.167724609375,202644
2022-10-12,3604.7919921875,271156
2022-10-13,3625.484375,156770
2022-10-14,3636.644287109375,350141
2022-10-17,3618.874267578125,93315
2022-10-18,3608.48046875,189866
2022-10-19,3610.06103515625,182278
2022-10-20,3630.800537109375,230082
2022-10-21,3633.243408203125,404955
2022-10-24,3633.243408203125,0
2022-10-25,3556.990234375,228569
2022-10-27,3597.416015625,317971
2022-10-28,3618.874267578125,215005
2022-10-31,3608.193115234375,198318
2022-11-01,3628.7412109375,338873
2022-11-02,3567.384033203125,185469
2022-11-03,3596.218505859375,140994
2022-11-04,3644.260009765625,258490
2022-11-07,3965.223388671875,3142443
2022-11-09,3999.805908203125,1198458
2022-11-10,3960.81689453125,417581
2022-11-11,3926.33056640625,344558
2022-11-14,3931.407958984375,336120
2022-11-15,3965.319580078125,325881
2022-11-16,3957.799560546875,149924
2022-11-17,3951.764404296875,238478
2022-11-18,3933.419189453125,281217
2022-11-21,3946.83056640625,288522
2022-11-22,3982.80224609375,319387
2022-11-23,3980.455322265625,247440
2022-11-24,4014.989501953125,231515
2022-11-25,4007.8046875,244021
2022-11-28,4035.92041015625,222792
2022-11-29,4105.1806640625,598884
2022-11-30,4178.8955078125,1101544
2022-12-01,4216.2080078125,501703
2022-12-02,4246.52783203125,530333
2022-12-05,4218.22021484375,212913
2022-12-06,4238.3369140625,349352
2022-12-07,4208.83203125,252294
2022-12-08,4210.12548828125,282421
2022-12-09,4224.87744140625,233437
2022-12-12,4246.1923828125,233360
2022-12-13,4240.4443359375,158169
2022-12-14,4224.302734375,195654
2022-12-15,4277.70947265625,370501
2022-12-16,4257.83154296875,346508
2022-12-19,4336.1923828125,330662
2022-12-20,4319.4755859375,206833
2022-12-21,4233.06787109375,303234
2022-12-22,4206.8203125,243325
2022-12-23,4149.7734375,224215
2022-12-26,4191.3974609375,166686
2022-12-27,4185.5537109375,138087
2022-12-28,4201.5517578125,159245
2022-12-29,4165.484375,244626
2022-12-30,4126.35205078125,117753
2023-01-02,4111.69482421875,255314
2023-01-03,4063.510009765625,496975
2023-01-04,4056.94775390625,216319
2023-01-05,4131.85986328125,686633
2023-01-06,4175.7822265625,297438
2023-01-09,4180.8115234375,170110
2023-01-10,4144.93603515625,235445
2023-01-11,4132.91357421875,224668
2023-01-12,4118.4970703125,248083
2023-01-13,4153.79736328125,183772
2023-01-16,4128.4111328125,84814
2023-01-17,4178.65625,169798
2023-01-18,4208.9755859375,192855
2023-01-19,4188.5712890625,139431
2023-01-20,4137.36865234375,154486
2023-01-23,4155.4736328125,119143
2023-01-24,4211.22607421875,135586
2023-01-25,4203.65869140625,288089
2023-01-27,4196.23486328125,340484
2023-01-30,4221.47705078125,218721
2023-01-31,4136.0751953125,605699
2023-02-01,4187.1826171875,622541
2023-02-02,4380.78515625,1669243
2023-02-03,4434.23876953125,517467
2023-02-06,4431.173828125,315190
2023-02-07,4413.16455078125,327040
2023-02-08,4401.62060546875,252710
2023-02-09,4442.38232421875,284415
2023-02-10,4428.34765625,207919
2023-02-13,4395.10693359375,185536
2023-02-14,4406.45849609375,245495
2023-02-15,4395.53759765625,197822
2023-02-16,4379.779296875,160313
2023-02-17,4342.658203125,203456
2023-02-20,4266.548828125,308681
2023-02-21,4314.015625,229380
2023-02-22,4295.9580078125,262918
2023-02-23,4264.34521484375,210031
2023-02-24,4255.771484375,234456
2023-02-27,4203.7548828125,162723
2023-02-28,4274.1640625,349283
2023-03-01,4195.65966796875,331092
2023-03-02,4209.455078125,147032
2023-03-03,4226.458984375,212204
2023-03-06,4138.23095703125,681562
2023-03-08,4157.19775390625,228626
2023-03-09,4111.26416015625,242653
2023-03-10,4129.75244140625,367075
2023-03-13,4126.49609375,282671
2023-03-14,4112.46142578125,197998
2023-03-15,4064.707275390625,195193
2023-03-16,4129.9443359375,260044
2023-03-17,4179.13525390625,294948
2023-03-20,4149.72607421875,176552
2023-03-21,4085.3994140625,231876
2023-03-22,4066.0009765625,146015
2023-03-23,4064.32470703125,197372
2023-03-24,4023.3720703125,198393
2023-03-27,4037.596923828125,283791
2023-03-28,4023.419189453125,224554
2023-03-29,4096.416015625,316461
2023-03-31,4140.43359375,244995
2023-04-03,4142.25341796875,365323
2023-04-05,4145.60693359375,390846
2023-04-06,4119.0234375,208718
2023-04-10,4087.027587890625,253654
2023-04-11,4097.517578125,248398
2023-04-12,4091.7216796875,325329
2023-04-13,4154.95947265625,454438
2023-04-17,4227.453125,631457
2023-04-18,4191.64453125,190132
2023-04-19,4183.849609375,347248
2023-04-20,4147.35888671875,164008
2023-04-21,4216.92919921875,273401
2023-04-24,4200.56005859375,182843
2023-04-25,4289.76416015625,353719
2023-04-26,4292.15185546875,306037
2023-04-27,4302.72412109375,179769
2023-04-28,4436.896484375,482939
2023-05-02,4395.48486328125,261449
2023-05-03,4411.1240234375,525015
2023-05-04,4469.5380859375,244670
2023-05-05,4507.490234375,332347
2023-05-08,4480.59765625,831450
2023-05-09,4477.4306640625,367650
2023-05-10,4486.9794921875,368807
2023-05-11,4516.40625,282060
2023-05-12,4498.2333984375,311033
2023-05-15,4512.21630859375,276965
2023-05-16,4488.87939453125,263119
2023-05-17,4513.2392578125,268353
2023-05-18,4447.419921875,155214
2023-05-19,4384.572265625,367664
2023-05-22,4383.6953125,172174
2023-05-23,4405.8134765625,297514
2023-05-24,4404.0107421875,302733
2023-05-25,4446.396484375,861989
2023-05-26,4478.4541015625,231911
2023-05-29,4458.04052734375,194968
2023-05-30,4456.09130859375,199772
2023-05-31,4537.74462890625,1536463
2023-06-01,4516.50341796875,188427
2023-06-02,4534.91943359375,359550
2023-06-05,4562.640625,349558
2023-06-06,4584.85595703125,185910
2023-06-07,4767.79638671875,1390193
2023-06-08,4750.16015625,381452
2023-06-09,4753.76513671875,820375
2023-06-12,4774.71484375,233763
2023-06-13,4813.5439453125,326814
2023-06-14,4815.0537109375,234174
2023-06-15,4847.98828125,452909
2023-06-16,4915.4638671875,407485
2023-06-19,4892.419921875,197576
2023-06-20,4926.9130859375,251372
2023-06-21,4939.67724609375,272200
2023-06-22,4859.291015625,145196
2023-06-23,4843.45703125,191942
2023-06-26,4880.8740234375,179192
2023-06-27,4827.33154296875,175475
2023-06-28,4864.26025390625,253814
2023-06-30,4895.830078125,196106
2023-07-03,4879.99609375,139105
2023-07-04,4881.79931640625,121493
2023-07-05,4965.54736328125,186513
2023-07-06,5041.01318359375,966410
2023-07-07,4925.01318359375,224712
2023-07-10,4902.943359375,308544
2023-07-11,4953.65966796875,385742
2023-07-12,4943.916015625,180640
2023-07-13,4959.9443359375,232034
2023-07-14,5001.697265625,220335
2023-07-17,5011.6845703125,272290
2023-07-18,4934.416015625,189358
2023-07-19,4936.12109375,353528
2023-07-20,4923.11279296875,327126
2023-07-21,4917.705078125,438176
2023-07-24,4841.60595703125,224646
2023-07-25,4760.43994140625,396810
2023-07-26,4855.92919921875,231869
2023-07-27,4748.55224609375,558492
2023-07-28,4777.7353515625,357681
2023-07-31,4671.13818359375,800189
2023-08-01,4693.9384765625,413904
2023-08-02,4686.24072265625,395487
2023-08-03,4676.009765625,239070
2023-08-04,4675.5712890625,401478
2023-08-07,4540.37548828125,1079453
2023-08-08,4487.36962890625,533341
2023-08-09,4483.033203125,912658
2023-08-10,4424.13232421875,587011
2023-08-11,4394.75439453125,1112908
2023-08-14,4384.328125,557851
2023-08-16,4383.25634765625,518358
2023-08-17,4386.27734375,394002
2023-08-18,4418.8701171875,423415
2023-08-21,4394.94921875,244783
2023-08-22,4396.0693359375,217446
2023-08-23,4396.84912109375,346764
2023-08-24,4426.421875,357303
2023-08-25,4409.85693359375,333873
2023-08-28,4395.38818359375,343698
2023-08-29,4414.6806640625,340257
2023-08-30,4434.216796875,367571
2023-08-31,4353.29443359375,874564
2023-09-01,4369.46923828125,383124
2023-09-04,4391.73388671875,394391
2023-09-05,4399.28564453125,453349
2023-09-06,4452.0966796875,300673
2023-09-07,4414.6318359375,479124
2023-09-08,4424.1806640625,278293
2023-09-11,4451.51171875,302448
2023-09-12,4450.14794921875,321129
2023-09-13,4490.19482421875,435792
2023-09-14,4457.16357421875,473085
2023-09-15,4416.72705078125,408326
2023-09-18,4478.4541015625,304844
2023-09-20,4411.416015625,357295
2023-09-21,4441.76806640625,367638
2023-09-22,4447.7119140625,210753
2023-09-25,4452.9736328125,498354
2023-09-26,4482.302734375,330231
2023-09-27,4508.80615234375,358156
2023-09-28,4408.63916015625,390490
2023-09-29,4420.916015625,230125
2023-10-03,4380.28515625,543482
2023-10-04,4416.3857421875,318564
2023-10-05,4417.74951171875,302015
2023-10-06,4422.18310546875,238131
2023-10-09,4406.64208984375,255764
2023-10-10,4413.9013671875,222750
2023-10-11,4438.2607421875,368192
2023-10-12,4443.91162109375,518582
2023-10-13,4457.50439453125,445822
2023-10-16,4468.56396484375,292118
2023-10-17,4482.49755859375,196669
2023-10-18,4489.6591796875,217179
2023-10-19,4484.5439453125,228881
2023-10-20,4462.6689453125,351045
2023-10-23,4414.53466796875,203004
2023-10-25,4417.603515625,330082
2023-10-26,4392.318359375,488909
2023-10-27,4398.65185546875,382794
2023-10-30,4347.3017578125,450526
2023-10-31,4313.10107421875,504625
2023-11-01,4284.64892578125,395359
2023-11-02,4411.27001953125,822845
2023-11-03,4423.2548828125,335012
2023-11-06,4505.15185546875,205763
2023-11-07,4535.9423828125,282612
2023-11-08,4550.9482421875,385727
2023-11-09,4532.921875,208210
2023-11-10,4562.00732421875,142336
2023-11-13,4576.0380859375,260394
2023-11-15,4590.11767578125,269650
2023-11-16,4581.64111328125,178375
2023-11-17,4597.42578125,138652
2023-11-20,4591.287109375,126069
2023-11-21,4579.35107421875,129602
2023-11-22,4573.943359375,72533
2023-11-23,4585.24560546875,109775
2023-11-24,4525.17529296875,123628
2023-11-28,4592.7001953125,182790
2023-11-29,4680.58935546875,363702
2023-11-30,4728.333984375,961054
2023-12-01,4843.408203125,485597
2023-12-04,4811.25390625,310152
2023-12-05,4821.63134765625,280497
2023-12-06,4874.978515625,295686
2023-12-07,4887.49951171875,268095
2023-12-08,4815.59033203125,282713
2023-12-11,4817.48974609375,147976
2023-12-12,4777.44287109375,184238
2023-12-13,4793.2763671875,153558
2023-12-14,4819.92578125,174503
2023-12-15,4788.0146484375,216579
2023-12-18,4754.49609375,223278
2023-12-19,4785.4326171875,200718
2023-12-20,4828.01318359375,457942
2023-12-21,4929.982421875,796081
2023-12-22,5028.8818359375,582688
2023-12-26,5101.81494140625,574310
2023-12-27,5083.1552734375,241944
2023-12-28,5146.68505859375,655367
2023-12-29,5201.68896484375,535691
2024-01-01,5183.51611328125,130032
2024-01-02,5153.359375,193517
2024-01-03,5119.20703125,123303
2024-01-04,5223.953125,413391
2024-01-05,5137.2822265625,299017
2024-01-08,5044.7158203125,236628
2024-01-09,4991.17333984375,194434
2024-01-10,4956.33935546875,191450
2024-01-11,5005.107421875,277823
2024-01-12,5019.138671875,462298
2024-01-15,5044.7158203125,400069
2024-01-16,4999.16357421875,203028
2024-01-17,4932.02880859375,270672
2024-01-18,4886.6708984375,514119
2024-01-19,5007.0068359375,329252
2024-01-23,4918.77685546875,491135
2024-01-24,5010.51513671875,611741
2024-01-25,5010.173828125,342129
2024-01-29,5005.3017578125,275710
2024-01-30,4961.30859375,146422
2024-01-31,5065.2265625,549238
2024-02-01,5016.7021484375,344394
2024-02-02,5016.9462890625,176167
2024-02-05,4993.2197265625,231620
2024-02-06,4878.7783203125,336609
2024-02-07,4948.15478515625,1258830
2024-02-08,4750.6474609375,623680
2024-02-09,4844.1396484375,411953
2024-02-12,4842.873046875,158487
2024-02-13,4853.98046875,262011
2024-02-14,4882.2861328125,277479
2024-02-15,4823.7255859375,189625
2024-02-16,4787.8203125,352139
2024-02-19,4799.07421875,182521
2024-02-20,4795.0791015625,129279
2024-02-21,4796.8818359375,235932
2024-02-22,4829.96240234375,255308
2024-02-23,4809.89013671875,115910
2024-02-26,4776.322265625,78084
2024-02-27,4778.7099609375,434014
2024-02-28,4762.5830078125,96877
2024-02-29,4838.00048828125,447941
2024-03-01,4801.46142578125,316277
2024-03-04,4714.93603515625,307520
2024-03-05,4702.02587890625,156956
2024-03-06,4755.71435546875,190965
2024-03-07,4763.89892578125,216747
2024-03-11,4810.91259765625,295000
2024-03-12,4744.4111328125,140625
2024-03-13,4732.2314453125,410729
2024-03-14,4812.37451171875,240217
2024-03-15,4846.7705078125,491571
2024-03-18,4852.42138671875,143928
2024-03-19,4693.548828125,265081
2024-03-20,4679.8583984375,300159
2024-03-21,4683.56103515625,449591
2024-03-22,4740.36767578125,264787
2024-03-26,4834.3466796875,554559
2024-03-27,4794.15380859375,327107
2024-03-28,4785.4326171875,648795
2024-04-01,4769.7939453125,181877
2024-04-02,4774.42236328125,93480
2024-04-03,4710.74658203125,246246
2024-04-04,4690.28466796875,372526
2024-04-05,4689.748046875,189143
2024-04-08,4703.14599609375,235219
2024-04-09,4671.86865234375,180114
2024-04-10,4685.51025390625,509880
2024-04-12,4630.0185546875,620568
2024-04-15,4639.90869140625,421873
2024-04-16,4619.251953125,516581
2024-04-18,4574.72265625,670722
2024-04-19,4548.70654296875,424834
2024-04-22,4631.529296875,321925
2024-04-23,4674.88916015625,279440
2024-04-24,4705.2412109375,412282
2024-04-25,4720.0517578125,509266
2024-04-26,4677.4716796875,205462
2024-04-29,4676.88671875,147362
2024-04-30,4653.5986328125,489132
2024-05-02,4637.71630859375,356664
2024-05-03,4623.0517578125,262493
2024-05-06,4931.93115234375,2837757
2024-05-07,5041.3056640625,1156073
2024-05-08,5094.4580078125,323414
2024-05-09,4940.21337890625,379667
2024-05-10,4936.99755859375,223289
2024-05-13,4999.1142578125,323879
2024-05-14,5009.10205078125,205585
2024-05-15,4934.27001953125,166198
2024-05-16,5006.13037109375,312988
2024-05-17,4956.4853515625,116594
2024-05-21,5045.44677734375,376474
2024-05-22,5132.45849609375,748236
2024-05-23,5145.8564453125,423256
2024-05-24,5106.443359375,268208
2024-05-27,5078.7216796875,329998
2024-05-28,5116.04052734375,259151
2024-05-29,5095.822265625,286144
2024-05-30,5065.37255859375,357619
2024-05-31,5047.1025390625,651525
2024-06-03,5035.41015625,199328
2024-06-04,5188.6806640625,989039
2024-06-05,5346.09228515625,1188965
2024-06-06,5301.076171875,629293
2024-06-07,5323.583984375,226777
2024-06-10,5347.79736328125,306665
2024-06-11,5376.39501953125,476899
2024-06-12,5299.955078125,279376
2024-06-13,5241.638671875,434594
2024-06-14,5255.474609375,149569
2024-06-18,5257.6181640625,155277
2024-06-19,5223.31982421875,135179
2024-06-20,5240.6640625,296418
2024-06-21,5193.7470703125,244120
2024-06-24,5162.03173828125,463385
2024-06-25,5214.9404296875,160890
2024-06-26,5282.80615234375,221391
2024-06-27,5291.185546875,357573
2024-06-28,5335.2763671875,215576
2024-07-01,5336.2021484375,223560
2024-07-02,5263.26953125,163333
2024-07-03,5309.50439453125,211361
2024-07-04,5287.2392578125,138170
2024-07-05,5404.701171875,172330
2024-07-08,5425.89404296875,171210
2024-07-09,5523.62451171875,389812
2024-07-10,5608.10302734375,526095
2024-07-11,5613.7060546875,372798
2024-07-12,5638.79638671875,222315
2024-07-15,5660.8662109375,135373
2024-07-16,5712.1669921875,162459
2024-07-18,5721.0830078125,523157
2024-07-19,5727.36767578125,451294
2024-07-22,5737.01416015625,347520
2024-07-23,5792.45654296875,336696
2024-07-24,5680.1591796875,233649
2024-07-25,5680.25634765625,303638
2024-07-26,5722.34912109375,146736
2024-07-29,5746.5146484375,129350
2024-07-30,5692.53369140625,191681
2024-07-31,5636.26318359375,271796
2024-08-01,5583.35400390625,304411
2024-08-02,5573.80517578125,406998
2024-08-05,5624.19482421875,1114298
2024-08-06,5778.76904296875,727869
2024-08-07,5761.2978515625,314935
2024-08-08,5670.33984375,271628
2024-08-09,5666.0458984375,232215
2024-08-12,5572.71923828125,622193
2024-08-13,5593.20068359375,236505
2024-08-14,5585.94580078125,164575
2024-08-16,5655.53369140625,144969
2024-08-19,5658.34716796875,102452
2024-08-20,5691.21630859375,189035
2024-08-21,5761.8408203125,169215
2024-08-22,5761.2978515625,160154
2024-08-23,5717.71875,124435
2024-08-26,5721.9638671875,265107
2024-08-27,5689.7353515625,175740
2024-08-28,5629.57421875,161445
2024-08-29,5755.9677734375,351330
2024-08-30,5779.50927734375,519387
2024-09-02,5845.5439453125,307023
2024-09-03,5839.5224609375,258133
2024-09-04,5849.88671875,219283
2024-09-05,5774.3271484375,170014
2024-09-06,5767.96044921875,213556
2024-09-09,5862.6201171875,321187
2024-09-10,5892.67626953125,337831
2024-09-11,5930.9248046875,437060
2024-09-12,6030.2236328125,548745
2024-09-13,6053.76513671875,274846
2024-09-16,5984.57177734375,352336
2024-09-17,6032.0,527917
2024-09-18,6044.04248046875,218424
2024-09-19,6055.14697265625,362388
2024-09-20,6130.212890625,663556
2024-09-23,6130.85498046875,312563
2024-09-24,6122.9091796875,234706
2024-09-25,6100.3544921875,357145
2024-09-26,6173.2001953125,327297
2024-09-27,6187.70947265625,400543
2024-09-30,6256.16259765625,442617
2024-10-01,6362.6669921875,416639
2024-10-03,6249.845703125,495791
2024-10-04,6125.72216796875,395753
2024-10-07,6041.13037109375,374593
2024-10-08,6124.142578125,708471
2024-10-09,6018.37890625,551094
2024-10-10,5924.5087890625,287475
2024-10-11,5901.1650390625,94953
2024-10-14,5900.720703125,219597
2024-10-15,5990.1982421875,426219
2024-10-16,6011.3212890625,276677
2024-10-17,5911.03564453125,188121
2024-10-18,5811.04638671875,354901
2024-10-21,5703.5546875,296733
2024-10-22,5652.91845703125,320607
2024-10-23,5674.48583984375,123095
2024-10-24,5539.80078125,269803
2024-10-25,5596.0634765625,176680
2024-10-28,5648.27880859375,131887
2024-10-29,5594.18798828125,204751
2024-10-30,5707.7001953125,218180
2024-10-31,5652.8193359375,208893
2024-11-01,5619.4072265625,31706
2024-11-04,5552.435546875,249780
2024-11-05,5532.59521484375,185870
2024-11-06,5621.2333984375,233799
2024-11-07,5615.31103515625,284538
2024-11-08,5672.8076171875,306281
2024-11-11,5364.35009765625,804824
2024-11-12,4962.515625,2441209
2024-11-13,4981.220703125,928244
2024-11-14,4852.01416015625,479979
2024-11-18,4847.8193359375,439087
2024-11-19,4829.41064453125,436205
2024-11-21,4741.21630859375,1036549
2024-11-22,4785.63427734375,410476
2024-11-25,4840.51513671875,722912
2024-11-26,4948.74658203125,314200
2024-11-27,4919.67724609375,255840
2024-11-28,4859.9599609375,321308
2024-11-29,4877.2333984375,212644
2024-12-02,4843.77197265625,314800
2024-12-03,4846.091796875,289449
2024-12-04,4788.79248046875,392107
2024-12-05,4808.97802734375,526114
2024-12-06,4807.84326171875,236965
2024-12-09,4731.0,467154
2024-12-10,4725.32421875,264213
2024-12-11,4826.251953125,358246
2024-12-12,4765.89306640625,406271
2024-12-13,4787.361328125,284721
2024-12-16,4783.80810546875,208757
2024-12-17,4714.96044921875,312523
2024-12-18,4720.78369140625,228821
2024-12-19,4723.84375,247805
2024-12-20,4637.32763671875,363168
2024-12-23,4643.4970703125,332554
2024-12-24,4682.73291015625,227672
2024-12-26,4700.0556640625,398117
2024-12-27,4707.6064453125,131505
2024-12-30,4737.36669921875,271403
2024-12-31,4701.14111328125,255918
2025-01-01,4732.7275390625,87260
2025-01-02,4725.8671875,402766
2025-01-03,4771.568359375,341848
2025-01-06,4729.2724609375,619930
2025-01-07,4769.7421875,450200
2025-01-08,4797.03466796875,371105
2025-01-09,4862.57568359375,832814
2025-01-10,4875.30908203125,305669
2025-01-13,4863.31591796875,448698
2025-01-14,4799.50244140625,283367
2025-01-15,4813.91357421875,242422
2025-01-16,4781.8828125,454269
2025-01-17,4791.60595703125,492847
2025-01-20,4822.20458984375,155962
2025-01-21,4840.416015625,377457
2025-01-22,4892.58251953125,460132
2025-01-23,4947.75927734375,361082
2025-01-24,5035.55859375,509954
2025-01-27,5109.29248046875,937878
2025-01-28,4995.28662109375,456912
2025-01-29,4971.89306640625,298533
2025-01-30,5009.69775390625,354016
2025-01-31,5063.29541015625,316771
2025-02-01,5134.06787109375,634040
2025-02-03,5039.5068359375,517520
2025-02-04,4963.3056640625,434664
2025-02-05,4868.84375,384948
2025-02-06,4891.94091796875,466931
2025-02-07,4807.49755859375,701024
2025-02-10,4846.14111328125,625074
2025-02-11,4840.61328125,279638
2025-02-12,4854.67919921875,336331
2025-02-13,4825.46240234375,341650
2025-02-14,4875.7529296875,489241
2025-02-17,4899.4921875,275352
2025-02-18,4827.93017578125,314216
2025-02-19,4774.92431640625,215919
2025-02-20,4769.89013671875,319761
2025-02-21,4769.39697265625,334003
2025-02-24,4742.15380859375,259886
2025-02-25,4735.984375,479647
2025-02-27,4720.931640625,386556
2025-02-28,4536.005859375,676501
2025-03-03,4537.140625,412033
2025-03-04,4516.017578125,321501
2025-03-05,4661.06640625,350741
2025-03-06,4641.7197265625,460852
2025-03-07,4686.8291015625,191644
2025-03-10,4676.41552734375,290019
2025-03-11,4700.4501953125,147357
2025-03-12,4730.06201171875,223033
2025-03-13,4667.08740234375,284758
2025-03-17,4614.427734375,322411
2025-03-18,4614.427734375,0
2025-03-19,4646.21142578125,469240
2025-03-20,4768.607421875,265168
2025-03-21,4751.728515625,304441
2025-03-24,4734.80029296875,173845
2025-03-25,4782.52490234375,422209
2025-03-26,4786.966796875,453242
2025-03-27,4778.57666015625,6750074
2025-03-28,4873.03857421875,415586
2025-04-01,4837.4052734375,557968
2025-04-02,4972.23828125,459267
2025-04-03,5007.822265625,339959
2025-04-04,4958.41943359375,722283
2025-04-07,4990.4501953125,841464
2025-04-08,5112.3525390625,303185
2025-04-09,5270.3818359375,549745
2025-04-11,5280.99267578125,304650
2025-04-15,5321.560546875,446075
2025-04-16,5346.138671875,215423
2025-04-17,5384.0419921875,186873
2025-04-21,5323.4365234375,201975
2025-04-22,5365.18896484375,286928
2025-04-23,5472.58154296875,266881
2025-04-24,5391.24755859375,339754
2025-04-25,5350.3828125,244513
2025-04-28,5358.57568359375,107666
2025-04-29,5397.564453125,294207
2025-04-30,5368.544921875,284371
2025-05-02,5232.4287109375,262909
2025-05-05,5289.6787109375,97149
2025-05-06,5323.732421875,175899
2025-05-07,5281.7822265625,168716
2025-05-08,5321.2646484375,265391
2025-05-09,5365.6826171875,476782
2025-05-12,5535.951171875,192712
2025-05-13,5414.048828125,366566
2025-05-14,5413.0615234375,389963
2025-05-15,5394.3076171875,462518
2025-05-16,5430.33544921875,154274
2025-05-19,5448.1025390625,147864
2025-05-20,5357.7861328125,275067
2025-05-21,5422.43896484375,166304
2025-05-22,5367.1630859375,211388
2025-05-23,5415.529296875,100229
2025-05-26,5453.53125,140009
2025-05-27,5425.39990234375,166840
2025-05-28,5402.2041015625,321303
2025-05-29,5424.4130859375,201350
2025-05-30,5439.21875,401901
2025-06-02,5532.49658203125,625172
2025-06-03,5503.3779296875,166545
2025-06-04,5470.3115234375,334358
2025-06-05,5527.56103515625,218004
2025-06-06,5534.9638671875,152475
2025-06-09,5623.30615234375,174499
2025-06-10,5593.6943359375,456712
2025-06-11,5576.91455078125,138866
2025-06-12,5497.45556640625,305696
2025-06-13,5497.94921875,324985
2025-06-16,5488.572265625,239006
2025-06-17,5496.46875,277917
2025-06-18,5500.4169921875,220971
2025-06-19,5486.1044921875,114523
2025-06-20,5514.7294921875,395396
2025-06-23,5497.45556640625,221233
2025-06-24,5544.34130859375,183157
2025-06-25,5634.1640625,282474
2025-06-26,5752.61181640625,456290
2025-06-27,5719.544921875,350140
2025-06-30,5775.314453125,257865
2025-07-01,5669.205078125,178343
2025-07-02,5715.103515625,300622
2025-07-03,5719.544921875,224236
2025-07-04,5696.8427734375,145106
2025-07-07,5807.88720703125,259829
2025-07-08,5763.4697265625,423998
2025-07-09,5805.9130859375,232000
2025-07-10,5801.96484375,191446
2025-07-11,5684.0107421875,175941
2025-07-14,5703.2587890625,218865
2025-07-15,5710.66162109375,164143
2025-07-16,5711.6484375,261589
2025-07-17,5732.376953125,196555
2025-07-18,5661.30810546875,196043
2025-07-21,5608.0068359375,329167
2025-07-22,5634.65771484375,235846
2025-07-23,5645.51513671875,246735
2025-07-24,5599.61669921875,229097
2025-07-25,5521.638671875,233003
2025-07-28,5551.744140625,173142
2025-07-29,5553.224609375,363002
2025-07-30,5672.65966796875,176798
2025-07-31,5696.34912109375,344973
2025-08-01,5723.0,244870
2025-08-04,5787.0,189672
2025-08-05,5635.5,380387
2025-08-06,5402.5,1123534
2025-08-07,5476.5,795974
2025-08-08,5387.0,551451
2025-08-11,5381.5,598841
2025-08-12,5338.0,323204
2025-08-13,5375.5,388683
2025-08-14,5302.5,215308
2025-08-18,5439.0,509058
2025-08-19,5499.0,153026
2025-08-20,5701.0,453573
2025-08-21,5597.5,273141
2025-08-22,5545.5,269981
2025-08-25,5550.5,145718
2025-08-26,5765.5,1307463
2025-08-28,5721.0,379247
2025-08-29,5824.0,699161
2025-09-01,5846.5,210421
2025-09-02,5891.5,492611
2025-09-03,5908.0,399664
2025-09-04,6083.0,1385580
2025-09-05,6076.0,352302
2025-09-08,6115.5,250083
2025-09-09,6142.5,216456
2025-09-10,6199.0,346491
2025-09-11,6300.5,406083
2025-09-12,6247.0,212051
2025-09-15,6212.0,166253
2025-09-16,6202.5,261236
2025-09-17,6097.5,713445
2025-09-18,6100.5,267540
2025-09-19,6069.5,345995
2025-09-22,6056.5,394394
2025-09-23,5934.0,333112
2025-09-24,5970.5,360372
2025-09-25,5953.5,374676
2025-09-26,5920.5,189383
2025-09-29,5929.0,259852
2025-09-30,5991.0,298070
2025-10-01,5966.5,324111
2025-10-03,5992.5,268735
2025-10-06,6011.0,197199
2025-10-07,5887.0,240923
2025-10-08,5836.0,239639
2025-10-09,5876.0,231585
2025-10-10,5871.5,228395
2025-10-13,5862.0,238217
2025-10-14,5800.5,176227
2025-10-15,5857.5,221062
2025-10-16,6025.5,364305
2025-10-17,6083.0,392965
2025-10-20,6070.0,181283
2025-10-21,6075.0,9159
2025-10-23,6068.0,255605
2025-10-24,6053.0,82081
2025-10-27,5912.0,433152
2025-10-28,5861.0,392984
2025-10-29,5852.5,119742
2025-10-30,5859.5,258697
2025-10-31,5836.5,264794
2025-11-03,5820.5,279737
2025-11-04,5892.5,363441
2025-11-06,6013.5,1038063
2025-11-07,6157.5,715809
2025-11-10,6133.5,395489
2025-11-11,5950.5,2154927
2025-11-12,5880.0,609987
2025-11-13,5851.5,361321
2025-11-14,5803.5,415356
2025-11-17,5830.5,332821
2025-11-18,5840.0,262201
2025-11-19,5874.5,280409
2025-11-20,5819.0,641980
2025-11-21,5813.0,320317
2025-11-24,5815.5,696665
2025-11-25,5867.0,309271
2025-11-26,5880.5,157291
2025-11-27,5826.5,156675
2025-11-28,5846.0,220417
2025-12-01,5813.5,199275
2025-12-02,5875.5,290994
2025-12-03,5824.5,308053
2025-12-04,5876.5,239085
2025-12-05,5961.0,244408
2025-12-08,5847.5,185407
2025-12-09,5884.0,174714
2025-12-10,5828.5,329466
2025-12-11,5847.0,115481
2025-12-12,5915.5,202721
2025-12-15,6038.0,244119
2025-12-16,6066.0,284337
2025-12-17,6096.0,298257
2025-12-18,6040.5,199067
2025-12-19,6103.0,179450
2025-12-22,6083.0,206588
2025-12-23,6061.0,216840
2025-12-24,6030.0,97580
2025-12-26,6032.5,65992
2025-12-29,6041.5,103209
2025-12-30,6013.0,205456
2025-12-31,6031.0,179577
2026-01-01,6009.5,138484
2026-01-02,5984.5,265702
2026-01-05,6026.5,468880
2026-01-06,6129.5,300112
2026-01-07,6185.0,437361
2026-01-08,6033.5,641813
2026-01-09,5977.5,139764
2026-01-12,5943.5,228799
2026-01-13,5918.0,327794
2026-01-14,5906.5,307200
2026-01-15,5906.5,0
2026-01-16,5898.5,453904
2026-01-19,5943.5,145915
2026-01-20,5884.0,350070
2026-01-21,5802.5,662863
2026-01-22,5932.0,435081
2026-01-23,5835.0,142248
2026-01-27,5886.0,1044402
2026-01-28,5748.5,442618
2026-01-29,5723.0,343244
2026-01-30,5860.5,806045
2026-02-02,5888.5,279213
2026-02-03,5882.0,349825
2026-02-04,5879.0,160343
2026-02-05,5870.5,275290
2026-02-06,5911.0,186858
2026-02-09,5843.0,331118
2026-02-10,5873.5,276901
2026-02-11,6019.0,771051
2026-02-12,6102.0,455997
2026-02-13,5980.5,159821
2026-02-16,6106.0,255274
2026-02-17,6145.5,164220
2026-02-18,6176.0,193569
2026-02-19,6108.5,127940
2026-02-20,6098.5,388361
2026-02-23,6122.5,225252
