date,adaptive_beta
2018-01-03,0.0014617628121180689
2018-01-04,0.009897956313929675
2018-01-05,0.0084869115783068
2018-01-08,0.006315905927533194
2018-01-09,2.5985271632257556e-05
2018-01-10,-0.0008584155699697838
2018-01-11,0.001462553167862702
2018-01-12,3.05165131273882e-05
2018-01-15,-0.00046323168939249517
2018-01-16,-0.004512023562540545
2018-01-17,0.006955170675126335
2018-01-18,-0.0067886835530342575
2018-01-19,0.006706941293096586
2018-01-22,0.004119755598205297
2018-01-23,0.009765753752167289
2018-01-24,-0.002550391236965107
2018-01-25,-0.004434091790555932
2018-01-29,0.0025158354773832836
2018-01-30,-0.007426370058052003
2018-01-31,-0.005710933913048356
2018-02-01,0.004685287745586647
2018-02-02,-0.023400483907860186
2018-02-05,-0.006671780675454575
2018-02-06,-0.014883045709301738
2018-02-07,0.0026100949718497685
2018-02-08,0.012805613872809683
2018-02-09,-0.0059905106684069905
2018-02-12,0.009445099552524166
2018-02-14,-0.00232608148625646
2018-02-15,0.0022495276992118935
2018-02-16,-0.009467445963884933
2018-02-19,-0.011701215934135508
2018-02-20,0.00022539176146838018
2018-02-21,0.00036006782371919273
2018-02-22,-0.0012608607717430672
2018-02-23,0.013745816268180996
2018-02-26,0.00830208814863126
2018-02-27,-0.0015238063527426627
2018-02-28,-0.00387222496051385
2018-03-01,-0.0029432995105111463
2018-03-05,-0.008139914980827433
2018-03-06,-0.00942706234890452
2018-03-07,-0.0107271933503834
2018-03-08,0.0040756450053098855
2018-03-09,-0.004348395901576634
2018-03-12,0.016234555916591942
2018-03-13,0.0035445666338541505
2018-03-14,-0.00019800181907468254
2018-03-15,-0.0017328311642385266
2018-03-16,-0.014612323973670113
2018-03-19,-0.013876753415772427
2018-03-20,0.005219429273885008
2018-03-21,0.0013100416471540839
2018-03-22,-0.006178647614517207
2018-03-23,-0.008937283881830262
2018-03-26,0.012776630478377113
2018-03-27,0.009470737016084993
2018-03-28,-0.005417238590023726
2018-04-02,0.013964646756543613
2018-04-03,0.0024785269981038626
2018-04-04,-0.013942761539286756
2018-04-05,0.021088527059366664
2018-04-06,0.00075790771918567
2018-04-09,0.0046087702060009965
2018-04-10,0.005619379084109208
2018-04-11,-0.00010957198991158444
2018-04-12,-0.00031808390109439944
2018-04-13,0.0027358602184278215
2018-04-16,0.0072609866162009285
2018-04-17,0.002045003115536155
2018-04-18,-0.001989007925182147
2018-04-19,0.006436506346351812
2018-04-20,-4.4774151358549096e-05
2018-04-23,0.0021869806325363916
2018-04-24,-0.0009908357358828208
2018-04-25,-0.0024080134922338644
2018-04-26,0.0036477749932982855
2018-04-27,0.005083564063687468
2018-04-30,0.003868781212322659
2018-05-02,-0.010605506838151068
2018-05-03,-0.006068063999305072
2018-05-04,-0.005230157420882415
2018-05-07,0.009305174746166264
2018-05-08,0.0018813405057625863
2018-05-09,-0.0011373577822930791
2018-05-10,-0.0035853248117225507
2018-05-11,0.006688075683978478
2018-05-14,-0.0026051905618189285
2018-05-15,-0.0018518943631653374
2018-05-16,-0.004878505995284015
2018-05-17,-0.0020103474977963593
2018-05-18,-0.00811349178608192
2018-05-21,-0.010838771230940993
2018-05-22,0.00591662415177117
2018-05-23,-0.010165688910340233
2018-05-24,0.007448924831717058
2018-05-25,0.013242040015202235
2018-05-28,0.00694734571824582
2018-05-29,-0.004321097122999228
2018-05-30,-0.0011774878561123631
2018-05-31,0.005696474835827619
2018-06-01,-0.005554273554500343
2018-06-04,-0.007068458363524409
2018-06-05,-0.004760180428571568
2018-06-06,0.012000096346093043
2018-06-07,0.009566181621412408
2018-06-08,0.0025475042761815164
2018-06-11,0.0028762232265414356
2018-06-12,0.004292477269869211
2018-06-13,0.001951194890078335
2018-06-14,-0.0020863026841505786
2018-06-15,0.00014898367562003907
2018-06-18,-0.0012022573767649226
2018-06-19,-0.010318064158836482
2018-06-20,0.0012402140886991157
2018-06-21,-0.006692485384669333
2018-06-22,0.006676428209540196
2018-06-25,-0.006178324644513751
2018-06-26,0.0020777684863013406
2018-06-27,-0.012797315327601077
2018-06-28,-0.010148299119289765
2018-06-29,0.013300920672077143
2018-07-02,-0.007461750507946904
2018-07-03,0.0074185356698587175
2018-07-04,0.002882465460126957
2018-07-05,-0.002389081761159278
2018-07-06,0.0015957379126032222
2018-07-09,0.007343515327726929
2018-07-10,0.00809658288376558
2018-07-11,-0.0030337632708029518
2018-07-12,0.0033707886215949526
2018-07-13,-0.0019724580641337663
2018-07-16,-0.013388143893887667
2018-07-17,0.010080565440490208
2018-07-18,-0.004810049422727943
2018-07-19,-0.0034371049302159094
2018-07-20,0.00544600251159736
2018-07-23,0.010459092358318114
2018-07-24,0.00781382951700996
2018-07-25,-0.0014055026782723468
2018-07-26,0.003757250372448418
2018-07-27,0.009500565579797282
2018-07-30,0.00396941010126709
2018-07-31,0.007792352150685121
2018-08-01,0.0003014002980016399
2018-08-02,-0.002452280661363536
2018-08-03,0.004546424607889347
2018-08-06,0.002510129956333791
2018-08-07,-0.00240156827078744
2018-08-08,0.0035447719790147477
2018-08-09,0.0007440130177330111
2018-08-10,-0.003823466940774618
2018-08-13,-0.0013905947429951834
2018-08-14,0.00973396819051701
2018-08-16,-0.002000792596027672
2018-08-17,0.008309018162981498
2018-08-20,0.008701472540356156
2018-08-21,0.003131314556941748
2018-08-23,0.0015714261837159946
2018-08-24,-0.0017950017319342784
2018-08-27,0.010480050709841648
2018-08-28,0.0024797819591449487
2018-08-29,-8.559160099744055e-05
2018-08-30,0.001097680498738629
2018-08-31,0.005905557255763533
2018-09-03,-0.008507667049864328
2018-09-04,-0.01273559433624014
2018-09-05,-0.0022477738029223863
2018-09-06,0.008557245129379087
2018-09-07,0.007084284803269454
2018-09-10,-0.015032126276388443
2018-09-11,-0.013985085554895598
2018-09-12,0.007801192075663576
2018-09-14,0.016780706859548567
2018-09-17,-0.007297086183900755
2018-09-18,-0.008904849250826624
2018-09-19,-0.002984479675769945
2018-09-21,-0.009679107507827363
2018-09-24,-0.01906169609472995
2018-09-25,0.009668586976155443
2018-09-26,-0.0003262735974977708
2018-09-27,-0.007164660697307706
2018-09-28,-0.015003152605922783
2018-10-01,0.004791234821654
2018-10-03,-0.011973495239532034
2018-10-04,-0.02301294710969269
2018-10-05,-0.03125092737138561
2018-10-08,0.005238869745213569
2018-10-09,-0.004947424252841377
2018-10-10,0.02164898913179076
2018-10-11,-0.021386072549682854
2018-10-12,0.025056684838437697
2018-10-15,0.002390500491901652
2018-10-16,0.007289821527837304
2018-10-17,-0.013577203757946766
2018-10-19,-0.007819653637325931
2018-10-22,-0.008208015653726588
2018-10-23,-0.011402032362884713
2018-10-24,0.009201746390147963
2018-10-25,-0.006665004482835622
2018-10-26,-0.007804308184883084
2018-10-29,0.02423128399230389
2018-10-30,-0.0031526513048761033
2018-10-31,0.013351342326092985
2018-11-01,0.00285711643601426
2018-11-02,0.01479966043856546
2018-11-05,-0.002504072320254183
2018-11-06,-0.004738905231026308
2018-11-07,0.006179233870557419
2018-11-09,0.0027908179636023725
2018-11-12,-0.01008377619257591
2018-11-13,0.009657233647733377
2018-11-14,0.0004336650148071737
2018-11-15,0.0063341599515941505
2018-11-16,0.005795041937853953
2018-11-19,0.004413707354580016
2018-11-20,-0.01290718339423581
2018-11-21,0.0009115706679829986
2018-11-22,-0.008636110964439798
2018-11-26,0.006482100874030426
2018-11-27,0.0016633426245640703
2018-11-28,-0.004478605330178978
2018-11-29,0.011882366897280084
2018-11-30,0.002138761432607791
2018-12-03,0.001284074150414363
2018-12-04,0.0004872367960374948
2018-12-05,-0.013255090508208615
2018-12-06,-0.019334181095158515
2018-12-07,0.0065923496635846785
2018-12-10,-0.01689300800486136
2018-12-11,0.009440782008427668
2018-12-12,0.022199407756828063
2018-12-13,0.003608473663128785
2018-12-14,0.0035415236843668167
2018-12-17,0.005479497214980734
2018-12-18,0.0039694271195024585
2018-12-19,0.006895312849968203
2018-12-20,-0.0008500410311620926
2018-12-21,-0.013814644211034458
2018-12-24,-0.009746704824341116
2018-12-26,0.0038864943577390752
2018-12-27,0.0032527721891755226
2018-12-28,0.007889817840684
2018-12-31,0.0014429802594838608
2019-01-03,-0.011308339648342325
2019-01-04,0.004680387380173705
2019-01-07,0.002290339004541258
2019-01-08,0.0029646749282347517
2019-01-09,0.0017417355618304323
2019-01-10,-8.877558601143529e-05
2019-01-11,-0.0024588551236521096
2019-01-14,-0.00624981347827528
2019-01-15,0.011482155809720033
2019-01-16,5.734825278458345e-05
2019-01-17,0.0002878867683698285
2019-01-18,-0.00399406781914664
2019-01-21,-0.0021810088474818585
2019-01-22,-0.0024137400133078454
2019-01-23,-0.003851139281543826
2019-01-24,-0.0018587237161325006
2019-01-25,-0.008778031942188643
2019-01-28,-0.013697842369029451
2019-01-29,0.0044049459203563
2019-01-30,0.0030380674219958274
2019-01-31,0.010686392712723713
2019-02-01,0.009132389027595809
2019-02-04,-0.006392958991776564
2019-02-05,0.0015934970069008787
2019-02-06,0.01337485844123047
2019-02-07,0.004755538029776994
2019-02-08,-0.013586564772462175
2019-02-11,-0.01185637780429386
2019-02-12,-0.0004163381556068356
2019-02-14,-0.009631147188089146
2019-02-15,-0.004348655550804498
2019-02-18,-0.007902838396593016
2019-02-19,-0.0008880963905380324
2019-02-20,0.012803266843948917
2019-02-21,0.007352969930071586
2019-02-22,0.0068123702374322925
2019-02-25,0.007020236937274921
2019-02-26,-0.00030641158168342656
2019-02-27,-0.0004940671265402622
2019-02-28,-4.688978818775979e-05
2019-03-01,0.007996447100113487
2019-03-05,0.015363533035379955
2019-03-06,0.004860907685715197
2019-03-07,-0.005423180070183533
2019-03-08,-0.0026456573385484324
2019-03-11,0.018486209264711586
2019-03-12,0.0074200826625375775
2019-03-13,-0.0038740043712709137
2019-03-14,0.0022476197920328345
2019-03-15,0.00480806764416807
2019-03-18,0.0012751435019286985
2019-03-19,0.004020567984266137
2019-03-20,-0.007095396971912203
2019-03-22,-0.002031680623026184
2019-03-25,-0.004475510665027554
2019-03-26,0.009181477822979017
2019-03-27,-0.002417643142478624
2019-03-28,0.006741409958983516
2019-04-01,0.012350388235669852
2019-04-02,0.000850012622595841
2019-04-03,-0.006150372064854273
2019-04-04,-0.0018471265231515244
2019-04-05,0.006959674456305411
2019-04-08,-0.005326568179873817
2019-04-09,0.006292527020419268
2019-04-10,-0.0041378476519341525
2019-04-11,0.002236738379545989
2019-04-12,0.004374076456848832
2019-04-15,0.006239098064422443
2019-04-16,0.006912718838167268
2019-04-18,-0.004829237460356488
2019-04-22,-0.011457522134577845
2019-04-23,-0.0022227631954080114
2019-04-24,0.011153653810443675
2019-04-25,-0.0017198346479482677
2019-04-26,0.006824565540245433
2019-04-30,-0.000297408123001417
2019-05-02,-0.0038361464412276854
2019-05-03,-0.0015356594183182375
2019-05-06,-0.008369395104639124
2019-05-07,-0.007150160815400175
2019-05-08,-0.008945401478417419
2019-05-09,-0.004185508607246037
2019-05-10,-0.004144855939380958
2019-05-13,-0.0008937619591836733
2019-05-14,-0.004612761141380621
2019-05-15,-0.003235370701600137
2019-05-16,0.005617680279399163
2019-05-17,0.007523005662181994
2019-05-20,-5.016e-05
2019-05-21,-0.0038900740231817077
2019-05-22,-0.0015714549741283788
2019-05-23,-0.004109135522930222
2019-05-24,0.007887427532262596
2019-05-27,0.01009721968958668
2019-05-28,0.005152055539094783
2019-05-29,-0.0021626958119417105
2019-05-30,0.008336297276680314
2019-05-31,0.0033936843863414346
2019-06-03,0.01611959159040765
2019-06-04,-0.004972183456685352
2019-06-06,-0.0012797838199655955
2019-06-07,-0.0007207767975738219
2019-06-10,0.005891565425121803
2019-06-11,0.0010210044855651233
2019-06-12,-0.003647371106647677
2019-06-13,0.0030231925066764465
2019-06-14,-0.005309343692260979
2019-06-17,-0.005926523381418183
2019-06-18,0.004070274836127763
2019-06-19,-0.0008160896600528667
2019-06-20,0.00601870534196775
2019-06-21,-0.007917535870676047
2019-06-24,0.0004498862782866311
2019-06-25,-0.00020045070009279626
2019-06-26,0.011525578592924506
2019-06-27,-0.00011925409458112056
2019-06-28,-0.0023975778680338637
2019-07-01,0.005990432239010349
2019-07-02,0.00467223609446253
2019-07-03,-0.00012254917286919504
2019-07-04,0.002114781254700921
2019-07-05,-0.016617850549189662
2019-07-08,-0.016470609982241216
2019-07-09,-0.007976368215493185
2019-07-10,-0.0028900569263293156
2019-07-11,0.00834805613571559
2019-07-12,0.00042435077256618246
2019-07-15,0.00579259816978785
2019-07-16,0.0040012634576892855
2019-07-17,0.0007290956709079347
2019-07-18,-0.009953194517127749
2019-07-19,-0.007716745286465509
2019-07-22,-0.0041802870226132095
2019-07-23,0.004376051667299478
2019-07-24,-0.0025878096628269474
2019-07-25,0.005304422155012295
2019-07-26,0.00019941412819024496
2019-07-29,-0.01008597221546879
2019-07-30,-0.002528112985649114
2019-07-31,0.006097134825938048
2019-08-01,-0.00825322716983438
2019-08-02,-0.0018103091363645017
2019-08-05,-0.007038085825080303
2019-08-06,0.0038232040648826554
2019-08-07,0.0009979479851436007
2019-08-08,0.01750441987898495
2019-08-09,0.0014326833352067028
2019-08-13,-0.020363777508048807
2019-08-14,0.005598496934191252
2019-08-16,0.006843630521572221
2019-08-19,-0.002088203314514204
2019-08-20,0.0024261681242195195
2019-08-21,-0.007223812927452078
2019-08-22,-0.008756710015302888
2019-08-23,0.0037825970581840864
2019-08-26,0.014731217318618994
2019-08-27,0.006169271533912539
2019-08-28,-0.0058718738025301765
2019-08-29,-0.0004226879289787023
2019-08-30,0.0036902403591566285
2019-09-03,-0.015373226536184812
2019-09-04,0.00610684216580747
2019-09-05,0.0078060392871217125
2019-09-06,0.006795982570246158
2019-09-09,-0.0013895546580610138
2019-09-11,-0.005060948171128537
2019-09-12,-0.00520225792255102
2019-09-13,0.004769416832347537
2019-09-16,0.00019661884888799903
2019-09-17,-0.009319615628960328
2019-09-18,-0.0002325122142596528
2019-09-19,-0.0057922400456523505
2019-09-20,0.03439622737298882
2019-09-23,0.0015421157833378535
2019-09-24,0.0023334572823126326
2019-09-25,-0.0018306789883221978
2019-09-26,0.00896603569551886
2019-09-27,-0.0019510928314702175
2019-09-30,0.0030779008756456963
2019-10-01,-0.009340350063561738
2019-10-03,-0.005361710340567851
2019-10-04,-0.009822659592172975
2019-10-07,-0.003736015557581073
2019-10-09,0.009455814811195035
2019-10-10,-0.005588986182337281
2019-10-11,0.009949445637845895
2019-10-14,0.0009024406524510177
2019-10-15,0.010542235457655298
2019-10-16,0.0068312215507282835
2019-10-17,0.008687192300288391
2019-10-18,0.009725439780131438
2019-10-22,0.0021549587883087718
2019-10-23,0.004364761610949466
2019-10-24,-0.005341266876000547
2019-10-25,0.0009004555820012161
2019-10-29,0.01281192516708306
2019-10-30,0.003480221304193996
2019-10-31,0.0014172072387004296
2019-11-01,-0.0037777250616260766
2019-11-04,-0.00012213918375723627
2019-11-05,-0.004082525193621304
2019-11-06,0.00228412061705654
2019-11-07,0.00197871052893442
2019-11-08,-0.014377831354368247
2019-11-11,-0.0020457269709399776
2019-11-13,-8.00395734826282e-05
2019-11-14,0.0018925555029002741
2019-11-15,-0.0027292575423050174
2019-11-18,-0.0044166669125543095
2019-11-19,-0.003023598393816703
2019-11-20,0.004170800801240043
2019-11-21,-0.0004987844991621057
2019-11-22,-0.006082088991842951
2019-11-25,0.008303496191554842
2019-11-26,-0.004968289367085012
2019-11-27,0.0019925017393181313
2019-11-28,0.0029700263964396235
2019-11-29,-0.007277666856872968
2019-12-02,-0.005921300004685315
2019-12-03,0.0013623924158105843
2019-12-04,0.004056542068864488
2019-12-05,-0.0023788670769981433
2019-12-06,-0.004799234687968486
2019-12-09,-0.006035738881604993
2019-12-10,-0.00734380064855546
2019-12-11,0.004470777364885123
2019-12-12,0.003966938954301665
2019-12-13,0.007674108715909569
2019-12-16,-0.0014171523989902081
2019-12-17,0.008180815557446314
2019-12-18,0.0049964414670124625
2019-12-19,0.0034212375555781865
2019-12-20,0.004954449761556299
2019-12-23,0.0018601120579613349
2019-12-24,-0.0009097737170750504
2019-12-26,-0.005714428317419563
2019-12-27,0.006308501480529898
2019-12-30,0.0005514283632635747
2019-12-31,-0.0039034239030029103
2020-01-02,0.007780963590634436
2020-01-03,-0.004919809445522021
2020-01-06,-0.016290795405882286
2020-01-07,0.003778541010796652
2020-01-08,-0.003311739524639409
2020-01-09,0.013886012337225197
2020-01-10,0.004159918240105963
2020-01-13,0.007746529803478129
2020-01-14,0.005297740051731987
2020-01-15,0.0006202786263856877
2020-01-16,0.0004252889175544385
2020-01-17,0.0017278146981319399
2020-01-20,-0.007856221095325968
2020-01-21,-0.0063571895873538635
2020-01-22,-0.0042497682324713635
2020-01-23,0.007758551412615814
2020-01-24,0.005165739163640903
2020-01-27,-0.006473551001418546
2020-01-28,-0.005909764955530473
2020-01-29,0.006932407982647043
2020-01-30,-0.008402390975492117
2020-01-31,-0.009723338847953289
2020-02-03,-0.013555204564928355
2020-02-04,0.018878233131477035
2020-02-05,0.006693150082104558
2020-02-06,0.005441003922587894
2020-02-07,0.001982662360016112
2020-02-10,-0.010490358059248545
2020-02-11,0.006293034562520761
2020-02-12,0.0039359649180419065
2020-02-13,-0.0005518894664912801
2020-02-14,-0.0056360287306337995
2020-02-17,-0.00766267270455669
2020-02-18,-0.0023120422056748745
2020-02-19,0.010322128265422567
2020-02-20,-0.0022260966627967154
2020-02-24,-0.023267724865179876
2020-02-25,-0.004356883878838515
2020-02-26,-0.010548127715296238
2020-02-27,-0.00458836601053613
2020-02-28,-0.03799694010477511
2020-03-02,-0.009029314943334758
2020-03-03,0.02526586813660212
2020-03-04,-0.002019200903876719
2020-03-05,0.0025256581497101905
2020-03-06,-0.022244550988267206
2020-03-09,-0.04358957497565435
2020-03-11,-0.008024287216993007
2020-03-12,-0.09003102751560518
2020-03-13,-0.0010022579591836733
2020-03-16,-0.06111871466343208
2020-03-17,-0.0066627546837498
2020-03-18,-0.056924275064382815
2020-03-19,-0.014910299699086431
2020-03-20,-0.000412792
2020-03-23,-0.09430461596519331
2020-03-24,0.025689694256446665
2020-03-25,0.0237425701596805
2020-03-26,0.033239893886214775
2020-03-27,-0.0005507679999999999
2020-03-30,0.0023889018673110395
2020-03-31,0.036795592687014024
2020-04-01,-0.03282187723620057
2020-04-03,0.002083280831988099
2020-04-07,-0.00017267199999999996
2020-04-08,0.007535889937497556
2020-04-09,0.03814657594144456
2020-04-13,-0.0024083905458461867
2020-04-15,0.007279970920674128
2020-04-16,-0.00042044799999999997
2020-04-17,0.012399694506543452
2020-04-20,-0.010522295135271689
2020-04-21,-0.01056644066407406
2020-04-22,0.01044106266525989
2020-04-23,-5.545599999999998e-05
2020-04-24,-0.007455991209538081
2020-04-27,0.008016349814464196
2020-04-28,-0.013189785841951011
2020-04-29,0.0033460652822956943
2020-04-30,-3.387199999999999e-05
2020-05-04,-0.02465591111268237
2020-05-05,-0.007292565065717491
2020-05-06,-0.0033310446199891915
2020-05-07,-0.014704025771983818
2020-05-08,-0.00010258399999999995
2020-05-11,-0.0019630952418022616
2020-05-12,0.004153750150101848
2020-05-13,0.005265212960882826
2020-05-14,-0.018027541594358376
2020-05-15,-4.2528e-05
2020-05-18,-0.013325932720112028
2020-05-19,0.008720300680989633
2020-05-20,0.01923286235412665
2020-05-21,0.009056209223145466
2020-05-22,-6.039200000000003e-05
2020-05-26,0.0017083503192444156
2020-05-27,0.011523110458684616
2020-05-28,0.003196379939195039
2020-05-29,0.03003013014671784
2020-06-01,-9.803199999999999e-05
2020-06-02,-0.00014343316279913192
2020-06-03,0.001204201338879904
2020-06-04,0.009660984122592068
2020-06-05,0.0056156264102371406
2020-06-08,-6.640799999999998e-05
2020-06-09,-0.0018299714420097722
2020-06-10,-0.0005188300482514305
2020-06-11,-0.011706644525620731
2020-06-12,-0.005103320306798373
2020-06-15,-3.4943999999999976e-05
2020-06-16,-0.003623357422108918
2020-06-17,-0.006476633203303888
2020-06-18,0.009908621803930175
2020-06-19,0.006942479639857551
2020-06-22,-5.502400000000002e-05
2020-06-23,0.020738865588432534
2020-06-24,-0.014845827040633412
2020-06-25,-0.004858104389904552
2020-06-26,0.009775030429654843
2020-06-29,-6.118399999999999e-05
2020-06-30,-0.006575157264545885
2020-07-01,-0.0055777142826654025
2020-07-02,0.011079225989119042
2020-07-03,0.005213482361645585
2020-07-06,-3.4735999999999994e-05
2020-07-07,-0.0050631568049706146
2020-07-08,-0.009464546017507135
2020-07-09,0.0031863651992976496
2020-07-10,0.002512817037274965
2020-07-13,0.0027580746316479567
2020-07-14,-0.012436551155712901
2020-07-15,0.013342166803661463
2020-07-16,0.008004795015685302
2020-07-17,0.006246071915183247
2020-07-20,0.002926952934405004
2020-07-21,0.008653563157448923
2020-07-22,0.0007125481611967373
2020-07-23,0.01401320878016132
2020-07-24,-0.005941706263963548
2020-07-27,0.0012780360014890103
2020-07-28,0.007419086124926026
2020-07-29,0.006283220110226414
2020-07-30,0.002628194518222676
2020-07-31,0.006961191384527768
2020-08-03,-0.0054542009477445
2020-08-04,0.0056075740283842435
2020-08-05,-0.0022185849565220118
2020-08-06,0.008528691198821978
2020-08-07,0.004123822651215076
2020-08-10,0.0212846485443931
2020-08-11,-0.002894874023741719
2020-08-12,-0.005093493339033331
2020-08-13,-0.00012688686880419037
2020-08-14,-0.005759552437732361
2020-08-17,0.013943490150254832
2020-08-18,0.0022316610565570145
2020-08-19,-0.0029236636031172198
2020-08-20,0.004390501278253817
2020-08-21,0.016285818053267006
2020-08-24,-0.005536884024404394
2020-08-25,-0.0027712138843901495
2020-08-26,-0.0022320647668405717
2020-08-27,0.0019360106522715989
2020-08-28,-0.005255928646772744
2020-08-31,-0.02449688994521903
2020-09-01,0.015285548695128142
2020-09-02,0.005818286816149229
2020-09-03,0.005565125952760335
2020-09-04,-0.017424278835342907
2020-09-07,0.005672389268488557
2020-09-08,-0.009694882802981778
2020-09-09,0.00409931195787911
2020-09-10,0.008087996945596561
2020-09-11,-0.0010582847556651353
2020-09-14,0.0018796079849685903
2020-09-15,0.005648334520433781
2020-09-16,0.007329771044299566
2020-09-17,-0.004642830592595908
2020-09-18,0.02511703343912608
2020-09-21,-0.026963156594305558
2020-09-22,-0.0002842895791504603
2020-09-23,-0.012552785616976252
2020-09-24,-0.03206131611841531
2020-09-25,0.02348973535171154
2020-09-28,0.014343444490093143
2020-09-29,-0.008536714686360162
2020-09-30,0.005113837133703891
2020-10-01,0.005836137609786408
2020-10-05,0.01362209700084269
2020-10-06,0.0026471618148675097
2020-10-07,-0.0020976407750058178
2020-10-08,0.01394890255947355
2020-10-09,-0.003863623439587567
2020-10-12,0.006625281859080139
2020-10-13,-0.007860429033568202
2020-10-14,-0.01264923701027729
2020-10-15,-0.010540578404098274
2020-10-16,0.006645279102343875
2020-10-19,0.0008364956241983562
2020-10-20,0.0009153966574365192
2020-10-21,0.003566515065400869
2020-10-22,0.0013432149878378904
2020-10-23,0.00695359403241881
2020-10-26,-0.003479130614344954
2020-10-27,0.01763598685454751
2020-10-28,-0.008238696675695933
2020-10-29,-0.0006269799228289809
2020-10-30,0.00282083150231511
2020-11-02,-0.006370008851656688
2020-11-03,-0.00033513599999999993
2020-11-04,0.004450767687855404
2020-11-05,0.01715834001109794
2020-11-06,-0.0021510931938156057
2020-11-09,0.010361753731320112
2020-11-10,-0.010262232719389643
2020-11-11,0.017299283606016354
2020-11-12,-0.0005546118515784942
2020-11-13,0.003996296936920795
2020-11-17,0.0015734293536977606
2020-11-18,-0.006287890517227486
2020-11-19,0.001885069445915744
2020-11-20,0.007087637726764916
2020-11-23,0.014700707888157184
2020-11-24,0.005284593807849144
2020-11-25,-0.011406893967204363
2020-11-26,0.008139749391157332
2020-11-27,-0.004982956674201424
2020-12-01,0.005137795282334646
2020-12-02,0.010824354093426613
2020-12-03,0.007709727551005189
2020-12-04,0.00918849320972883
2020-12-07,0.009794653912954997
2020-12-08,-0.004304289585772841
2020-12-09,0.009524841750908453
2020-12-10,0.00441240458313343
2020-12-11,0.002830866346203062
2020-12-14,0.009851034117510711
2020-12-15,-0.007356276008026996
2020-12-16,0.011722350969640702
2020-12-17,-0.0002792941069710421
2020-12-18,0.005142013712496965
2020-12-21,-0.03457154211903603
2020-12-22,0.017622073105025268
2020-12-23,0.011535217755958317
2020-12-24,0.005137973258455259
2020-12-28,0.005202421727300503
2020-12-29,-0.004370593409466696
2020-12-30,0.001732736250907605
2020-12-31,-0.000971198791795106
2021-01-04,0.012055696672229032
2021-01-05,0.001388944692979468
2021-01-06,0.0010765160640048262
2021-01-07,0.004408584676239555
2021-01-08,0.017475695405487855
2021-01-11,0.0052523755416569095
2021-01-12,0.001994967106212022
2021-01-13,0.004592859433782692
2021-01-14,0.0012711294077106263
2021-01-15,-0.011804074913398436
2021-01-18,-0.016853127210737322
2021-01-19,0.01576896776825736
2021-01-20,0.008590296125430195
2021-01-21,-0.008705090679517276
2021-01-22,-0.012775416059297422
2021-01-25,-0.003919683515681652
2021-01-27,-0.014106675901354752
2021-01-28,-0.006290244905870565
2021-01-29,-0.015592634893059624
2021-02-01,-0.0010881531428571427
2021-02-02,0.017384748183583022
2021-02-03,0.020258381253235806
2021-02-04,0.004057711157399232
2021-02-05,0.0019081077652924024
2021-02-08,0.009586975647122098
2021-02-09,-0.001781235953366368
2021-02-10,-0.0005104527618131746
2021-02-11,0.0025949193383210073
2021-02-12,-0.011519081413436771
2021-02-15,-0.0044425052442284675
2021-02-16,0.00623966328877818
2021-02-17,-0.009309621738020048
2021-02-18,0.006009882398826423
2021-02-19,-0.008171864877380189
2021-02-22,-0.02301500317634403
2021-02-23,0.0051536278822207895
2021-02-24,0.002049199952810915
2021-02-25,0.013346332170230443
2021-02-26,-0.028301049627196647
2021-03-01,-0.00010891999999999998
2021-03-02,0.011950220865097429
2021-03-03,0.008207993358687701
2021-03-04,-0.0035193596263886342
2021-03-05,-0.006744039594533246
2021-03-08,-9.293599999999999e-05
2021-03-09,-0.004545854250121306
2021-03-10,0.0047588961356099056
2021-03-12,-0.0026848602873879323
2021-03-15,0.0018408994511879126
2021-03-16,0.0034585575867816867
2021-03-17,-0.01604466371988787
2021-03-18,-0.010765296240729772
2021-03-19,0.015628741430158206
2021-03-22,0.006927250638696946
2021-03-23,-0.0009122618729121735
2021-03-24,-0.0064918988498555655
2021-03-25,-0.02067202774358868
2021-03-26,0.00927334779741918
2021-03-30,0.02708987446142912
2021-03-31,-0.003253046565566288
2021-04-01,0.005349390943689289
2021-04-05,-0.011259422028966829
2021-04-06,0.006725790799625228
2021-04-07,0.00986091995672192
2021-04-08,0.0039856255688528784
2021-04-09,0.004717259315120991
2021-04-12,-0.015751510056767296
2021-04-13,-0.0025184055605875933
2021-04-15,0.005203149656691514
2021-04-16,0.009984749290903717
2021-04-19,-0.013939779705240829
2021-04-20,0.001089896342054995
2021-04-22,-0.004228554795396376
2021-04-23,-0.0024706040216197615
2021-04-26,0.004720855174921254
2021-04-27,0.004734447435379259
2021-04-28,0.00618870872572987
2021-04-29,-0.002979753904149043
2021-04-30,-0.0031037638914142066
2021-05-03,0.005102085264780149
2021-05-04,-0.00789236252717732
2021-05-05,0.006676729211919911
2021-05-06,0.0026676316429088583
2021-05-07,0.005054460645512578
2021-05-10,0.01887269053756285
2021-05-11,0.007401933139874641
2021-05-12,-0.005170196433019008
2021-05-14,0.004984321914453849
2021-05-17,0.0004020755126220043
2021-05-18,0.008952088145549446
2021-05-19,0.007516902420468569
2021-05-20,-0.010138585441946967
2021-05-21,0.004242237339596604
2021-05-24,0.007054573994797902
2021-05-25,0.008254662446412476
2021-05-26,0.00012048845145082396
2021-05-27,-0.00028041417412531864
2021-05-28,-0.0056327154806222095
2021-05-31,0.008384576609156901
2021-06-01,-0.0003191654268240615
2021-06-02,0.0011468056264334846
2021-06-03,0.0038166198962493233
2021-06-04,-0.0016814540369919024
2021-06-07,0.009003400247270414
2021-06-08,0.004697858984652134
2021-06-09,0.0015629704025981366
2021-06-10,0.005395550847837685
2021-06-11,0.007274782992872717
2021-06-14,0.0008604910798145034
2021-06-15,0.0011395035838539108
2021-06-16,-0.002856323023925712
2021-06-17,-0.0057890074659573
2021-06-18,-0.007550491308099125
2021-06-21,0.00233268944361867
2021-06-22,-0.0008649339769619814
2021-06-23,-0.004222960390296142
2021-06-24,0.001810062047625875
2021-06-25,0.00045105452896553847
2021-06-28,0.00033934830961664217
2021-06-29,0.0019005767687939172
2021-06-30,-0.0035041750161255805
2021-07-01,0.0015386854744685878
2021-07-02,-0.0009979792753864384
2021-07-05,0.0031996161371204094
2021-07-06,-0.006770622521209626
2021-07-07,0.004528157347087033
2021-07-08,-0.007256554403192386
2021-07-09,-0.001075190518735625
2021-07-12,-0.001650053887807922
2021-07-13,0.001541685924098925
2021-07-14,0.0005179701698419326
2021-07-15,-0.0013664472811146032
2021-07-16,0.0017469253466400258
2021-07-19,-0.002411730659050215
2021-07-20,-0.0023440808582598956
2021-07-22,0.0030763273370768064
2021-07-23,0.0008456233467176507
2021-07-26,-0.002410768940332675
2021-07-27,-0.01594932055541898
2021-07-28,-0.006564711661850516
2021-07-29,-0.008030067860093028
2021-07-30,0.006490740760527961
2021-08-02,0.006910407148972089
2021-08-03,0.016382807661835107
2021-08-04,-0.0011968627087004203
2021-08-05,0.0059873628706616005
2021-08-06,-0.001968541973051172
2021-08-09,0.002858994134344907
2021-08-10,-0.0061231369882118105
2021-08-11,0.0033517365718067588
2021-08-12,0.0039496886751350085
2021-08-13,0.00066021434882648
2021-08-16,-0.001494107646194834
2021-08-17,0.009799173684151095
2021-08-18,0.0015236200704693953
2021-08-20,0.001114845510806704
2021-08-23,0.0003992612195905182
2021-08-24,0.0055449596328276205
2021-08-25,0.0026266080712455493
2021-08-26,-0.0026426736996222433
2021-08-27,0.006585499634139838
2021-08-30,0.007418863404618885
2021-08-31,0.013113782550051295
2021-09-01,-1.0490919432050395e-05
2021-09-02,0.014206260325608372
2021-09-03,0.004827840882854928
2021-09-06,-0.0006747927242824127
2021-09-07,-0.00021110283683734238
2021-09-08,-0.0008569938533771189
2021-09-09,0.006317348239502798
2021-09-13,0.005400348424758021
2021-09-14,0.001085005506365099
2021-09-15,0.008577809480694965
2021-09-16,0.004015625246949883
2021-09-17,-0.00535444930804511
2021-09-20,-0.007726309511670946
2021-09-21,0.0071524287468989695
2021-09-22,0.0021968937274692846
2021-09-23,0.0038895362167591934
2021-09-24,-0.0008967910391396914
2021-09-27,-0.004232767236968147
2021-09-28,0.01014545142498718
2021-09-29,0.015208175676549791
2021-09-30,-0.008376034355249438
2021-10-01,0.0036115653971504017
2021-10-04,-0.0018225973854855016
2021-10-05,0.003673497579897402
2021-10-06,-0.011947784154007376
2021-10-07,0.005079469370005184
2021-10-08,-0.0023347196213778783
2021-10-11,0.003347541467600742
2021-10-12,0.003592057238069149
2021-10-13,0.0035841810465919713
2021-10-14,0.0039164077027290375
2021-10-18,0.0003560688907371681
2021-10-19,-0.017004650587578867
2021-10-20,-0.01200192502112945
2021-10-21,-0.006031879260949275
2021-10-22,-0.01045012625204584
2021-10-25,-0.006463948869048359
2021-10-26,0.006859803471238862
2021-10-27,0.00010924376645924066
2021-10-28,-0.019631914304196044
2021-10-29,-0.0015272807499810122
2021-11-01,0.015902384916934083
2021-11-02,-0.005600536347258517
2021-11-03,-0.00020392063715822203
2021-11-04,0.008341923509025139
2021-11-08,0.011518772491589554
2021-11-09,-0.003684926391036818
2021-11-10,-0.002720228388280143
2021-11-11,-0.0074504301678066645
2021-11-12,0.008412267973768593
2021-11-15,0.009307774622526516
2021-11-16,-0.006488910192488791
2021-11-17,-0.004725046685990298
2021-11-18,-0.006442061992791222
2021-11-22,-0.010890865635883682
2021-11-23,0.013612525506270099
2021-11-24,-0.004086201002233313
2021-11-25,-0.00035254266500270434
2021-11-26,-0.001510341101337664
2021-11-29,-0.006407098586512958
2021-11-30,0.0036159682860930097
2021-12-01,0.0002718577290960968
2021-12-02,0.015220827341453084
2021-12-03,-0.0109819900743263
2021-12-06,-0.017771874063659494
2021-12-07,0.008417687215844193
2021-12-08,0.008412573463682025
2021-12-09,0.0011867238105598232
2021-12-10,0.0009461093714280128
2021-12-13,-0.006745019507492913
2021-12-14,0.006468985867520954
2021-12-15,-0.0066229304281314755
2021-12-16,-0.002694310572416264
2021-12-17,-0.013047275237899971
2021-12-20,-0.006023868950892028
2021-12-21,0.006732946881570509
2021-12-22,0.004821933759039235
2021-12-23,0.013603025428739658
2021-12-24,-0.006005074321163003
2021-12-27,0.00635340979376754
2021-12-28,0.007346423641076577
2021-12-29,0.0011067129578039119
2021-12-30,0.003958821717865968
2021-12-31,0.004960191425647112
2022-01-04,0.006996170586628128
2022-01-05,0.008053311416953628
2022-01-06,-0.0051082636483713376
2022-01-07,0.004966575588868486
2022-01-10,0.008414425866401154
2022-01-11,0.0008456311659897125
2022-01-12,0.006625136024674409
2022-01-13,0.005240423901611212
2022-01-14,-0.0016617656691068584
2022-01-17,0.004832603686406408
2022-01-18,-0.016188344300525376
2022-01-19,-0.005982848021129027
2022-01-20,-0.0053860778647954015
2022-01-21,-0.011653857676522815
2022-01-24,-0.02739838953879457
2022-01-25,0.012134318331740323
2022-01-27,-0.00968320000106056
2022-01-28,0.0021509147321968547
2022-01-31,0.012392589530525185
2022-02-01,0.01294720619349687
2022-02-02,0.010997037986138228
2022-02-03,-0.008676754671566127
2022-02-04,-0.0023636799095991035
2022-02-07,-0.01539081481173048
2022-02-08,0.002108370052266607
2022-02-09,0.013021372217157472
2022-02-10,0.006298580418315327
2022-02-11,-0.011601930442224809
2022-02-14,-0.03009526243762208
2022-02-15,0.027436473064655048
2022-02-16,0.0003700973930743247
2022-02-17,-0.0015845809229802356
2022-02-18,-0.0025929540148943012
2022-02-21,-0.008225536079125864
2022-02-22,-0.005924360114422504
2022-02-23,-0.001040652060779904
2022-02-24,-0.0505812144979392
2022-02-25,0.028338932845217813
2022-02-28,0.011469793548505532
2022-03-02,-0.0010615131428571428
2022-03-03,-0.007994607054426221
2022-03-04,-0.008864669350359
2022-03-07,-0.012399385463997962
2022-03-08,0.007624745551368453
2022-03-09,-0.00018863199999999997
2022-03-10,0.015388034021048713
2022-03-11,0.007205924629516318
2022-03-14,0.005479528639702405
2022-03-15,-0.0025513137101212933
2022-03-16,-7.404799999999999e-05
2022-03-17,0.013216921640651674
2022-03-21,-0.01412186090975013
2022-03-22,-0.0019062742117867178
2022-03-23,-0.007060606832278866
2022-03-24,0.005005378027059868
2022-03-25,-0.005803915742241774
2022-03-28,-0.0008083402047941147
2022-03-29,0.005366709178854569
2022-03-30,0.005336670679877752
2022-03-31,0.0015126151477024147
2022-04-01,0.009629822489667095
2022-04-04,0.012268775714500375
2022-04-05,0.00492447248260186
2022-04-06,-0.001468932996890562
2022-04-07,-0.004377024401230664
2022-04-08,0.0069580607536342595
2022-04-11,-0.002510319661711684
2022-04-12,-0.0033691021316764333
2022-04-13,-0.0024120882576156187
2022-04-18,-0.0029524207350591124
2022-04-19,-0.023441159801274224
2022-04-20,0.011841738425366368
2022-04-21,0.004761706281845487
2022-04-22,-0.010588687811452136
2022-04-25,-0.012801858057581803
2022-04-26,0.01770142671997913
2022-04-27,-0.00795023454383244
2022-04-28,0.008955817608634963
2022-04-29,-0.012007302980721692
2022-05-02,-0.004982917307449696
2022-05-04,-0.0068025972732916225
2022-05-05,-0.006257006024136698
2022-05-06,-0.011362229594510906
2022-05-09,-0.002305237601724747
2022-05-10,-0.005002861887011956
2022-05-11,0.0013375103515709701
2022-05-12,-0.01479799181854043
2022-05-13,0.005561682138697005
2022-05-16,-0.0013928263902379331
2022-05-17,0.017592044520443183
2022-05-18,0.0017637797440805056
2022-05-19,-0.02116819984643439
2022-05-20,0.029782032322481562
2022-05-23,-0.000847987146785141
2022-05-24,-0.0023649352040972134
2022-05-25,0.0009184013513259485
2022-05-26,0.00866282391417422
2022-05-27,0.0010949140231151207
2022-05-30,0.014360241177869656
2022-05-31,0.009114907399843608
2022-06-01,-0.01581265389226005
2022-06-02,0.004134447605439634
2022-06-03,-0.008745388079439836
2022-06-06,0.0028813513487053015
2022-06-07,-0.007622515397996206
2022-06-08,-0.0026142341954016185
2022-06-09,0.00870466013907267
2022-06-10,-0.0048806995163204895
2022-06-13,-0.013152237910216677
2022-06-14,-0.0014187292644440915
2022-06-15,-0.002869973393611472
2022-06-16,-0.01632743355644833
2022-06-17,-0.016969298490827504
2022-06-20,0.006055073596670575
2022-06-21,0.015574995502024713
2022-06-22,-0.011649421859464014
2022-06-23,0.012980727840713347
2022-06-24,0.008131435613310683
2022-06-27,0.007846288104484001
2022-06-28,0.0061935679418916355
2022-06-29,-0.00025071528908309805
2022-06-30,-0.0038138848643741855
2022-07-01,0.002324117550595955
2022-07-04,0.0030376628712978568
2022-07-05,-0.00021103878170284762
2022-07-06,0.011380804754433631
2022-07-07,0.00045307613789861696
2022-07-08,0.0058069108985378615
2022-07-11,7.376174707961246e-05
2022-07-12,-0.012909738482099423
2022-07-13,0.002711389620682319
2022-07-14,0.003070922670889651
2022-07-15,0.009637273342741304
2022-07-18,0.004449553734881382
2022-07-19,-0.003317255220536778
2022-07-20,0.01302754459977684
2022-07-21,0.002899005379061837
2022-07-22,0.0010809971848005817
2022-07-25,-0.008758260353798517
2022-07-26,-0.012702125743232866
2022-07-27,0.008945092023000666
2022-07-28,0.011462411285988702
2022-07-29,0.014391188201423332
2022-08-01,0.010107213578678552
2022-08-02,-0.0019970706724303892
2022-08-03,0.0013888776418697383
2022-08-04,0.010433163147184198
2022-08-05,-0.0025467954476271794
2022-08-08,-0.0012748246190005712
2022-08-10,0.0017266868975196234
2022-08-11,-0.0002439934680851508
2022-08-12,0.0020475325931698877
2022-08-16,0.008007016034669577
2022-08-17,0.0006014057156802552
2022-08-18,-0.0014432573805234876
2022-08-19,-0.00517278155720516
2022-08-22,-0.007381770000810728
2022-08-23,0.004723611167435733
2022-08-24,0.0005145518508532131
2022-08-25,-0.004978035205528357
2022-08-26,0.0012624878689643313
2022-08-29,-0.00545726815476366
2022-08-30,0.017628358032389782
2022-09-01,-0.013050399081101147
2022-09-02,-0.005756006084216477
2022-09-05,-0.0016800469957818556
2022-09-06,-0.0012650983378090792
2022-09-07,0.0037462561342965503
2022-09-08,0.0026127913186170674
2022-09-09,0.0008954447387461766
2022-09-12,0.0030180762827772636
2022-09-13,0.006459729798113934
2022-09-14,-0.005136616644125484
2022-09-15,-0.00885385193929003
2022-09-16,-0.017567340253585414
2022-09-19,0.003690773440608381
2022-09-20,0.014035967780529474
2022-09-21,-0.0050244146457521874
2022-09-22,-0.0035058519802768067
2022-09-23,-0.011051708882849905
2022-09-26,-0.010181603218696194
2022-09-27,0.009349042026815173
2022-09-28,0.002067405932238549
2022-09-29,0.005713126866787901
2022-09-30,0.006834742013620833
2022-10-03,-0.0021832026586311483
2022-10-04,0.014297262055066855
2022-10-06,-0.004151724495090261
2022-10-07,0.0005962381781276665
2022-10-10,-0.0020480454936138044
2022-10-11,-0.019287874230249885
2022-10-12,0.008975775277045055
2022-10-13,-0.003829800269705143
2022-10-14,0.003702314873424887
2022-10-17,0.00253400626869725
2022-10-18,0.010569654929169352
2022-10-19,0.002186575281862322
2022-10-20,0.009740518815855824
2022-10-21,0.002540271042820222
2022-10-24,0.010787508527880192
2022-10-25,-0.006903194246787299
2022-10-27,0.004849414989809207
2022-10-28,0.003659386061513647
2022-10-31,0.0077734930126411245
2022-11-01,0.011548582588080707
2022-11-02,-0.007245148331799552
2022-11-03,-0.0001355297079436783
2022-11-04,-0.002530898440946559
2022-11-07,0.0103544261951821
2022-11-09,-0.004498291184478002
2022-11-10,-0.006349950052438504
2022-11-11,0.007389600835889818
2022-11-14,-0.002135222220065882
2022-11-15,0.005324222363054044
2022-11-16,0.0019614493179135393
2022-11-17,-0.0038216349290671994
2022-11-18,-0.00693223501434273
2022-11-21,-0.004052605226824789
2022-11-22,0.001397033988586423
2022-11-23,6.176770639441839e-05
2022-11-24,0.00971515472507353
2022-11-25,0.0008457275479943375
2022-11-28,0.0025206445787546916
2022-11-29,0.007708751774211416
2022-11-30,0.011910718800700259
2022-12-01,-0.0010910378766925979
2022-12-02,-0.006209736005080742
2022-12-05,0.00020371574907853936
2022-12-06,-0.001643414771278171
2022-12-07,-0.005580153861703963
2022-12-08,-2.454832810304332e-05
2022-12-09,1.2213941640276237e-06
2022-12-12,0.0002438072598150414
2022-12-13,0.0062714169240379
2022-12-14,0.0012207789218226309
2022-12-15,-0.008151144253382493
2022-12-16,-0.010149648645110707
2022-12-19,0.010665499059970468
2022-12-20,-0.004012894998706446
2022-12-21,0.001864873781043832
2022-12-22,-0.003207998344873522
2022-12-23,-0.011780948103403546
2022-12-26,0.0001548897547237805
2022-12-27,0.002342206439861767
2022-12-28,-6.0715506063238004e-05
2022-12-29,0.0012375530901825946
2022-12-30,-0.006596715837578806
2023-01-03,0.0029305516201693135
2023-01-04,-0.009240960388692111
2023-01-05,0.002259817197624979
2023-01-06,-0.007237007277176586
2023-01-09,0.011114867165281548
2023-01-10,-0.007042868031747339
2023-01-11,-0.0034506176636581233
2023-01-12,-0.0010583041724886208
2023-01-13,0.0061408553432492526
2023-01-16,-0.0025329532920761342
2023-01-17,0.005574687122029075
2023-01-18,0.005019390250153273
2023-01-19,-0.0024473094918918
2023-01-20,-0.007284964675920242
2023-01-23,0.004215803519972245
2023-01-24,-0.002551611635567022
2023-01-25,-0.009757859343750057
2023-01-27,-0.014841246785574086
2023-01-30,0.0012715836241244084
2023-01-31,0.0023002142436862228
2023-02-01,-0.017549224353223133
2023-02-02,-0.010086974327053999
2023-02-03,0.010112767860764045
2023-02-06,-0.0012357888744848596
2023-02-07,-0.0007711896811439837
2023-02-08,0.012427970224700451
2023-02-09,-0.0008222118394854451
2023-02-10,-0.002292359212588923
2023-02-13,-0.00533942499093984
2023-02-14,0.0034842747297908244
2023-02-15,0.007569532869414305
2023-02-16,0.004159308698236249
2023-02-17,-0.005349759517828518
2023-02-20,-0.004800961741358734
2023-02-21,-0.003484685896440002
2023-02-22,-0.015424715690611239
2023-02-23,-0.002077189373128083
2023-02-24,-0.0026938300344535194
2023-02-27,-0.008040511949265645
2023-02-28,-0.0031191138408285394
2023-03-01,0.011381292197751067
2023-03-02,-0.0033979137178735174
2023-03-03,0.013435373161976035
2023-03-06,0.005463717093737808
2023-03-08,0.0035763866868015266
2023-03-09,-0.008169211168900431
2023-03-10,-0.005399088290482134
2023-03-13,-0.013118132804517155
2023-03-14,-0.007697307081766549
2023-03-15,0.0013238831293338796
2023-03-16,0.0022857600924444136
2023-03-17,0.0062833500761787925
2023-03-20,-0.007805922231799744
2023-03-21,0.0030964736948758146
2023-03-22,0.0028440511243294194
2023-03-23,-0.002369335923073777
2023-03-24,-0.009777289198698415
2023-03-27,0.0004829821004482738
2023-03-28,-0.00626731059480994
2023-03-29,0.01274795765547675
2023-03-31,0.010473814453689362
2023-04-03,0.004075618051489268
2023-04-05,0.004372274702803456
2023-04-06,0.002509927519546961
2023-04-10,0.004797608745586305
2023-04-11,0.0065317859014251585
2023-04-12,0.005484729695188107
2023-04-13,0.0011159244592892552
2023-04-17,-0.00039673664782641417
2023-04-18,8.213061714062132e-05
2023-04-19,-0.003179951327463256
2023-04-20,-0.0006415817200567611
2023-04-21,-0.002263076209210582
2023-04-24,0.006074347011922425
2023-04-25,0.002647840414270394
2023-04-26,0.0026344393241500364
2023-04-27,0.006133690901981548
2023-04-28,0.010090570866439842
2023-05-02,0.006223507229630053
2023-05-03,-0.004147350846914545
2023-05-04,0.0073435034721790835
2023-05-05,-0.0036259348685562577
2023-05-08,0.009507571432759175
2023-05-09,0.00030720650619815373
2023-05-10,0.002951302378216096
2023-05-11,-0.00036818348487689906
2023-05-12,-0.0023667213917445743
2023-05-15,0.00313116394482887
2023-05-16,-0.001887034746104253
2023-05-17,-0.003976909132252776
2023-05-18,-0.0063527732951157425
2023-05-19,0.0022026440630338517
2023-05-22,0.011223029040143214
2023-05-23,0.004799190230645633
2023-05-24,-0.000124143854536002
2023-05-25,0.0031808929136412536
2023-05-26,0.008643055110501447
2023-05-29,0.004627074088535333
2023-05-30,-0.00017839792124673673
2023-05-31,-0.0011468668560500194
2023-06-01,-0.0003136416059978327
2023-06-02,0.005206746557605884
2023-06-05,0.0018943120937038246
2023-06-06,0.0023678913138386716
2023-06-07,0.009617181398316509
2023-06-08,-0.006520055811386845
2023-06-09,-0.004295373665852489
2023-06-12,0.004202535550112474
2023-06-13,0.005538284790884805
2023-06-14,0.0036699896894012663
2023-06-15,0.00011973411787023793
2023-06-16,0.0060925628015524235
2023-06-19,-0.0038855739889195593
2023-06-20,0.003578039209314787
2023-06-21,0.0004830252938381121
2023-06-22,-0.006337650193099652
2023-06-23,-0.008674436716108423
2023-06-26,0.0052408218890611005
2023-06-27,0.005098163339982281
2023-06-28,0.008178077609945402
2023-06-30,0.009837493475608848
2023-07-03,0.0035031605815455265
2023-07-04,0.003280673974978279
2023-07-05,0.00672972605346629
2023-07-06,0.005618211701022161
2023-07-07,-0.009981113864263421
2023-07-10,-0.0023004761285594683
2023-07-11,0.005650649185469981
2023-07-12,-0.001398787058203239
2023-07-13,-0.0022890979825263484
2023-07-14,0.007693129456199805
2023-07-17,0.003934230649866753
2023-07-18,-0.001326457784993665
2023-07-19,0.003830971603571008
2023-07-20,0.005691580078707152
2023-07-21,-0.007416883256780564
2023-07-24,0.00019324366440588784
2023-07-25,0.0016286806300573678
2023-07-26,0.003390159033151269
2023-07-27,-0.00458628259568837
2023-07-28,0.002692058900782792
2023-07-31,0.005663714242598535
2023-08-01,-0.0013509429529939357
2023-08-02,-0.010181842756436806
2023-08-03,-0.005863531471475763
2023-08-04,0.004104242357746181
2023-08-07,0.005476383921440073
2023-08-08,-0.0009549498652653811
2023-08-09,0.005493063505977094
2023-08-10,-0.0027447265643640245
2023-08-11,-0.005818554622212056
2023-08-14,-0.003409598365616451
2023-08-16,0.0013835855930377952
2023-08-17,-0.00218468234534575
2023-08-18,-0.003139320132024287
2023-08-21,0.007474695786013534
2023-08-22,0.0012878662757073338
2023-08-23,0.0006776716117124276
2023-08-24,-0.002036077050755489
2023-08-25,-0.0067394117318591365
2023-08-28,0.002838841026831776
2023-08-29,0.004320763506514388
2023-08-30,0.0007227251989324816
2023-08-31,-0.006897721964666195
2023-09-01,0.012259425713779575
2023-09-04,0.007448598982397594
2023-09-05,0.002995801912444529
2023-09-06,0.0020401181091077667
2023-09-07,0.005293652564193219
2023-09-08,0.004067242973726185
2023-09-11,0.01061363920419386
2023-09-12,-0.006469858025177288
2023-09-13,0.004844591351887678
2023-09-14,0.004829552598002414
2023-09-15,0.0034031852890903775
2023-09-18,0.0012979179974450736
2023-09-20,-0.008391902599047105
2023-09-21,-0.006220007372845487
2023-09-22,-0.0025528973957442283
2023-09-25,0.0009320730374999543
2023-09-26,0.0004482328318495671
2023-09-27,0.002191683874210731
2023-09-28,-0.012543004201921967
2023-09-29,0.009000777110773652
2023-10-03,-0.006581793404103885
2023-10-04,-0.007723203658592324
2023-10-05,0.0035023024195628845
2023-10-06,0.006936436919476681
2023-10-09,-0.007765854206998235
2023-10-10,0.009919880821173574
2023-10-11,0.006849434889856906
2023-10-12,-0.00011800669979327115
2023-10-13,4.2579634324070104e-05
2023-10-16,9.316518160508727e-05
2023-10-17,0.004783432722239833
2023-10-18,-0.004602838072999098
2023-10-19,0.00032822564051656364
2023-10-20,-0.005688700300253987
2023-10-23,-0.015506585382702016
2023-10-25,-0.006950726095333009
2023-10-26,-0.014582346803830543
2023-10-27,0.009828388077378538
2023-10-30,0.002648706626083289
2023-10-31,9.891402189046838e-05
2023-11-01,-0.0052575532090923145
2023-11-02,0.00875316192875083
2023-11-03,0.005655184202491771
2023-11-06,0.011107690306146568
2023-11-07,0.002244394598113487
2023-11-08,0.0035384099595432185
2023-11-09,-0.0007798461020054014
2023-11-10,0.000993326445867444
2023-11-13,0.0032757881929281994
2023-11-15,0.01179041562515332
2023-11-16,0.0059564749125156176
2023-11-17,0.0016028732374681132
2023-11-20,-0.001989306488427415
2023-11-21,0.004165734519694297
2023-11-22,0.0017893165316535619
2023-11-23,6.872719369668718e-05
2023-11-24,-0.0014746548549524365
2023-11-28,0.010101099221338847
2023-11-29,0.007488317403942548
2023-11-30,0.0065697594825410216
2023-12-01,0.004500070046276786
2023-12-04,0.018305324761429664
2023-12-05,0.010215794361832264
2023-12-06,0.001312000493672423
2023-12-07,0.000617040765060782
2023-12-08,-0.0011872829048693017
2023-12-11,0.0011785290632853088
2023-12-12,-0.001537434257541924
2023-12-13,0.00372740549241768
2023-12-14,0.008830443943516586
2023-12-15,0.011451182111152126
2023-12-18,-0.0012285330013453292
2023-12-19,0.0015920836331223048
2023-12-20,-0.01920693717282545
2023-12-21,0.004273750962732706
2023-12-22,0.008367033220444933
2023-12-26,0.008134807790748409
2023-12-27,0.009275705632945502
2023-12-28,0.009473231166429489
2023-12-29,-0.0020386450880676885
2024-01-02,-0.0012782812792771093
2024-01-03,-0.005129607176275867
2024-01-04,0.004964475300798022
2024-01-05,0.0013186480815836244
2024-01-08,-0.008497302812578805
2024-01-09,0.003655901689119244
2024-01-10,0.0006233317417891873
2024-01-11,0.0023020639144264096
2024-01-12,0.008236883158653894
2024-01-15,0.006337685978362768
2024-01-16,-0.002364578340953848
2024-01-17,-0.013131889373699109
2024-01-18,-0.003937122465904483
2024-01-19,0.010847249811953072
2024-01-23,-0.020096552853279083
2024-01-24,0.014259343567044697
2024-01-25,-0.004974934226722972
2024-01-29,0.015733878726021763
2024-01-30,-0.007757212126551433
2024-01-31,0.011348391757626322
2024-02-01,-0.0010870539257272726
2024-02-02,0.01296450711610674
2024-02-05,-0.0030465214505795593
2024-02-06,0.01081610397770839
2024-02-07,0.002583866134155022
2024-02-08,-0.008256397605056
2024-02-09,0.001411672353844557
2024-02-12,-0.007661047965532745
2024-02-13,0.003762329294022712
2024-02-14,0.007411977063318647
2024-02-15,0.005086001168715599
2024-02-16,0.00779818109545356
2024-02-19,0.003482087396500389
2024-02-20,0.0011667645308484093
2024-02-21,-0.0071959664841738874
2024-02-22,0.007185233146284474
2024-02-23,-0.0008811950087860471
2024-02-26,-0.004135247612079116
2024-02-27,0.002062772576683877
2024-02-28,-0.014688550937813941
2024-02-29,0.001487964901408762
2024-03-01,0.013780807586765632
2024-03-04,0.004132057237942809
2024-03-05,-0.0024453520599721857
2024-03-06,0.004296627197840527
2024-03-07,0.003506202325364664
2024-03-11,-0.004076919715188005
2024-03-12,-0.005453115630580818
2024-03-13,-0.023509204641646873
2024-03-14,0.01202859653199173
2024-03-15,-0.005215000724057967
2024-03-18,0.0013728502766172932
2024-03-19,-0.013690091745277851
2024-03-20,0.002023933478945354
2024-03-21,0.010788318876698715
2024-03-22,0.007525364426389613
2024-03-26,-0.001677169905881109
2024-03-27,-0.0005020625088349096
2024-03-28,0.013103522093900874
2024-04-01,0.006544278436614679
2024-04-02,0.002760126925023426
2024-04-03,-0.0020942335410825325
2024-04-04,0.0013918812718031334
2024-04-05,-0.0019582010589932084
2024-04-08,0.007004431907808384
2024-04-09,-0.0015913966523480364
2024-04-10,0.005817586905887779
2024-04-12,-0.010549885322066334
2024-04-15,-0.010054803936169907
2024-04-16,-0.004840779499176032
2024-04-18,-0.00907095905628958
2024-04-19,0.00450038519371048
2024-04-22,0.010943909745464052
2024-04-23,0.0013434162344514917
2024-04-24,0.0027256491698791933
2024-04-25,0.009168480722369518
2024-04-26,-0.005622131524428685
2024-04-29,0.004324344548557653
2024-04-30,-0.0006417368504734339
2024-05-02,0.0033153972848650403
2024-05-03,-0.005439726183284626
2024-05-06,-0.003954962246621649
2024-05-07,-0.007230815264429728
2024-05-08,0.0016576295559061322
2024-05-09,-0.01803591284160571
2024-05-10,0.009802077167183895
2024-05-13,0.005865993463442166
2024-05-14,0.0053026741406725
2024-05-15,0.001383435951080842
2024-05-16,0.008103902733562549
2024-05-17,0.0019311951299875504
2024-05-21,0.00800415030960527
2024-05-22,0.0031463963955948126
2024-05-23,0.01320895265623512
2024-05-24,-0.0021830795397821457
2024-05-27,-0.0020006143685755116
2024-05-28,-0.0002617169660436685
2024-05-29,-0.005465554533230299
2024-05-30,-0.015234354009222033
2024-05-31,0.0014664001881767694
2024-06-03,0.028298593822564982
2024-06-04,-0.0562875365042916
2024-06-05,0.03557313567606361
2024-06-06,0.00802829004464285
2024-06-07,0.01918483774349484
2024-06-10,0.002102260952917663
2024-06-11,0.002282691846950072
2024-06-12,0.003100773463844139
2024-06-13,0.00469483721242943
2024-06-14,0.0029713342796830033
2024-06-18,0.0027700948169158126
2024-06-19,-0.008050734394431644
2024-06-20,0.0013811531710534199
2024-06-21,-0.0034523117388012385
2024-06-24,0.0016908630371125395
2024-06-25,0.0011716569416622413
2024-06-26,0.0010454995377890458
2024-06-27,0.00823776089882615
2024-06-28,0.0016297417338211094
2024-07-01,0.004174568983728689
2024-07-02,-0.0022171891900337613
2024-07-03,0.007089308155997571
2024-07-04,-0.00014209957314106225
2024-07-05,0.006163804623568695
2024-07-08,-0.0024031221792625993
2024-07-09,0.0062566105202392615
2024-07-10,-0.0013875084448578712
2024-07-11,-6.804106584312705e-05
2024-07-12,0.006168711005399374
2024-07-15,0.005812837362689039
2024-07-16,0.0025826791936572
2024-07-18,0.0054760464903262345
2024-07-19,-0.016489837071881643
2024-07-22,0.0007851879664256996
2024-07-23,0.001357314654953441
2024-07-24,-0.0015544617059073766
2024-07-25,0.0013556208284873966
2024-07-26,0.019942339182480975
2024-07-29,0.0012146141855424557
2024-07-30,0.0019808935173034016
2024-07-31,0.005821477951105786
2024-08-01,0.002488499206270463
2024-08-02,-0.013953105797432194
2024-08-05,-0.024462626430356814
2024-08-06,-0.0026927733612639106
2024-08-07,0.01528901167564542
2024-08-08,-0.010507625074644087
2024-08-09,0.010156000442421747
2024-08-12,-0.0014432314973604305
2024-08-13,-0.007598440135939318
2024-08-14,-0.004610494225535296
2024-08-16,0.016428071246249846
2024-08-19,0.003756592883829969
2024-08-20,0.007538084058246937
2024-08-21,0.006543311073597251
2024-08-22,0.001849116132118666
2024-08-23,0.00015370799092601642
2024-08-26,0.0069490639480645905
2024-08-27,-0.0005217382977749751
2024-08-28,0.0011718200217972381
2024-08-29,0.0033140156028010083
2024-08-30,0.00589132344807202
2024-09-02,0.002768577038810874
2024-09-03,-0.0004931107521204694
2024-09-04,-0.0025498635701887767
2024-09-05,-0.0014666221434321584
2024-09-06,-0.009605817194364891
2024-09-09,0.0001860228525808992
2024-09-10,0.004297801917359153
2024-09-11,-0.0051140106843923375
2024-09-12,0.019453107776084843
2024-09-13,-0.0006043136760450095
2024-09-16,-0.000300576048045251
2024-09-17,0.000633109463180987
2024-09-18,-0.0037395933995850363
2024-09-19,-0.0011808370268819623
2024-09-20,0.012161779943721108
2024-09-23,0.007288654823264246
2024-09-24,0.0007338081064888882
2024-09-25,0.0014038278719686042
2024-09-26,0.010374848823112983
2024-09-27,0.004193793621795399
2024-09-30,-0.008147795512553036
2024-10-01,-0.00015361842731091333
2024-10-03,-0.02018096801791787
2024-10-04,-0.009613511663146345
2024-10-07,-0.011507539330415479
2024-10-08,0.005676700722405156
2024-10-09,0.001747458150878896
2024-10-10,-0.0005974294862034219
2024-10-11,0.000865686701399841
2024-10-14,0.004712457645873827
2024-10-15,-0.0046339469704723794
2024-10-16,-0.002685974841399257
2024-10-17,-0.0133715085996716
2024-10-18,0.004191324492209637
2024-10-21,-0.008761340521951823
2024-10-22,-0.015709455239991683
2024-10-23,-0.0024670822384460687
2024-10-24,-0.0036301874026769144
2024-10-25,-0.01657244269470499
2024-10-28,0.007690750885073554
2024-10-29,0.0031695622169901913
2024-10-30,-0.001010099689014103
2024-10-31,-0.002427531664185098
2024-11-01,0.004857985528191804
2024-11-04,-0.014219333520951486
2024-11-05,0.009324387666910138
2024-11-06,0.011680038459978217
2024-11-07,-0.01103385273653383
2024-11-08,-0.001691095906287485
2024-11-11,-0.007150782125108321
2024-11-12,-0.01156180680801361
2024-11-13,-0.015003375346974244
2024-11-14,-0.002377285750728055
2024-11-18,-0.0026298926688939853
2024-11-19,0.0017428533202979502
2024-11-21,-0.013520711025873369
2024-11-22,0.021660600429023274
2024-11-25,0.010235633039731292
2024-11-26,-0.0036341676266333665
2024-11-27,0.0036927518136340596
2024-11-28,-0.015310754468455156
2024-11-29,0.00892166000756442
2024-12-02,0.006411298076568925
2024-12-03,0.006885156305215982
2024-12-04,-0.0009960158595290545
2024-12-05,0.0059924700345400355
2024-12-06,0.00040645447866062095
2024-12-09,-0.003606251114726576
2024-12-10,-0.0016536680834686973
2024-12-11,0.002538078711118964
2024-12-12,-0.0048589820821141
2024-12-13,0.006828551909423691
2024-12-16,-0.004097426441718843
2024-12-17,-0.013714393988243664
2024-12-18,-0.005154484475884512
2024-12-19,-0.005788340582585044
2024-12-20,-0.01525807765840222
2024-12-23,0.004707550271669608
2024-12-24,-0.00207966706758046
2024-12-26,0.0026979635911845534
2024-12-27,0.0015998257704934286
2024-12-30,-0.0034670699407156075
2024-12-31,0.0008695862037134248
2025-01-02,0.020564928101724445
2025-01-03,-0.003057328847106007
2025-01-06,-0.017569475012116288
2025-01-07,0.005447723387725227
2025-01-08,-0.0007418631216957956
2025-01-09,-0.005215682054089393
2025-01-10,-0.006608299544414405
2025-01-13,-0.01949001461898005
2025-01-14,0.008671130560117275
2025-01-15,0.00047413720248563743
2025-01-16,0.0047851326411599586
2025-01-17,0.0017639011716016964
2025-01-20,0.00712290359078743
2025-01-21,-0.011188905528833074
2025-01-22,0.003681115727601368
2025-01-23,0.004909936799957258
2025-01-24,-0.005912106222894622
2025-01-27,-0.014466919776096586
2025-01-28,-0.0006833160397195636
2025-01-29,0.012405997701426802
2025-01-30,0.006255668576979283
2025-01-31,0.014420021655256451
2025-02-01,-0.0017623770992421057
2025-02-03,-0.003958810951939967
2025-02-04,0.013107462223502623
2025-02-05,-0.00032111354902610327
2025-02-06,-0.003276367661548671
2025-02-07,0.002346334877649221
2025-02-10,-0.009742775404537926
2025-02-11,-0.01618489820902205
2025-02-12,0.0012690918255735205
2025-02-13,0.0009987354064784288
2025-02-14,-0.010300629778262384
2025-02-17,0.0054892879505271264
2025-02-18,-7.675205747124437e-05
2025-02-19,0.0001299352361809488
2025-02-20,0.0029973438067097506
2025-02-21,-0.0060518288131776905
2025-02-24,-0.009076714407365643
2025-02-25,-0.0023573590681955784
2025-02-27,-0.0025866695477365655
2025-02-28,-0.02517468528713918
2025-03-03,0.0019629290922786964
2025-03-04,-0.003060539821823943
2025-03-05,0.016481157053135596
2025-03-06,0.011630546584557764
2025-03-07,-0.001070364539014241
2025-03-10,-0.006890091847416972
2025-03-11,-0.0034372469479444965
2025-03-12,-0.0028140999718281323
2025-03-13,-0.004939700040212461
2025-03-17,0.006535604005521263
2025-03-18,5.744769499406873e-05
2025-03-19,0.018873379027268877
2025-03-20,0.011104387085086922
2025-03-21,0.008133372850278231
2025-03-24,0.010574391672328615
2025-03-25,-0.002953736866540857
2025-03-26,-0.0072088718409663854
2025-03-27,0.006879149058988033
2025-03-28,-0.005400996786061393
2025-04-01,-0.007503197883717292
2025-04-02,0.008180260657779962
2025-04-03,-0.0011255630434584512
2025-04-04,-0.022259527110233924
2025-04-07,-0.029275372832151265
2025-04-08,0.01906790486066848
2025-04-09,-0.003989832727628616
2025-04-11,0.0201147657680811
2025-04-15,0.01992213672527997
2025-04-16,0.005959287111125378
2025-04-17,0.010006770784633325
2025-04-21,0.013296056306390724
2025-04-22,-0.0020145729127329154
2025-04-23,0.009324899228843246
2025-04-24,0.0007038260726643954
2025-04-25,-0.011472765921794555
2025-04-28,0.01090189675276555
2025-04-29,-0.0029166885053248525
2025-04-30,-0.0009165293934661168
2025-05-02,-0.0032445803166775535
2025-05-05,0.008055511804654894
2025-05-06,-0.004488089052796133
2025-05-07,0.0006153211958147215
2025-05-08,-0.009964786837777845
2025-05-09,-0.0060570807512101725
2025-05-12,0.0321039213046523
2025-05-13,-0.010774040361800425
2025-05-14,0.005568462458501881
2025-05-15,0.015377535368159027
2025-05-16,-0.00037838966296072356
2025-05-19,-0.0008481495751331359
2025-05-20,-0.01151724058075348
2025-05-21,0.005343580830836166
2025-05-22,-0.008435871751213157
2025-05-23,0.009370492723977148
2025-05-26,0.007148945195190787
2025-05-27,-0.005965905897212687
2025-05-28,-0.004354877487184506
2025-05-29,0.0033442269802350677
2025-05-30,-0.006898403307980329
2025-06-02,-0.0007768159902343565
2025-06-03,-0.007571419739234656
2025-06-04,0.0019149683243728467
2025-06-05,0.0022458490266598144
2025-06-06,0.010698656977212138
2025-06-09,0.0066564862368083295
2025-06-10,0.002561295635354766
2025-06-11,0.00276238653179108
2025-06-12,-0.010393325003920616
2025-06-13,-0.006108893676895913
2025-06-16,0.010022512389922102
2025-06-17,-0.005183422673362835
2025-06-18,-0.001697297915692232
2025-06-19,-0.0018435077010596412
2025-06-20,0.009242264967281076
2025-06-23,-0.003158151183062465
2025-06-24,0.004263760636024392
2025-06-25,0.00748512319545382
2025-06-26,0.009830212776550046
2025-06-27,0.004190941060322509
2025-06-30,-0.0029421632291501544
2025-07-01,0.0005120465267211819
2025-07-02,-0.0007198777697173719
2025-07-03,-0.0012127056020681368
2025-07-04,0.003414408295263059
2025-07-07,0.0008880225638729037
2025-07-08,0.00035360409173681106
2025-07-09,-0.0025618772509335705
2025-07-10,-0.004023490311852986
2025-07-11,-0.007291700940994626
2025-07-14,-0.0013352716454398848
2025-07-15,0.005480955112283006
2025-07-16,0.0012640909369668447
2025-07-17,-0.001442534980394595
2025-07-18,-0.003643972658285777
2025-07-21,0.0016267465209046045
2025-07-22,-0.0033261352503844844
2025-07-23,0.004308315028486758
2025-07-24,-0.0057881045197157146
2025-07-25,-0.009680081306444412
2025-07-28,-0.005560731772753102
2025-07-29,0.004792855265792283
2025-07-30,0.0011852077860609374
2025-07-31,-0.004942364856493172
2025-08-01,-0.012895114376110581
2025-08-04,0.01179884017701115
2025-08-05,-0.0008608549784625839
2025-08-06,-0.006758955242326993
2025-08-07,0.0017135467328194866
2025-08-08,-0.008166966785307988
2025-08-11,0.00809814386741216
2025-08-12,-0.0003699251399685411
2025-08-13,0.00704536886702281
2025-08-14,-0.0015756868069860797
2025-08-18,0.014928915511728024
2025-08-19,0.004451011603959612
2025-08-20,0.004794777459932505
2025-08-21,-0.00011998860427185948
2025-08-22,-0.00804720314850527
2025-08-25,0.004784415546749731
2025-08-26,-0.008331282268734058
2025-08-28,-0.005959928163737022
2025-08-29,-0.001978648753388066
2025-09-01,0.011002034200575304
2025-09-02,0.0006783067661830566
2025-09-03,0.0060280165401817845
2025-09-04,-0.0011277044243693725
2025-09-05,-0.0007395066686157214
2025-09-08,0.0010269186047615762
2025-09-09,0.005931752733637926
2025-09-10,0.005117137274328728
2025-09-11,0.0014947345414736575
2025-09-12,0.0022367337251755774
2025-09-15,-0.002821145362010315
2025-09-16,0.006955101085427728
2025-09-17,0.0027558951841949713
2025-09-18,0.002801932935130275
2025-09-19,-0.000359851389064269
2025-09-22,-0.003845430657637432
2025-09-23,-0.0011081103699528928
2025-09-24,-0.0031866103715616585
2025-09-25,-0.007130776968832825
2025-09-26,-0.012731553359549617
2025-09-29,0.0008107201470936843
2025-09-30,0.0017186132116670738
2025-10-01,0.006110000530396604
2025-10-03,0.004330398837230071
2025-10-06,0.005078322718088672
2025-10-07,0.0007663642018622736
2025-10-08,-0.0033929807302165286
2025-10-09,0.00642001807599732
2025-10-10,0.00512037126646598
2025-10-13,-0.0015009781961400595
2025-10-14,-0.004495882251967439
2025-10-15,0.007933286544259103
2025-10-16,0.009600353460372846
2025-10-17,0.002499843054573455
2025-10-20,0.005602520319145235
2025-10-21,0.0013181574142858787
2025-10-23,-1.8678675195196845e-05
2025-10-24,-0.00440699328410339
2025-10-27,0.006993641285738112
2025-10-28,1.973763239330041e-05
2025-10-29,0.006907350341068707
2025-10-30,-0.004574093806316242
2025-10-31,-0.005290227391251278
2025-11-03,0.0018031065964343104
2025-11-04,-0.006041355106798114
2025-11-06,-0.004681645600794778
2025-11-07,0.0020597282931828845
2025-11-10,0.00232243697590642
2025-11-11,0.0031123633247851115
2025-11-12,0.008707783158691265
2025-11-13,0.00041043446564214083
2025-11-14,-0.0004246550469750818
2025-11-17,0.005504085752677516
2025-11-18,-0.005728331858428398
2025-11-19,0.0037198193561784935
2025-11-20,0.0032642298456260197
2025-11-21,-0.004293902368649873
2025-11-24,-0.004644891845848722
2025-11-25,-0.001234500760198742
2025-11-26,0.012256725398444423
2025-11-27,-0.002617824436521762
2025-11-28,-0.00041534324778858456
2025-12-01,-0.00019527614830372697
2025-12-02,-0.0017264924812887
2025-12-03,-0.004102157902491594
2025-12-04,0.004737157800123043
2025-12-05,0.005958991508448739
2025-12-08,-0.011166544668509184
2025-12-09,-0.00478880775393915
2025-12-10,-0.0010389545775969706
2025-12-11,0.0053735457939393955
2025-12-12,0.006982727891229309
2025-12-15,0.0002567789755497712
2025-12-16,-0.006542897852858359
2025-12-17,-0.0013666866178823748
2025-12-18,-0.001133959252721228
2025-12-19,0.0057731110606087065
2025-12-22,0.007028432130785512
2025-12-23,0.0006507580766953849
2025-12-24,-0.0025991978468979378
2025-12-26,-0.0026980977678200107
2025-12-29,-0.0026516205761485225
2025-12-30,0.0009762753585887476
2025-12-31,0.01001992393030975
