date,equal_weight
2018-01-03,0.0014617628121180689
2018-01-04,0.009897956313929675
2018-01-05,0.0084869115783068
2018-01-08,0.006315905927533194
2018-01-09,2.5985271632257556e-05
2018-01-10,-0.0008584155699697838
2018-01-11,0.001462553167862702
2018-01-12,3.05165131273882e-05
2018-01-15,-0.00046323168939249517
2018-01-16,-0.004512023562540545
2018-01-17,0.006955170675126335
2018-01-18,-0.0067886835530342575
2018-01-19,0.006706941293096586
2018-01-22,0.004119755598205297
2018-01-23,0.009765753752167289
2018-01-24,-0.002550391236965107
2018-01-25,-0.004434091790555932
2018-01-29,0.0025158354773832836
2018-01-30,-0.007426370058052003
2018-01-31,-0.005710933913048356
2018-02-01,0.004685287745586647
2018-02-02,-0.023400483907860186
2018-02-05,-0.006671780675454575
2018-02-06,-0.014883045709301738
2018-02-07,0.0026100949718497685
2018-02-08,0.012805613872809683
2018-02-09,-0.0059905106684069905
2018-02-12,0.009445099552524166
2018-02-14,-0.00232608148625646
2018-02-15,0.0022495276992118935
2018-02-16,-0.009467445963884933
2018-02-19,-0.011701215934135508
2018-02-20,0.00022539176146838018
2018-02-21,0.00036006782371919273
2018-02-22,-0.0012608607717430672
2018-02-23,0.013745816268180996
2018-02-26,0.00830208814863126
2018-02-27,-0.0015238063527426627
2018-02-28,-0.00387222496051385
2018-03-01,-0.0029432995105111463
2018-03-05,-0.008139914980827433
2018-03-06,-0.00942706234890452
2018-03-07,-0.0107271933503834
2018-03-08,0.0040756450053098855
2018-03-09,-0.004348395901576634
2018-03-12,0.016234555916591942
2018-03-13,0.0035445666338541505
2018-03-14,-0.00019800181907468254
2018-03-15,-0.0017328311642385266
2018-03-16,-0.014612323973670113
2018-03-19,-0.013876753415772427
2018-03-20,0.005219429273885008
2018-03-21,0.0013100416471540839
2018-03-22,-0.006178647614517207
2018-03-23,-0.008937283881830262
2018-03-26,0.012776630478377113
2018-03-27,0.009470737016084993
2018-03-28,-0.005417238590023726
2018-04-02,0.013964646756543613
2018-04-03,0.0024785269981038626
2018-04-04,-0.013942761539286756
2018-04-05,0.021088527059366664
2018-04-06,0.00075790771918567
2018-04-09,0.0046087702060009965
2018-04-10,0.005619379084109208
2018-04-11,-0.00010957198991158444
2018-04-12,-0.00031808390109439944
2018-04-13,0.0027358602184278215
2018-04-16,0.0072609866162009285
2018-04-17,0.002045003115536155
2018-04-18,-0.001989007925182147
2018-04-19,0.006436506346351812
2018-04-20,-4.4774151358549096e-05
2018-04-23,0.0021869806325363916
2018-04-24,-0.0009908357358828208
2018-04-25,-0.0024080134922338644
2018-04-26,0.0036477749932982855
2018-04-27,0.005083564063687468
2018-04-30,0.003868781212322659
2018-05-02,-0.010605506838151068
2018-05-03,-0.006068063999305072
2018-05-04,-0.005230157420882415
2018-05-07,0.009305174746166264
2018-05-08,0.0018813405057625863
2018-05-09,-0.0011373577822930791
2018-05-10,-0.0035853248117225507
2018-05-11,0.006688075683978478
2018-05-14,-0.0026051905618189285
2018-05-15,-0.0018518943631653374
2018-05-16,-0.004878505995284015
2018-05-17,-0.0020103474977963593
2018-05-18,-0.00811349178608192
2018-05-21,-0.010838771230940993
2018-05-22,0.00591662415177117
2018-05-23,-0.010165688910340233
2018-05-24,0.007448924831717058
2018-05-25,0.013242040015202235
2018-05-28,0.00694734571824582
2018-05-29,-0.004321097122999228
2018-05-30,-0.0011774878561123631
2018-05-31,0.005696474835827619
2018-06-01,-0.005554273554500343
2018-06-04,-0.007068458363524409
2018-06-05,-0.004760180428571568
2018-06-06,0.012000096346093043
2018-06-07,0.009566181621412408
2018-06-08,0.0025475042761815164
2018-06-11,0.0028762232265414356
2018-06-12,0.004292477269869211
2018-06-13,0.001951194890078335
2018-06-14,-0.0020863026841505786
2018-06-15,0.00014898367562003907
2018-06-18,-0.0012022573767649226
2018-06-19,-0.010318064158836482
2018-06-20,0.0012402140886991157
2018-06-21,-0.006692485384669333
2018-06-22,0.006676428209540196
2018-06-25,-0.006178324644513751
2018-06-26,0.0020777684863013406
2018-06-27,-0.012797315327601077
2018-06-28,-0.010148299119289765
2018-06-29,0.013300920672077143
2018-07-02,-0.007461750507946904
2018-07-03,0.0074185356698587175
2018-07-04,0.002882465460126957
2018-07-05,-0.002389081761159278
2018-07-06,0.0015957379126032222
2018-07-09,0.007343515327726929
2018-07-10,0.00809658288376558
2018-07-11,-0.0030337632708029518
2018-07-12,0.0033707886215949526
2018-07-13,-0.0019724580641337663
2018-07-16,-0.013388143893887667
2018-07-17,0.010080565440490208
2018-07-18,-0.004810049422727943
2018-07-19,-0.0034371049302159094
2018-07-20,0.00544600251159736
2018-07-23,0.010459092358318114
2018-07-24,0.00781382951700996
2018-07-25,-0.0014055026782723468
2018-07-26,0.003757250372448418
2018-07-27,0.009500565579797282
2018-07-30,0.00396941010126709
2018-07-31,0.007792352150685121
2018-08-01,0.0003014002980016399
2018-08-02,-0.002452280661363536
2018-08-03,0.004546424607889347
2018-08-06,0.002510129956333791
2018-08-07,-0.00240156827078744
2018-08-08,0.0035447719790147477
2018-08-09,0.0007440130177330111
2018-08-10,-0.003823466940774618
2018-08-13,-0.0013905947429951834
2018-08-14,0.00973396819051701
2018-08-16,-0.002000792596027672
2018-08-17,0.008309018162981498
2018-08-20,0.008701472540356156
2018-08-21,0.003131314556941748
2018-08-23,0.0015714261837159946
2018-08-24,-0.0017950017319342784
2018-08-27,0.010480050709841648
2018-08-28,0.0024797819591449487
2018-08-29,-8.559160099744055e-05
2018-08-30,0.001097680498738629
2018-08-31,0.005905557255763533
2018-09-03,-0.008507667049864328
2018-09-04,-0.01273559433624014
2018-09-05,-0.0022477738029223863
2018-09-06,0.008557245129379087
2018-09-07,0.007084284803269454
2018-09-10,-0.015032126276388443
2018-09-11,-0.013985085554895598
2018-09-12,0.007801192075663576
2018-09-14,0.016780706859548567
2018-09-17,-0.007297086183900755
2018-09-18,-0.008904849250826624
2018-09-19,-0.002984479675769945
2018-09-21,-0.009679107507827363
2018-09-24,-0.01906169609472995
2018-09-25,0.009668586976155443
2018-09-26,-0.0003262735974977708
2018-09-27,-0.007164660697307706
2018-09-28,-0.015003152605922783
2018-10-01,0.004791234821654
2018-10-03,-0.011973495239532034
2018-10-04,-0.02301294710969269
2018-10-05,-0.03125092737138561
2018-10-08,0.005238869745213569
2018-10-09,-0.004947424252841377
2018-10-10,0.02164898913179076
2018-10-11,-0.021386072549682854
2018-10-12,0.025056684838437697
2018-10-15,0.002390500491901652
2018-10-16,0.007289821527837304
2018-10-17,-0.013577203757946766
2018-10-19,-0.007819653637325931
2018-10-22,-0.008208015653726588
2018-10-23,-0.011402032362884713
2018-10-24,0.009201746390147963
2018-10-25,-0.006665004482835622
2018-10-26,-0.007804308184883084
2018-10-29,0.02423128399230389
2018-10-30,-0.0031526513048761033
2018-10-31,0.013351342326092985
2018-11-01,0.00285711643601426
2018-11-02,0.01479966043856546
2018-11-05,-0.002504072320254183
2018-11-06,-0.004738905231026308
2018-11-07,0.006179233870557419
2018-11-09,0.0027908179636023725
2018-11-12,-0.01008377619257591
2018-11-13,0.009657233647733377
2018-11-14,0.0004336650148071737
2018-11-15,0.0063341599515941505
2018-11-16,0.005795041937853953
2018-11-19,0.004413707354580016
2018-11-20,-0.01290718339423581
2018-11-21,0.0009115706679829986
2018-11-22,-0.008636110964439798
2018-11-26,0.006482100874030426
2018-11-27,0.0016633426245640703
2018-11-28,-0.004478605330178978
2018-11-29,0.011882366897280084
2018-11-30,0.002138761432607791
2018-12-03,0.001284074150414363
2018-12-04,0.0004872367960374948
2018-12-05,-0.013255090508208615
2018-12-06,-0.019334181095158515
2018-12-07,0.0065923496635846785
2018-12-10,-0.01689300800486136
2018-12-11,0.009440782008427668
2018-12-12,0.022199407756828063
2018-12-13,0.003608473663128785
2018-12-14,0.0035415236843668167
2018-12-17,0.005479497214980734
2018-12-18,0.0039694271195024585
2018-12-19,0.006895312849968203
2018-12-20,-0.0008500410311620926
2018-12-21,-0.013814644211034458
2018-12-24,-0.009746704824341116
2018-12-26,0.0038864943577390752
2018-12-27,0.0032527721891755226
2018-12-28,0.007889817840684
2018-12-31,0.0014429802594838608
2019-01-03,-0.011308339648342325
2019-01-04,0.004680387380173705
2019-01-07,0.002290339004541258
2019-01-08,0.0029646749282347517
2019-01-09,0.0017417355618304323
2019-01-10,-8.877558601143529e-05
2019-01-11,-0.0024588551236521096
2019-01-14,-0.00624981347827528
2019-01-15,0.011482155809720033
2019-01-16,5.734825278458345e-05
2019-01-17,0.0002878867683698285
2019-01-18,-0.00399406781914664
2019-01-21,-0.0021810088474818585
2019-01-22,-0.0024137400133078454
2019-01-23,-0.003851139281543826
2019-01-24,-0.0018587237161325006
2019-01-25,-0.008778031942188643
2019-01-28,-0.013697842369029451
2019-01-29,0.0044049459203563
2019-01-30,0.0030380674219958274
2019-01-31,0.010686392712723713
2019-02-01,0.009132389027595809
2019-02-04,-0.006392958991776564
2019-02-05,0.0015934970069008787
2019-02-06,0.01337485844123047
2019-02-07,0.004755538029776994
2019-02-08,-0.013586564772462175
2019-02-11,-0.01185637780429386
2019-02-12,-0.0004163381556068356
2019-02-14,-0.009631147188089146
2019-02-15,-0.004348655550804498
2019-02-18,-0.007902838396593016
2019-02-19,-0.0008880963905380324
2019-02-20,0.012803266843948917
2019-02-21,0.007352969930071586
2019-02-22,0.0068123702374322925
2019-02-25,0.007020236937274921
2019-02-26,-0.00030641158168342656
2019-02-27,-0.0004940671265402622
2019-02-28,-4.688978818775979e-05
2019-03-01,0.007996447100113487
2019-03-05,0.015363533035379955
2019-03-06,0.004860907685715197
2019-03-07,-0.005423180070183533
2019-03-08,-0.0026456573385484324
2019-03-11,0.018486209264711586
2019-03-12,0.0074200826625375775
2019-03-13,-0.0038740043712709137
2019-03-14,0.0022476197920328345
2019-03-15,0.00480806764416807
2019-03-18,0.0012751435019286985
2019-03-19,0.004020567984266137
2019-03-20,-0.007095396971912203
2019-03-22,-0.002031680623026184
2019-03-25,-0.004475510665027554
2019-03-26,0.009181477822979017
2019-03-27,-0.002417643142478624
2019-03-28,0.006741409958983516
2019-04-01,0.012350388235669852
2019-04-02,0.000850012622595841
2019-04-03,-0.006150372064854273
2019-04-04,-0.0018471265231515244
2019-04-05,0.006959674456305411
2019-04-08,-0.005326568179873817
2019-04-09,0.006292527020419268
2019-04-10,-0.0041378476519341525
2019-04-11,0.002236738379545989
2019-04-12,0.004374076456848832
2019-04-15,0.006239098064422443
2019-04-16,0.006912718838167268
2019-04-18,-0.004829237460356488
2019-04-22,-0.011457522134577845
2019-04-23,-0.0022227631954080114
2019-04-24,0.011153653810443675
2019-04-25,-0.0017198346479482677
2019-04-26,0.006824565540245433
2019-04-30,-0.000297408123001417
2019-05-02,-0.0038361464412276854
2019-05-03,-0.0015356594183182375
2019-05-06,-0.008369395104639124
2019-05-07,-0.007150160815400175
2019-05-08,-0.008945401478417419
2019-05-09,-0.004185508607246037
2019-05-10,-0.004144855939380958
2019-05-13,-0.01538015692124458
2019-05-14,0.004374804177059048
2019-05-15,-0.005862427404646729
2019-05-16,0.011256227721734825
2019-05-17,0.010721602252928574
2019-05-20,0.036447612782977354
2019-05-21,-0.01055193976075751
2019-05-22,0.004314202133520313
2019-05-23,-0.00017342525615901387
2019-05-24,0.01512279823160385
2019-05-27,0.0063729794738923515
2019-05-28,-0.00043113644109137164
2019-05-29,-0.007794884519020682
2019-05-30,0.004132707460731571
2019-05-31,0.0016701773744085555
2019-06-03,0.01655820480713364
2019-06-04,-0.0063109349695179215
2019-06-06,-0.010000650785136681
2019-06-07,0.0005808599132785178
2019-06-10,0.004208199941221745
2019-06-11,0.0032900562740790715
2019-06-12,-0.004245115049564146
2019-06-13,0.0007532346348878968
2019-06-14,-0.008691907437248441
2019-06-17,-0.01409224720127254
2019-06-18,0.0032863862160048547
2019-06-19,-0.0047765941350499915
2019-06-20,0.012719550788007447
2019-06-21,-0.00620808593195103
2019-06-24,-0.0021746368041983847
2019-06-25,0.006283916341972462
2019-06-26,0.008502491478846378
2019-06-27,0.0008867726742316014
2019-06-28,-0.0022493567159092894
2019-07-01,0.0031468076039853506
2019-07-02,0.003970189516263696
2019-07-03,0.0009707337555394755
2019-07-04,0.0037778764007071635
2019-07-05,-0.018102430100233595
2019-07-08,-0.025229869649553947
2019-07-09,0.0028496592610323408
2019-07-10,-0.00882359930147621
2019-07-11,0.009319343580159204
2019-07-12,0.0005188197833800252
2019-07-15,0.0013278618864518824
2019-07-16,0.008096385779553622
2019-07-17,0.00013280645670342748
2019-07-18,-0.011736640040975282
2019-07-19,-0.0158414924459054
2019-07-22,0.00015622550976516114
2019-07-23,0.0021321451001120495
2019-07-24,-0.012707275964076723
2019-07-25,-0.0006929636584442031
2019-07-26,0.008524851293646704
2019-07-29,-0.014279723171848772
2019-07-30,-0.014079415930743381
2019-07-31,0.009834307744461243
2019-08-01,-0.010699719991457673
2019-08-02,0.000880714298065433
2019-08-05,-0.01229206627808642
2019-08-06,0.01280521595328014
2019-08-07,-0.008796580117064403
2019-08-08,0.015013296102619738
2019-08-09,0.003483127801662588
2019-08-13,-0.024055202176702373
2019-08-14,0.01204973018455059
2019-08-16,0.006783134206172698
2019-08-19,-0.0010600370990935372
2019-08-20,-0.003703330140932315
2019-08-21,-0.010362553887664107
2019-08-22,-0.014206221399659746
2019-08-23,0.01189084985825195
2019-08-26,0.01430284989100873
2019-08-27,0.007353915173575814
2019-08-28,-0.006388910118342428
2019-08-29,-0.001528934457338945
2019-08-30,0.006709657928148567
2019-09-03,-0.019556217540001003
2019-09-04,0.002649573504013088
2019-09-05,0.008058491271376493
2019-09-06,0.010759772964148286
2019-09-09,0.0049496663461546285
2019-09-11,0.0037119787644129113
2019-09-12,-0.005387376240391915
2019-09-13,0.009275871607980728
2019-09-16,-0.004572872106846657
2019-09-17,-0.01805180805348467
2019-09-18,0.00429130665019008
2019-09-19,-0.011922910744765538
2019-09-20,0.05343076250636286
2019-09-23,0.02112550672928971
2019-09-24,-0.005192329749326211
2019-09-25,-0.0103760756041853
2019-09-26,0.016845958017758223
2019-09-27,-0.007691704155978071
2019-09-30,-0.0015133872666589691
2019-10-01,-0.013939519878351445
2019-10-03,-0.0020668526818159515
2019-10-04,-0.012462037823436614
2019-10-07,-0.006018659089633753
2019-10-09,0.015072152435453538
2019-10-10,-0.00485469787685257
2019-10-11,0.008821002299038419
2019-10-14,0.0069579115929558465
2019-10-15,0.010855391033048962
2019-10-16,0.005571561368813745
2019-10-17,0.011344920499583269
2019-10-18,0.008960286014961556
2019-10-22,-0.0005887611924904999
2019-10-23,0.00035431321372301973
2019-10-24,-0.0031834325112200094
2019-10-25,0.0013017842922795947
2019-10-29,0.015654391471760086
2019-10-30,0.00380120486513571
2019-10-31,0.005721709511082997
2019-11-01,5.101308905629471e-05
2019-11-04,0.0019759523270265257
2019-11-05,-0.004313545607488927
2019-11-06,0.0007617778186477604
2019-11-07,0.0020793941337376707
2019-11-08,-0.011252096511797078
2019-11-11,-0.0008220534875866366
2019-11-13,-0.009299777089906779
2019-11-14,7.596169104411802e-05
2019-11-15,0.001204209596054448
2019-11-18,0.0025346965013606443
2019-11-19,0.0012139845104485241
2019-11-20,0.006667684652236059
2019-11-21,-0.006131240514558634
2019-11-22,-0.0021805939006939515
2019-11-25,0.015718747615654397
2019-11-26,-0.006563489337568473
2019-11-27,0.006443721351901408
2019-11-28,0.006114354779603196
2019-11-29,-0.007412484328573356
2019-12-02,-0.005440142377404428
2019-12-03,-0.005979951460584237
2019-12-04,0.0066644245720934555
2019-12-05,-0.006364970645821288
2019-12-06,-0.008725134121511694
2019-12-09,0.0002167069861600773
2019-12-10,-0.00844976103652591
2019-12-11,0.004268813368147467
2019-12-12,0.008256058538738115
2019-12-13,0.00820064710370571
2019-12-16,-0.005420341150125586
2019-12-17,0.0071270934770361494
2019-12-18,0.0026664939950035702
2019-12-19,0.003364174854085622
2019-12-20,0.004765528016379478
2019-12-23,-0.001002222084022893
2019-12-24,-0.0010710536377420675
2019-12-26,-0.003784041494913463
2019-12-27,0.008584408921055275
2019-12-30,0.0030308991261971748
2019-12-31,-0.0046118072117221215
2020-01-02,0.007780963590634436
2020-01-03,-0.004919809445522021
2020-01-06,-0.016290795405882286
2020-01-07,0.003778541010796652
2020-01-08,-0.003311739524639409
2020-01-09,0.013886012337225197
2020-01-10,0.004159918240105963
2020-01-13,0.007746529803478129
2020-01-14,0.005297740051731987
2020-01-15,0.0006202786263856877
2020-01-16,0.0004252889175544385
2020-01-17,0.0017278146981319399
2020-01-20,-0.007856221095325968
2020-01-21,-0.0063571895873538635
2020-01-22,-0.0042497682324713635
2020-01-23,0.007758551412615814
2020-01-24,0.005165739163640903
2020-01-27,-0.006473551001418546
2020-01-28,-0.005909764955530473
2020-01-29,0.006932407982647043
2020-01-30,-0.008402390975492117
2020-01-31,-0.009723338847953289
2020-02-03,-0.013555204564928355
2020-02-04,0.018878233131477035
2020-02-05,0.006693150082104558
2020-02-06,0.005441003922587894
2020-02-07,0.001982662360016112
2020-02-10,-0.010490358059248545
2020-02-11,0.006293034562520761
2020-02-12,0.0039359649180419065
2020-02-13,-0.0005518894664912801
2020-02-14,-0.0056360287306337995
2020-02-17,-0.00766267270455669
2020-02-18,-0.0023120422056748745
2020-02-19,0.010322128265422567
2020-02-20,-0.0022260966627967154
2020-02-24,-0.023267724865179876
2020-02-25,-0.004356883878838515
2020-02-26,-0.010548127715296238
2020-02-27,-0.00458836601053613
2020-02-28,-0.03799694010477511
2020-03-02,-0.009029314943334758
2020-03-03,0.02526586813660212
2020-03-04,-0.002019200903876719
2020-03-05,0.0025256581497101905
2020-03-06,-0.022244550988267206
2020-03-09,-0.04358957497565435
2020-03-11,-0.008024287216993007
2020-03-12,-0.09003102751560518
2020-03-13,0.028528836001395264
2020-03-16,-0.07078130327873892
2020-03-17,-0.01900409636572472
2020-03-18,-0.05752191714795605
2020-03-19,-0.035916959141822996
2020-03-20,0.057453524459588914
2020-03-23,-0.13866267644334945
2020-03-24,0.022247906956829943
2020-03-25,0.046173549938139234
2020-03-26,0.03716322565962687
2020-03-27,-0.009250803927983692
2020-03-30,-0.025552819165083288
2020-03-31,0.03505341690988026
2020-04-01,-0.03375175971879329
2020-04-03,-0.012329257429363982
2020-04-07,0.08502567505516066
2020-04-08,0.002610991402863964
2020-04-09,0.037800351663216394
2020-04-13,-0.005467553265049116
2020-04-15,0.004471178276224333
2020-04-16,0.008896844741883927
2020-04-17,0.019396425885683247
2020-04-20,-0.008085276661081657
2020-04-21,-0.03438812801660111
2020-04-22,0.016290643167160983
2020-04-23,0.0058252371987958535
2020-04-24,-0.02122166008263122
2020-04-27,0.020644240526642727
2020-04-28,0.006282561507563472
2020-04-29,0.012115530259928658
2020-04-30,0.03278702464512683
2020-05-04,-0.054309425220149296
2020-05-05,-0.009151118349751151
2020-05-06,0.006356744861657587
2020-05-07,-0.007160746860281234
2020-05-08,0.0022400440311262683
2020-05-11,0.0052222438993248564
2020-05-12,0.004494483664750751
2020-05-13,0.01655255872670296
2020-05-14,-0.016750275852516296
2020-05-15,-0.0024014266040751917
2020-05-18,-0.03820551958785
2020-05-19,0.010140352518802206
2020-05-20,0.020024538003190814
2020-05-21,0.0050890652705514626
2020-05-22,-0.0035277153976720466
2020-05-26,0.0064903375268761145
2020-05-27,0.023145271030011544
2020-05-28,0.015455665491279785
2020-05-29,0.018374883720816908
2020-06-01,0.020386816812897904
2020-06-02,0.009275475537416034
2020-06-03,0.0062283750162551825
2020-06-04,0.0003970991534378586
2020-06-05,0.014571191554371778
2020-06-08,0.005451635279735545
2020-06-09,-0.008910839580289768
2020-06-10,-0.0008856699391107598
2020-06-11,-0.01759921228187558
2020-06-12,0.006776899157765528
2020-06-15,-0.016971226463151516
2020-06-16,0.0023635397477847087
2020-06-17,-0.00040312646912934
2020-06-18,0.015374211225646426
2020-06-19,0.011707538914361014
2020-06-22,0.013680919074841454
2020-06-23,0.02121291414583142
2020-06-24,-0.01962911760956953
2020-06-25,-0.001798619822833304
2020-06-26,0.006806955228653758
2020-06-29,-0.010593538669243894
2020-06-30,-0.0007593293630540354
2020-07-01,0.004292658510078722
2020-07-02,0.011302397498472196
2020-07-03,0.007194408971273653
2020-07-06,0.014735585411929158
2020-07-07,0.001348657044336655
2020-07-08,-0.007241344364306206
2020-07-09,0.006849414956693154
2020-07-10,-0.00503996934039607
2020-07-13,0.005425916730831306
2020-07-14,-0.017496916264175218
2020-07-15,0.004259152388870066
2020-07-16,0.009323451412437057
2020-07-17,0.015644568218998914
2020-07-20,0.010208073504838383
2020-07-21,0.008154341785927874
2020-07-22,-0.004948600944596608
2020-07-23,0.01009476688123035
2020-07-24,-0.0077524760551321735
2020-07-27,-0.0037215573993133935
2020-07-28,0.01834913356401629
2020-07-29,0.0038152356668423454
2020-07-30,-0.007380482325924896
2020-07-31,0.00429110673940721
2020-08-03,-0.013122024344923048
2020-08-04,0.010181044143353645
2020-08-05,0.006580455629661071
2020-08-06,0.009923507515661666
2020-08-07,0.006267239886244729
2020-08-10,0.010479777092311876
2020-08-11,0.0009904316542131441
2020-08-12,-1.9825401604435587e-05
2020-08-13,0.003919706056051485
2020-08-14,-0.00988327000154731
2020-08-17,0.013686127301657974
2020-08-18,0.011137446340933117
2020-08-19,0.0022645428229607434
2020-08-20,-0.0021504260438176518
2020-08-21,0.00586866896098936
2020-08-24,0.003862383860185997
2020-08-25,0.004602799771466172
2020-08-26,0.002816424529470359
2020-08-27,0.003123955686194597
2020-08-28,0.006654277329752383
2020-08-31,-0.02854836035823663
2020-09-01,0.011086206431506993
2020-09-02,0.0074110011601691075
2020-09-03,0.004803268425972185
2020-09-04,-0.019067867325516092
2020-09-07,-0.0018696401798724894
2020-09-08,-0.009291129798130546
2020-09-09,-0.002015355596577367
2020-09-10,0.009569307930937408
2020-09-11,0.0023468490173196564
2020-09-14,-0.00018191082072188252
2020-09-15,0.00534411866079446
2020-09-16,0.0069619582106960785
2020-09-17,-0.004934072480446178
2020-09-18,0.006831653746508328
2020-09-21,-0.0317449610904516
2020-09-22,-0.007019910766857653
2020-09-23,-0.006320770500591927
2020-09-24,-0.030929692837926438
2020-09-25,0.025913966296506982
2020-09-28,0.022522401002843834
2020-09-29,-0.005353463979032796
2020-09-30,-0.0006442232241993943
2020-10-01,0.014271870028864627
2020-10-05,0.007815112847002894
2020-10-06,0.0061910636175060265
2020-10-07,0.0016441434380901779
2020-10-08,0.005367765717669016
2020-10-09,0.0004407809948812852
2020-10-12,-0.00032525798104502437
2020-10-13,-0.002832515289778105
2020-10-14,0.0010487745488764891
2020-10-15,-0.017959543708853408
2020-10-16,0.008534370654798475
2020-10-19,0.006805463669152425
2020-10-20,0.0005871872138164863
2020-10-21,0.0017562770260625047
2020-10-22,-0.0003454539195837615
2020-10-23,0.00419084355991182
2020-10-26,-0.014279634382002155
2020-10-27,0.013197957728889615
2020-10-28,-0.008741290625452463
2020-10-29,-0.004806719252799579
2020-10-30,0.0017094760308883194
2020-11-02,0.001994487916467229
2020-11-03,0.009833034359160829
2020-11-04,0.006497031936352778
2020-11-05,0.021620131382248803
2020-11-06,0.0035533800335072747
2020-11-09,0.014207691803413348
2020-11-10,0.005359815806840318
2020-11-11,0.017783534391883543
2020-11-12,-0.00222851299960041
2020-11-13,0.007419131906635295
2020-11-17,0.01187498778930328
2020-11-18,0.005775515424188105
2020-11-19,-0.009403464615887536
2020-11-20,0.011040909151424926
2020-11-23,0.011252589555051045
2020-11-24,0.008228225820576333
2020-11-25,-0.012506920748928058
2020-11-26,0.01062302553077802
2020-11-27,-0.0002973578658525801
2020-12-01,0.012484518401743168
2020-12-02,0.010454530101678558
2020-12-03,0.009698847433436094
2020-12-04,0.011239294360442733
2020-12-07,0.007402293651967277
2020-12-08,-0.002875441717459061
2020-12-09,0.005356939283351434
2020-12-10,-0.0028796044953282494
2020-12-11,0.002520009476207189
2020-12-14,0.005586494420299029
2020-12-15,0.0021696350314780845
2020-12-16,0.007646108542949436
2020-12-17,-0.0014556515103856054
2020-12-18,0.0010075942833873528
2020-12-21,-0.03973657164624324
2020-12-22,0.01661058729973207
2020-12-23,0.011457314691452058
2020-12-24,0.007108300030261861
2020-12-28,0.010105703456089181
2020-12-29,0.00041326552753893144
2020-12-30,0.00533129876086596
2020-12-31,-0.0006977523999360832
2021-01-04,0.012055696672229032
2021-01-05,0.001388944692979468
2021-01-06,0.0010765160640048262
2021-01-07,0.004408584676239555
2021-01-08,0.017475695405487855
2021-01-11,0.0052523755416569095
2021-01-12,0.001994967106212022
2021-01-13,0.004592859433782692
2021-01-14,0.0012711294077106263
2021-01-15,-0.011804074913398436
2021-01-18,-0.016853127210737322
2021-01-19,0.01576896776825736
2021-01-20,0.008590296125430195
2021-01-21,-0.008705090679517276
2021-01-22,-0.012775416059297422
2021-01-25,-0.003919683515681652
2021-01-27,-0.014106675901354752
2021-01-28,-0.006290244905870565
2021-01-29,-0.015592634893059624
2021-02-01,0.0372143342566781
2021-02-02,0.020430747193404906
2021-02-03,0.013720725282424292
2021-02-04,0.009297838977708257
2021-02-05,0.0023288713677309994
2021-02-08,0.014080217791199456
2021-02-09,-0.0005860898308515637
2021-02-10,0.0012409420315434999
2021-02-11,0.004515723217782507
2021-02-12,-0.004249639778681059
2021-02-15,0.007154118560921813
2021-02-16,0.005224678126190009
2021-02-17,-0.0028183542970545866
2021-02-18,0.002731617399917856
2021-02-19,-0.0134407917631896
2021-02-22,-0.015239749790055124
2021-02-23,0.008017838981489896
2021-02-24,0.010765337509435995
2021-02-25,0.014714542059686038
2021-02-26,-0.03497182885464518
2021-03-01,0.01844289359789479
2021-03-02,0.014475920662134031
2021-03-03,0.015313462331947003
2021-03-04,-0.0057698811247100315
2021-03-05,-0.01101909042732084
2021-03-08,0.0036559499578131902
2021-03-09,0.0011276741428373949
2021-03-10,0.006079364594085387
2021-03-12,-0.007760145497446337
2021-03-15,-0.0021373206069194113
2021-03-16,0.0005082416625580198
2021-03-17,-0.018327072855767006
2021-03-18,-0.008622130595199423
2021-03-19,0.012408213600527488
2021-03-22,0.005872016089431741
2021-03-23,0.0046788907031964574
2021-03-24,-0.017600040307294413
2021-03-25,-0.019286447023679005
2021-03-26,0.013116445439146921
2021-03-30,0.021132428717258563
2021-03-31,-0.0026522884963917654
2021-04-01,0.016612681745986208
2021-04-05,-0.012486524511853184
2021-04-06,0.009084418534366803
2021-04-07,0.008837671054506049
2021-04-08,0.006008857668339803
2021-04-09,-0.0008771632456688812
2021-04-12,-0.03888898997416296
2021-04-13,0.014225617757909334
2021-04-15,0.0024789614924465323
2021-04-16,0.009084120610470994
2021-04-19,-0.01868904599501163
2021-04-20,0.002089204692565176
2021-04-22,0.0032805987330411577
2021-04-23,-0.00367636029799908
2021-04-26,0.008559168106753546
2021-04-27,0.009530344909577665
2021-04-28,0.009898838064832738
2021-04-29,0.004758595886350135
2021-04-30,-0.006853680885732119
2021-05-03,0.005253459061517577
2021-05-04,-0.006411544321774143
2021-05-05,0.009260897978808256
2021-05-06,0.00730747593084944
2021-05-07,0.006860951653010602
2021-05-10,0.013186155995948601
2021-05-11,-7.325043382565462e-05
2021-05-12,-0.010676726740608308
2021-05-14,-0.004875534274285272
2021-05-17,0.012437011984147305
2021-05-18,0.013024476619243198
2021-05-19,-0.000762900971331721
2021-05-20,-0.008684438497132754
2021-05-21,0.0109767698176622
2021-05-24,0.0013246883798130862
2021-05-25,0.0045882623508954595
2021-05-26,0.003683632034901075
2021-05-27,0.003202150030922882
2021-05-28,0.0005221248276585563
2021-05-31,0.0073951706097705955
2021-06-01,0.0019406646276817754
2021-06-02,0.005415056186936798
2021-06-03,0.008071033443450948
2021-06-04,0.0031608800011810453
2021-06-07,0.004975430207072081
2021-06-08,0.001998225307116137
2021-06-09,-0.005780049862581794
2021-06-10,0.007198261069506751
2021-06-11,0.003109634898487016
2021-06-14,-0.002001830488795558
2021-06-15,0.0017013845565625949
2021-06-16,-0.007815088744591244
2021-06-17,-0.008862945122994284
2021-06-18,-0.0022558572928232613
2021-06-21,0.0049532020758517245
2021-06-22,0.004119946177999219
2021-06-23,-0.003802403796917456
2021-06-24,0.004097983687876189
2021-06-25,0.006215589689338399
2021-06-28,-0.0004182240030592402
2021-06-29,-0.004185227848168286
2021-06-30,-0.002566203735771319
2021-07-01,-0.00014348894936383878
2021-07-02,-0.0001126474470391567
2021-07-05,0.005063894612923655
2021-07-06,-0.0010159467879405806
2021-07-07,0.004255430290606578
2021-07-08,-0.007809136664460812
2021-07-09,0.002372948706667086
2021-07-12,0.001625007052140752
2021-07-13,0.004741870120577425
2021-07-14,0.002422465239846278
2021-07-15,0.0030391547020372335
2021-07-16,0.0002942308924318486
2021-07-19,-0.0066794599434433855
2021-07-20,-0.009183039079443343
2021-07-22,0.01355098618884479
2021-07-23,0.001729315326462732
2021-07-26,0.0011310538216041987
2021-07-27,-0.005479504818867623
2021-07-28,-0.0010236428162923921
2021-07-29,0.004106134852571255
2021-07-30,0.0017349613996464235
2021-08-02,0.007977193825830732
2021-08-03,0.013387716912567104
2021-08-04,-0.0012180690323169434
2021-08-05,0.001673211339390636
2021-08-06,0.0016423505891294751
2021-08-09,-0.0016917753137836527
2021-08-10,-0.0036564979767997347
2021-08-11,0.0022094475647323935
2021-08-12,0.005237641637278098
2021-08-13,0.004101386154069498
2021-08-16,0.0016910658194945738
2021-08-17,0.005574178194307372
2021-08-18,-0.000701921405507401
2021-08-20,-0.012279416617458894
2021-08-23,-0.001465612199897145
2021-08-24,0.011865956013482388
2021-08-25,-0.00012567635917073755
2021-08-26,-0.002422379202317835
2021-08-27,0.007625042385635094
2021-08-30,0.014025450487595702
2021-08-31,0.01458738357273587
2021-09-01,-0.0016056038196462933
2021-09-02,0.007655666761950267
2021-09-03,0.005484578576747921
2021-09-06,0.0018390658125679057
2021-09-07,-0.0035731076694381927
2021-09-08,0.00018340225118770566
2021-09-09,0.0011616156870423691
2021-09-13,0.0031895535711028945
2021-09-14,0.0036095260676203287
2021-09-15,0.009757917630735465
2021-09-16,0.0048557461551519505
2021-09-17,-0.0037252275831570997
2021-09-20,-0.016282369076776004
2021-09-21,0.010604126643330911
2021-09-22,0.0029731437764316223
2021-09-23,0.011999106228242474
2021-09-24,-0.0037670865755260992
2021-09-27,0.00025304090222986737
2021-09-28,-0.0026869416530302726
2021-09-29,0.006241274556722196
2021-09-30,-0.0065500060467705845
2021-10-01,-0.0012360281065655345
2021-10-04,0.009699666979970763
2021-10-05,0.006800861980456472
2021-10-06,-0.01307610118989669
2021-10-07,0.00938823629812195
2021-10-08,0.0012316443604820269
2021-10-11,0.0059714496329326405
2021-10-12,0.0038641920376978134
2021-10-13,0.007483904188038858
2021-10-14,0.009156193700005512
2021-10-18,0.004287569904725065
2021-10-19,-0.010390286844569474
2021-10-20,-0.011124103560084558
2021-10-21,-0.004704304137560454
2021-10-22,-0.008970077606752946
2021-10-25,-0.004994688214324653
2021-10-26,0.010601323310503692
2021-10-27,-0.0015012609116437866
2021-10-28,-0.02034153941590192
2021-10-29,-0.005570768907239122
2021-11-01,0.01700537836782981
2021-11-02,-0.0029529454888740005
2021-11-03,2.5913466702773345e-05
2021-11-04,0.005981717413839617
2021-11-08,0.00844777475578723
2021-11-09,0.00080846888700001
2021-11-10,-0.0015814342032328295
2021-11-11,-0.008023805627867366
2021-11-12,0.010247167170799105
2021-11-15,0.002300950490911392
2021-11-16,-0.004829634865030082
2021-11-17,-0.001449833572381088
2021-11-18,-0.011886001927485424
2021-11-22,-0.017979947183194546
2021-11-23,0.008977201058831569
2021-11-24,-0.002572182489753572
2021-11-25,0.00256710827860346
2021-11-26,-0.02865232377058226
2021-11-29,-0.0025262249173948884
2021-11-30,-0.0033620364466041695
2021-12-01,0.007728592104566885
2021-12-02,0.01431899443220181
2021-12-03,-0.009032867389005737
2021-12-06,-0.018330455759243736
2021-12-07,0.01415859233297738
2021-12-08,0.014993170341124691
2021-12-09,0.002612771879587157
2021-12-10,0.0006435143909415339
2021-12-13,-0.006394890500120943
2021-12-14,1.3549328890799105e-05
2021-12-15,-0.006224686381833751
2021-12-16,-7.702596038851214e-05
2021-12-17,-0.018044704860264032
2021-12-20,-0.02216375294048511
2021-12-21,0.011386381638351449
2021-12-22,0.010229854711343352
2021-12-23,0.008197415642615693
2021-12-24,-0.005843490009697171
2021-12-27,0.00437680288451218
2021-12-28,0.009747041807390427
2021-12-29,0.0010842385550393512
2021-12-30,6.445068942649359e-05
2021-12-31,0.010093610643163012
2022-01-04,0.006996170586628128
2022-01-05,0.008053311416953628
2022-01-06,-0.0051082636483713376
2022-01-07,0.004966575588868486
2022-01-10,0.008414425866401154
2022-01-11,0.0008456311659897125
2022-01-12,0.006625136024674409
2022-01-13,0.005240423901611212
2022-01-14,-0.0016617656691068584
2022-01-17,0.004832603686406408
2022-01-18,-0.016188344300525376
2022-01-19,-0.005982848021129027
2022-01-20,-0.0053860778647954015
2022-01-21,-0.011653857676522815
2022-01-24,-0.02739838953879457
2022-01-25,0.012134318331740323
2022-01-27,-0.00968320000106056
2022-01-28,0.0021509147321968547
2022-01-31,0.012392589530525185
2022-02-01,0.01294720619349687
2022-02-02,0.010997037986138228
2022-02-03,-0.008676754671566127
2022-02-04,-0.0023636799095991035
2022-02-07,-0.01539081481173048
2022-02-08,0.002108370052266607
2022-02-09,0.013021372217157472
2022-02-10,0.006298580418315327
2022-02-11,-0.011601930442224809
2022-02-14,-0.03009526243762208
2022-02-15,0.027436473064655048
2022-02-16,0.0003700973930743247
2022-02-17,-0.0015845809229802356
2022-02-18,-0.0025929540148943012
2022-02-21,-0.008225536079125864
2022-02-22,-0.005924360114422504
2022-02-23,-0.001040652060779904
2022-02-24,-0.0505812144979392
2022-02-25,0.028338932845217813
2022-02-28,0.011469793548505532
2022-03-02,-0.005415286215063318
2022-03-03,-0.005751847993585753
2022-03-04,-0.01641171953906684
2022-03-07,-0.018202749775727726
2022-03-08,0.009461685967068666
2022-03-09,0.014162930272604663
2022-03-10,0.015928249450038158
2022-03-11,0.004681776780076243
2022-03-14,0.006716510815470873
2022-03-15,-0.009913039670036247
2022-03-16,0.01826889623791555
2022-03-17,0.016948126007042864
2022-03-21,-0.011785881523964413
2022-03-22,0.00796500974460551
2022-03-23,-0.001970833881093019
2022-03-24,0.0018242135346232882
2022-03-25,-0.004338004733147105
2022-03-28,0.0037774512591200824
2022-03-29,0.0035460245755999766
2022-03-30,0.005449894043008308
2022-03-31,-0.0008656785066107953
2022-04-01,0.011695270350052
2022-04-04,0.013727946264552484
2022-04-05,0.0031480508238382024
2022-04-06,-0.0009011303539906674
2022-04-07,-0.006167611535734816
2022-04-08,0.011656347911271339
2022-04-11,-0.0019938732760144033
2022-04-12,-0.01018381494522043
2022-04-13,0.00023032559610258583
2022-04-18,-0.0048671724649117
2022-04-19,-0.01286993055322106
2022-04-20,0.009652446413107463
2022-04-21,0.013338689300515917
2022-04-22,-0.01213894079984199
2022-04-25,-0.018235404707748388
2022-04-26,0.016789638651041928
2022-04-27,-0.010965626463357034
2022-04-28,0.012629803614049471
2022-04-29,-0.011851703873202226
2022-05-02,-0.0032225243012284407
2022-05-04,-0.021944949612643896
2022-05-05,-0.002276423795427997
2022-05-06,-0.013616491737453548
2022-05-09,-0.006664218963251596
2022-05-10,-0.008513988315537964
2022-05-11,-0.0039196483249357575
2022-05-12,-0.021579542294492347
2022-05-13,-0.0014344907798384777
2022-05-16,0.0057746468512000805
2022-05-17,0.026770228533679438
2022-05-18,-0.0019577605929534305
2022-05-19,-0.025847475462728146
2022-05-20,0.025499928003961985
2022-05-23,-0.007389757921482304
2022-05-24,-0.009879371492669018
2022-05-25,-0.010125666167106546
2022-05-26,0.008689905822059535
2022-05-27,0.009457158772027487
2022-05-30,0.017114769209951756
2022-05-31,0.0033795078687315423
2022-06-01,-0.00680547550156778
2022-06-02,0.0035367492677148967
2022-06-03,-0.009627790199147326
2022-06-06,-0.0002709806258237774
2022-06-07,-0.007890043462987254
2022-06-08,-0.0014109081696020292
2022-06-09,0.005731312830259912
2022-06-10,-0.0086772665206181
2022-06-13,-0.026001600731694385
2022-06-14,-0.0009525516155222177
2022-06-15,0.0005966960007569558
2022-06-16,-0.024829314343929765
2022-06-17,-0.011988540577574874
2022-06-20,-0.0009538114646708369
2022-06-21,0.0208839821959444
2022-06-22,-0.017090467012172456
2022-06-23,0.013564426817968163
2022-06-24,0.009296518043613764
2022-06-27,0.010234827063233769
2022-06-28,0.0027786435521148776
2022-06-29,-0.004838052543669311
2022-06-30,-0.005141429825774137
2022-07-01,0.005743840421558224
2022-07-04,0.00458149074434303
2022-07-05,-0.0014191125202260894
2022-07-06,0.012128342601142482
2022-07-07,0.010795297986806174
2022-07-08,0.004378588389048357
2022-07-11,0.002938556434562877
2022-07-12,-0.010153477552532271
2022-07-13,-6.613637690250433e-05
2022-07-14,-0.0010798047205351695
2022-07-15,0.006056768257745941
2022-07-18,0.014016829222308576
2022-07-19,0.0038966868434201873
2022-07-20,0.007132921399354906
2022-07-21,0.009614220221797217
2022-07-22,0.00414987904790235
2022-07-25,-0.0029031931158773686
2022-07-26,-0.007736010776735298
2022-07-27,0.010350211933008181
2022-07-28,0.01523927926523326
2022-07-29,0.015319009413895362
2022-08-01,0.00999816411741868
2022-08-02,0.0017883513745075175
2022-08-03,-5.021007674189609e-05
2022-08-04,0.0015112033906365457
2022-08-05,0.0006429643601101076
2022-08-08,0.004942562568033125
2022-08-10,0.002189469610862522
2022-08-11,0.003448755487072162
2022-08-12,0.002408918057984622
2022-08-16,0.009845559725379226
2022-08-17,0.008025554543487079
2022-08-18,0.0009344703336550575
2022-08-19,-0.010935206531287617
2022-08-22,-0.016754807795380345
2022-08-23,0.007590203983620097
2022-08-24,0.0021596538352315125
2022-08-25,-0.0030572964284250478
2022-08-26,0.005409559251936372
2022-08-29,-0.010095531150324685
2022-08-30,0.021764925183086908
2022-09-01,-0.007179366815550335
2022-09-02,-0.0018569019820802786
2022-09-05,0.004742469024150931
2022-09-06,0.00023292405359243325
2022-09-07,0.0019634793626286226
2022-09-08,0.007164479493630905
2022-09-09,0.0018622890999134578
2022-09-12,0.0064370610938546185
2022-09-13,0.006939129063528968
2022-09-14,-0.0018334496985002065
2022-09-15,-0.006051448805269869
2022-09-16,-0.020298924574148596
2022-09-19,0.004754977709795066
2022-09-20,0.013857120718456222
2022-09-21,-0.008493032217888573
2022-09-22,-0.0016217254065831292
2022-09-23,-0.01590952732736222
2022-09-26,-0.019691912902981668
2022-09-27,0.000428185505743261
2022-09-28,-0.005839248567930276
2022-09-29,-0.0006580502083648041
2022-09-30,0.012708845463253168
2022-10-03,-0.012098303236588712
2022-10-04,0.020821924455599976
2022-10-06,0.0038504753322760417
2022-10-07,-0.0014336424830985047
2022-10-10,-0.003916420981513219
2022-10-11,-0.017544482241403675
2022-10-12,0.009745662639182136
2022-10-13,-0.005714673567630628
2022-10-14,0.003593479954337172
2022-10-17,0.004150893922202897
2022-10-18,0.010353228216874151
2022-10-19,-0.0019792922782881067
2022-10-20,0.006553849491385693
2022-10-21,-0.0005278558206719747
2022-10-24,0.007321421333104568
2022-10-25,-0.0013914527284893312
2022-10-27,0.00693117472786044
2022-10-28,0.0013079332413546752
2022-10-31,0.010283390143046467
2022-11-01,0.009965061301633656
2022-11-02,-0.004636383881654956
2022-11-03,-0.001303555274469196
2022-11-04,0.005055747892876486
2022-11-07,0.004449023390038986
2022-11-09,-0.003924296665200091
2022-11-10,-0.00806225628369905
2022-11-11,0.008416075298988877
2022-11-14,0.0001735496340070507
2022-11-15,0.004715621421203036
2022-11-16,-0.0032829688687726734
2022-11-17,-0.0038128752764814648
2022-11-18,-0.0046787140533844605
2022-11-21,-0.005289271183387645
2022-11-22,0.005042628833862696
2022-11-23,0.0015850738640607325
2022-11-24,0.011270246480445603
2022-11-25,0.0031252277565958415
2022-11-28,0.003022542076047232
2022-11-29,0.0023776553321413567
2022-11-30,0.009791235464031002
2022-12-01,0.0031507943415794697
2022-12-02,-0.0040078055464312645
2022-12-05,0.002636784884086542
2022-12-06,-0.00409747722229474
2022-12-07,-0.005787794728193618
2022-12-08,0.001479713577210375
2022-12-09,-0.005087859448980137
2022-12-12,0.0019103005634735419
2022-12-13,0.004291958421916739
2022-12-14,0.0050267596168420015
2022-12-15,-0.010157313489873495
2022-12-16,-0.011061910219593601
2022-12-19,0.01047069223198363
2022-12-20,-0.004193667125920183
2022-12-21,-0.006941724368337293
2022-12-22,-0.006050481377062512
2022-12-23,-0.02059486461905449
2022-12-26,0.009707991177676883
2022-12-27,0.00808155708416858
2022-12-28,5.746765447783514e-05
2022-12-29,0.0030735542292827846
2022-12-30,-0.0018296293897615713
2023-01-03,0.0029305516201693135
2023-01-04,-0.009240960388692111
2023-01-05,0.002259817197624979
2023-01-06,-0.007237007277176586
2023-01-09,0.011114867165281548
2023-01-10,-0.007042868031747339
2023-01-11,-0.0034506176636581233
2023-01-12,-0.0010583041724886208
2023-01-13,0.0061408553432492526
2023-01-16,-0.0025329532920761342
2023-01-17,0.005574687122029075
2023-01-18,0.005019390250153273
2023-01-19,-0.0024473094918918
2023-01-20,-0.007284964675920242
2023-01-23,0.004215803519972245
2023-01-24,-0.002551611635567022
2023-01-25,-0.009757859343750057
2023-01-27,-0.014841246785574086
2023-01-30,0.0012715836241244084
2023-01-31,0.0023002142436862228
2023-02-01,-0.017549224353223133
2023-02-02,-0.010086974327053999
2023-02-03,0.010112767860764045
2023-02-06,-0.0012357888744848596
2023-02-07,-0.0007711896811439837
2023-02-08,0.012427970224700451
2023-02-09,-0.0008222118394854451
2023-02-10,-0.002292359212588923
2023-02-13,-0.00533942499093984
2023-02-14,0.0034842747297908244
2023-02-15,0.007569532869414305
2023-02-16,0.004159308698236249
2023-02-17,-0.005349759517828518
2023-02-20,-0.004800961741358734
2023-02-21,-0.003484685896440002
2023-02-22,-0.015424715690611239
2023-02-23,-0.002077189373128083
2023-02-24,-0.0026938300344535194
2023-02-27,-0.008040511949265645
2023-02-28,-0.0031191138408285394
2023-03-01,0.011381292197751067
2023-03-02,-0.0033979137178735174
2023-03-03,0.013435373161976035
2023-03-06,0.005463717093737808
2023-03-08,0.0035763866868015266
2023-03-09,-0.008169211168900431
2023-03-10,-0.005399088290482134
2023-03-13,-0.013118132804517155
2023-03-14,-0.007697307081766549
2023-03-15,0.0013238831293338796
2023-03-16,0.0022857600924444136
2023-03-17,0.0062833500761787925
2023-03-20,-0.007805922231799744
2023-03-21,0.0030964736948758146
2023-03-22,0.0028440511243294194
2023-03-23,-0.002369335923073777
2023-03-24,-0.009777289198698415
2023-03-27,0.0004829821004482738
2023-03-28,-0.00626731059480994
2023-03-29,0.01274795765547675
2023-03-31,0.010473814453689362
2023-04-03,0.004075618051489268
2023-04-05,0.004372274702803456
2023-04-06,0.002509927519546961
2023-04-10,0.004797608745586305
2023-04-11,0.0065317859014251585
2023-04-12,0.005484729695188107
2023-04-13,0.0011159244592892552
2023-04-17,-0.00039673664782641417
2023-04-18,8.213061714062132e-05
2023-04-19,-0.003179951327463256
2023-04-20,-0.0006415817200567611
2023-04-21,-0.002263076209210582
2023-04-24,0.006074347011922425
2023-04-25,0.002647840414270394
2023-04-26,0.0026344393241500364
2023-04-27,0.006133690901981548
2023-04-28,0.010090570866439842
2023-05-02,0.006223507229630053
2023-05-03,-0.004147350846914545
2023-05-04,0.0073435034721790835
2023-05-05,-0.0036259348685562577
2023-05-08,0.009507571432759175
2023-05-09,0.00030720650619815373
2023-05-10,0.002951302378216096
2023-05-11,-0.00036818348487689906
2023-05-12,-0.0023667213917445743
2023-05-15,0.00313116394482887
2023-05-16,-0.001887034746104253
2023-05-17,-0.003976909132252776
2023-05-18,-0.0063527732951157425
2023-05-19,0.0022026440630338517
2023-05-22,0.011223029040143214
2023-05-23,0.004799190230645633
2023-05-24,-0.000124143854536002
2023-05-25,0.0031808929136412536
2023-05-26,0.008643055110501447
2023-05-29,0.004627074088535333
2023-05-30,-0.00017839792124673673
2023-05-31,-0.0011468668560500194
2023-06-01,-0.0003136416059978327
2023-06-02,0.005206746557605884
2023-06-05,0.0018943120937038246
2023-06-06,0.0023678913138386716
2023-06-07,0.009617181398316509
2023-06-08,-0.006520055811386845
2023-06-09,-0.004295373665852489
2023-06-12,0.004202535550112474
2023-06-13,0.005538284790884805
2023-06-14,0.0036699896894012663
2023-06-15,0.00011973411787023793
2023-06-16,0.0060925628015524235
2023-06-19,-0.0038855739889195593
2023-06-20,0.003578039209314787
2023-06-21,0.0004830252938381121
2023-06-22,-0.006337650193099652
2023-06-23,-0.008674436716108423
2023-06-26,0.0052408218890611005
2023-06-27,0.005098163339982281
2023-06-28,0.008178077609945402
2023-06-30,0.009837493475608848
2023-07-03,0.0035031605815455265
2023-07-04,0.003280673974978279
2023-07-05,0.00672972605346629
2023-07-06,0.005618211701022161
2023-07-07,-0.009981113864263421
2023-07-10,-0.0023004761285594683
2023-07-11,0.005650649185469981
2023-07-12,-0.001398787058203239
2023-07-13,-0.0022890979825263484
2023-07-14,0.007693129456199805
2023-07-17,0.003934230649866753
2023-07-18,-0.001326457784993665
2023-07-19,0.003830971603571008
2023-07-20,0.005691580078707152
2023-07-21,-0.007416883256780564
2023-07-24,0.00019324366440588784
2023-07-25,0.0016286806300573678
2023-07-26,0.003390159033151269
2023-07-27,-0.00458628259568837
2023-07-28,0.002692058900782792
2023-07-31,0.005663714242598535
2023-08-01,-0.0013509429529939357
2023-08-02,-0.010181842756436806
2023-08-03,-0.005863531471475763
2023-08-04,0.004104242357746181
2023-08-07,0.005476383921440073
2023-08-08,-0.0009549498652653811
2023-08-09,0.005493063505977094
2023-08-10,-0.0027447265643640245
2023-08-11,-0.005818554622212056
2023-08-14,-0.003409598365616451
2023-08-16,0.0013835855930377952
2023-08-17,-0.00218468234534575
2023-08-18,-0.003139320132024287
2023-08-21,0.007474695786013534
2023-08-22,0.0012878662757073338
2023-08-23,0.0006776716117124276
2023-08-24,-0.002036077050755489
2023-08-25,-0.0067394117318591365
2023-08-28,0.002838841026831776
2023-08-29,0.004320763506514388
2023-08-30,0.0007227251989324816
2023-08-31,-0.006897721964666195
2023-09-01,0.012259425713779575
2023-09-04,0.007448598982397594
2023-09-05,0.002995801912444529
2023-09-06,0.0020401181091077667
2023-09-07,0.005293652564193219
2023-09-08,0.004067242973726185
2023-09-11,0.01061363920419386
2023-09-12,-0.006469858025177288
2023-09-13,0.004844591351887678
2023-09-14,0.004829552598002414
2023-09-15,0.0034031852890903775
2023-09-18,0.0012979179974450736
2023-09-20,-0.008391902599047105
2023-09-21,-0.006220007372845487
2023-09-22,-0.0025528973957442283
2023-09-25,0.0009320730374999543
2023-09-26,0.0004482328318495671
2023-09-27,0.002191683874210731
2023-09-28,-0.012543004201921967
2023-09-29,0.009000777110773652
2023-10-03,-0.006581793404103885
2023-10-04,-0.007723203658592324
2023-10-05,0.0035023024195628845
2023-10-06,0.006936436919476681
2023-10-09,-0.007765854206998235
2023-10-10,0.009919880821173574
2023-10-11,0.006849434889856906
2023-10-12,-0.00011800669979327115
2023-10-13,4.2579634324070104e-05
2023-10-16,9.316518160508727e-05
2023-10-17,0.004783432722239833
2023-10-18,-0.004602838072999098
2023-10-19,0.00032822564051656364
2023-10-20,-0.005688700300253987
2023-10-23,-0.015506585382702016
2023-10-25,-0.006950726095333009
2023-10-26,-0.014582346803830543
2023-10-27,0.009828388077378538
2023-10-30,0.002648706626083289
2023-10-31,9.891402189046838e-05
2023-11-01,-0.0052575532090923145
2023-11-02,0.00875316192875083
2023-11-03,0.005655184202491771
2023-11-06,0.011107690306146568
2023-11-07,0.002244394598113487
2023-11-08,0.0035384099595432185
2023-11-09,-0.0007798461020054014
2023-11-10,0.000993326445867444
2023-11-13,0.0032757881929281994
2023-11-15,0.01179041562515332
2023-11-16,0.0059564749125156176
2023-11-17,0.0016028732374681132
2023-11-20,-0.001989306488427415
2023-11-21,0.004165734519694297
2023-11-22,0.0017893165316535619
2023-11-23,6.872719369668718e-05
2023-11-24,-0.0014746548549524365
2023-11-28,0.010101099221338847
2023-11-29,0.007488317403942548
2023-11-30,0.0065697594825410216
2023-12-01,0.004500070046276786
2023-12-04,0.018305324761429664
2023-12-05,0.010215794361832264
2023-12-06,0.001312000493672423
2023-12-07,0.000617040765060782
2023-12-08,-0.0011872829048693017
2023-12-11,0.0011785290632853088
2023-12-12,-0.001537434257541924
2023-12-13,0.00372740549241768
2023-12-14,0.008830443943516586
2023-12-15,0.011451182111152126
2023-12-18,-0.0012285330013453292
2023-12-19,0.0015920836331223048
2023-12-20,-0.01920693717282545
2023-12-21,0.004273750962732706
2023-12-22,0.008367033220444933
2023-12-26,0.008134807790748409
2023-12-27,0.009275705632945502
2023-12-28,0.009473231166429489
2023-12-29,-0.0020386450880676885
2024-01-02,-0.0012782812792771093
2024-01-03,-0.005129607176275867
2024-01-04,0.004964475300798022
2024-01-05,0.0013186480815836244
2024-01-08,-0.008497302812578805
2024-01-09,0.003655901689119244
2024-01-10,0.0006233317417891873
2024-01-11,0.0023020639144264096
2024-01-12,0.008236883158653894
2024-01-15,0.006337685978362768
2024-01-16,-0.002364578340953848
2024-01-17,-0.013131889373699109
2024-01-18,-0.003937122465904483
2024-01-19,0.010847249811953072
2024-01-23,-0.020096552853279083
2024-01-24,0.014259343567044697
2024-01-25,-0.004974934226722972
2024-01-29,0.015733878726021763
2024-01-30,-0.007757212126551433
2024-01-31,0.011348391757626322
2024-02-01,-0.0010870539257272726
2024-02-02,0.01296450711610674
2024-02-05,-0.0030465214505795593
2024-02-06,0.01081610397770839
2024-02-07,0.002583866134155022
2024-02-08,-0.008256397605056
2024-02-09,0.001411672353844557
2024-02-12,-0.007661047965532745
2024-02-13,0.003762329294022712
2024-02-14,0.007411977063318647
2024-02-15,0.005086001168715599
2024-02-16,0.00779818109545356
2024-02-19,0.003482087396500389
2024-02-20,0.0011667645308484093
2024-02-21,-0.0071959664841738874
2024-02-22,0.007185233146284474
2024-02-23,-0.0008811950087860471
2024-02-26,-0.004135247612079116
2024-02-27,0.002062772576683877
2024-02-28,-0.014688550937813941
2024-02-29,0.001487964901408762
2024-03-01,0.013780807586765632
2024-03-04,0.004132057237942809
2024-03-05,-0.0024453520599721857
2024-03-06,0.004296627197840527
2024-03-07,0.003506202325364664
2024-03-11,-0.004076919715188005
2024-03-12,-0.005453115630580818
2024-03-13,-0.023509204641646873
2024-03-14,0.01202859653199173
2024-03-15,-0.005215000724057967
2024-03-18,0.0013728502766172932
2024-03-19,-0.013690091745277851
2024-03-20,0.002023933478945354
2024-03-21,0.010788318876698715
2024-03-22,0.007525364426389613
2024-03-26,-0.001677169905881109
2024-03-27,-0.0005020625088349096
2024-03-28,0.013103522093900874
2024-04-01,0.006544278436614679
2024-04-02,0.002760126925023426
2024-04-03,-0.0020942335410825325
2024-04-04,0.0013918812718031334
2024-04-05,-0.0019582010589932084
2024-04-08,0.007004431907808384
2024-04-09,-0.0015913966523480364
2024-04-10,0.005817586905887779
2024-04-12,-0.010549885322066334
2024-04-15,-0.010054803936169907
2024-04-16,-0.004840779499176032
2024-04-18,-0.00907095905628958
2024-04-19,0.00450038519371048
2024-04-22,0.010943909745464052
2024-04-23,0.0013434162344514917
2024-04-24,0.0027256491698791933
2024-04-25,0.009168480722369518
2024-04-26,-0.005622131524428685
2024-04-29,0.004324344548557653
2024-04-30,-0.0006417368504734339
2024-05-02,0.0033153972848650403
2024-05-03,-0.005439726183284626
2024-05-06,-0.003954962246621649
2024-05-07,-0.007230815264429728
2024-05-08,0.0016576295559061322
2024-05-09,-0.01803591284160571
2024-05-10,0.009802077167183895
2024-05-13,0.005865993463442166
2024-05-14,0.0053026741406725
2024-05-15,0.001383435951080842
2024-05-16,0.008103902733562549
2024-05-17,0.0019311951299875504
2024-05-21,0.00800415030960527
2024-05-22,0.0031463963955948126
2024-05-23,0.01320895265623512
2024-05-24,-0.0021830795397821457
2024-05-27,-0.0020006143685755116
2024-05-28,-0.0002617169660436685
2024-05-29,-0.005465554533230299
2024-05-30,-0.015234354009222033
2024-05-31,0.0014664001881767694
2024-06-03,0.028298593822564982
2024-06-04,-0.0562875365042916
2024-06-05,0.03557313567606361
2024-06-06,0.00802829004464285
2024-06-07,0.01918483774349484
2024-06-10,0.002102260952917663
2024-06-11,0.002282691846950072
2024-06-12,0.003100773463844139
2024-06-13,0.00469483721242943
2024-06-14,0.0029713342796830033
2024-06-18,0.0027700948169158126
2024-06-19,-0.008050734394431644
2024-06-20,0.0013811531710534199
2024-06-21,-0.0034523117388012385
2024-06-24,0.0016908630371125395
2024-06-25,0.0011716569416622413
2024-06-26,0.0010454995377890458
2024-06-27,0.00823776089882615
2024-06-28,0.0016297417338211094
2024-07-01,0.004174568983728689
2024-07-02,-0.0022171891900337613
2024-07-03,0.007089308155997571
2024-07-04,-0.00014209957314106225
2024-07-05,0.006163804623568695
2024-07-08,-0.0024031221792625993
2024-07-09,0.0062566105202392615
2024-07-10,-0.0013875084448578712
2024-07-11,-6.804106584312705e-05
2024-07-12,0.006168711005399374
2024-07-15,0.005812837362689039
2024-07-16,0.0025826791936572
2024-07-18,0.0054760464903262345
2024-07-19,-0.016489837071881643
2024-07-22,0.0007851879664256996
2024-07-23,0.001357314654953441
2024-07-24,-0.0015544617059073766
2024-07-25,0.0013556208284873966
2024-07-26,0.019942339182480975
2024-07-29,0.0012146141855424557
2024-07-30,0.0019808935173034016
2024-07-31,0.005821477951105786
2024-08-01,0.002488499206270463
2024-08-02,-0.013953105797432194
2024-08-05,-0.024462626430356814
2024-08-06,-0.0026927733612639106
2024-08-07,0.01528901167564542
2024-08-08,-0.010507625074644087
2024-08-09,0.010156000442421747
2024-08-12,-0.0014432314973604305
2024-08-13,-0.007598440135939318
2024-08-14,-0.004610494225535296
2024-08-16,0.016428071246249846
2024-08-19,0.003756592883829969
2024-08-20,0.007538084058246937
2024-08-21,0.006543311073597251
2024-08-22,0.001849116132118666
2024-08-23,0.00015370799092601642
2024-08-26,0.0069490639480645905
2024-08-27,-0.0005217382977749751
2024-08-28,0.0011718200217972381
2024-08-29,0.0033140156028010083
2024-08-30,0.00589132344807202
2024-09-02,0.002768577038810874
2024-09-03,-0.0004931107521204694
2024-09-04,-0.0025498635701887767
2024-09-05,-0.0014666221434321584
2024-09-06,-0.009605817194364891
2024-09-09,0.0001860228525808992
2024-09-10,0.004297801917359153
2024-09-11,-0.0051140106843923375
2024-09-12,0.019453107776084843
2024-09-13,-0.0006043136760450095
2024-09-16,-0.000300576048045251
2024-09-17,0.000633109463180987
2024-09-18,-0.0037395933995850363
2024-09-19,-0.0011808370268819623
2024-09-20,0.012161779943721108
2024-09-23,0.007288654823264246
2024-09-24,0.0007338081064888882
2024-09-25,0.0014038278719686042
2024-09-26,0.010374848823112983
2024-09-27,0.004193793621795399
2024-09-30,-0.008147795512553036
2024-10-01,-0.00015361842731091333
2024-10-03,-0.02018096801791787
2024-10-04,-0.009613511663146345
2024-10-07,-0.011507539330415479
2024-10-08,0.005676700722405156
2024-10-09,0.001747458150878896
2024-10-10,-0.0005974294862034219
2024-10-11,0.000865686701399841
2024-10-14,0.004712457645873827
2024-10-15,-0.0046339469704723794
2024-10-16,-0.002685974841399257
2024-10-17,-0.0133715085996716
2024-10-18,0.004191324492209637
2024-10-21,-0.008761340521951823
2024-10-22,-0.015709455239991683
2024-10-23,-0.0024670822384460687
2024-10-24,-0.0036301874026769144
2024-10-25,-0.01657244269470499
2024-10-28,0.007690750885073554
2024-10-29,0.0031695622169901913
2024-10-30,-0.001010099689014103
2024-10-31,-0.002427531664185098
2024-11-01,0.004857985528191804
2024-11-04,-0.014219333520951486
2024-11-05,0.009324387666910138
2024-11-06,0.011680038459978217
2024-11-07,-0.01103385273653383
2024-11-08,-0.001691095906287485
2024-11-11,-0.007150782125108321
2024-11-12,-0.01156180680801361
2024-11-13,-0.015003375346974244
2024-11-14,-0.002377285750728055
2024-11-18,-0.0026298926688939853
2024-11-19,0.0017428533202979502
2024-11-21,-0.013520711025873369
2024-11-22,0.021660600429023274
2024-11-25,0.010235633039731292
2024-11-26,-0.0036341676266333665
2024-11-27,0.0036927518136340596
2024-11-28,-0.015310754468455156
2024-11-29,0.00892166000756442
2024-12-02,0.006411298076568925
2024-12-03,0.006885156305215982
2024-12-04,-0.0009960158595290545
2024-12-05,0.0059924700345400355
2024-12-06,0.00040645447866062095
2024-12-09,-0.003606251114726576
2024-12-10,-0.0016536680834686973
2024-12-11,0.002538078711118964
2024-12-12,-0.0048589820821141
2024-12-13,0.006828551909423691
2024-12-16,-0.004097426441718843
2024-12-17,-0.013714393988243664
2024-12-18,-0.005154484475884512
2024-12-19,-0.005788340582585044
2024-12-20,-0.01525807765840222
2024-12-23,0.004707550271669608
2024-12-24,-0.00207966706758046
2024-12-26,0.0026979635911845534
2024-12-27,0.0015998257704934286
2024-12-30,-0.0034670699407156075
2024-12-31,0.0008695862037134248
2025-01-02,0.020564928101724445
2025-01-03,-0.003057328847106007
2025-01-06,-0.017569475012116288
2025-01-07,0.005447723387725227
2025-01-08,-0.0007418631216957956
2025-01-09,-0.005215682054089393
2025-01-10,-0.006608299544414405
2025-01-13,-0.01949001461898005
2025-01-14,0.008671130560117275
2025-01-15,0.00047413720248563743
2025-01-16,0.0047851326411599586
2025-01-17,0.0017639011716016964
2025-01-20,0.00712290359078743
2025-01-21,-0.011188905528833074
2025-01-22,0.003681115727601368
2025-01-23,0.004909936799957258
2025-01-24,-0.005912106222894622
2025-01-27,-0.014466919776096586
2025-01-28,-0.0006833160397195636
2025-01-29,0.012405997701426802
2025-01-30,0.006255668576979283
2025-01-31,0.014420021655256451
2025-02-01,-0.0017623770992421057
2025-02-03,-0.003958810951939967
2025-02-04,0.013107462223502623
2025-02-05,-0.00032111354902610327
2025-02-06,-0.003276367661548671
2025-02-07,0.002346334877649221
2025-02-10,-0.009742775404537926
2025-02-11,-0.01618489820902205
2025-02-12,0.0012690918255735205
2025-02-13,0.0009987354064784288
2025-02-14,-0.010300629778262384
2025-02-17,0.0054892879505271264
2025-02-18,-7.675205747124437e-05
2025-02-19,0.0001299352361809488
2025-02-20,0.0029973438067097506
2025-02-21,-0.0060518288131776905
2025-02-24,-0.009076714407365643
2025-02-25,-0.0023573590681955784
2025-02-27,-0.0025866695477365655
2025-02-28,-0.02517468528713918
2025-03-03,0.0019629290922786964
2025-03-04,-0.003060539821823943
2025-03-05,0.016481157053135596
2025-03-06,0.011630546584557764
2025-03-07,-0.001070364539014241
2025-03-10,-0.006890091847416972
2025-03-11,-0.0034372469479444965
2025-03-12,-0.0028140999718281323
2025-03-13,-0.004939700040212461
2025-03-17,0.006535604005521263
2025-03-18,5.744769499406873e-05
2025-03-19,0.018873379027268877
2025-03-20,0.011104387085086922
2025-03-21,0.008133372850278231
2025-03-24,0.010574391672328615
2025-03-25,-0.002953736866540857
2025-03-26,-0.0072088718409663854
2025-03-27,0.006879149058988033
2025-03-28,-0.005400996786061393
2025-04-01,-0.007503197883717292
2025-04-02,0.008180260657779962
2025-04-03,-0.0011255630434584512
2025-04-04,-0.022259527110233924
2025-04-07,-0.029275372832151265
2025-04-08,0.01906790486066848
2025-04-09,-0.003989832727628616
2025-04-11,0.0201147657680811
2025-04-15,0.01992213672527997
2025-04-16,0.005959287111125378
2025-04-17,0.010006770784633325
2025-04-21,0.013296056306390724
2025-04-22,-0.0020145729127329154
2025-04-23,0.009324899228843246
2025-04-24,0.0007038260726643954
2025-04-25,-0.011472765921794555
2025-04-28,0.01090189675276555
2025-04-29,-0.0029166885053248525
2025-04-30,-0.0009165293934661168
2025-05-02,-0.0032445803166775535
2025-05-05,0.008055511804654894
2025-05-06,-0.004488089052796133
2025-05-07,0.0006153211958147215
2025-05-08,-0.009964786837777845
2025-05-09,-0.0060570807512101725
2025-05-12,0.0321039213046523
2025-05-13,-0.010774040361800425
2025-05-14,0.005568462458501881
2025-05-15,0.015377535368159027
2025-05-16,-0.00037838966296072356
2025-05-19,-0.0008481495751331359
2025-05-20,-0.01151724058075348
2025-05-21,0.005343580830836166
2025-05-22,-0.008435871751213157
2025-05-23,0.009370492723977148
2025-05-26,0.007148945195190787
2025-05-27,-0.005965905897212687
2025-05-28,-0.004354877487184506
2025-05-29,0.0033442269802350677
2025-05-30,-0.006898403307980329
2025-06-02,-0.0007768159902343565
2025-06-03,-0.007571419739234656
2025-06-04,0.0019149683243728467
2025-06-05,0.0022458490266598144
2025-06-06,0.010698656977212138
2025-06-09,0.0066564862368083295
2025-06-10,0.002561295635354766
2025-06-11,0.00276238653179108
2025-06-12,-0.010393325003920616
2025-06-13,-0.006108893676895913
2025-06-16,0.010022512389922102
2025-06-17,-0.005183422673362835
2025-06-18,-0.001697297915692232
2025-06-19,-0.0018435077010596412
2025-06-20,0.009242264967281076
2025-06-23,-0.003158151183062465
2025-06-24,0.004263760636024392
2025-06-25,0.00748512319545382
2025-06-26,0.009830212776550046
2025-06-27,0.004190941060322509
2025-06-30,-0.0029421632291501544
2025-07-01,0.0005120465267211819
2025-07-02,-0.0007198777697173719
2025-07-03,-0.0012127056020681368
2025-07-04,0.003414408295263059
2025-07-07,0.0008880225638729037
2025-07-08,0.00035360409173681106
2025-07-09,-0.0025618772509335705
2025-07-10,-0.004023490311852986
2025-07-11,-0.007291700940994626
2025-07-14,-0.0013352716454398848
2025-07-15,0.005480955112283006
2025-07-16,0.0012640909369668447
2025-07-17,-0.001442534980394595
2025-07-18,-0.003643972658285777
2025-07-21,0.0016267465209046045
2025-07-22,-0.0033261352503844844
2025-07-23,0.004308315028486758
2025-07-24,-0.0057881045197157146
2025-07-25,-0.009680081306444412
2025-07-28,-0.005560731772753102
2025-07-29,0.004792855265792283
2025-07-30,0.0011852077860609374
2025-07-31,-0.004942364856493172
2025-08-01,-0.012895114376110581
2025-08-04,0.01179884017701115
2025-08-05,-0.0008608549784625839
2025-08-06,-0.006758955242326993
2025-08-07,0.0017135467328194866
2025-08-08,-0.008166966785307988
2025-08-11,0.00809814386741216
2025-08-12,-0.0003699251399685411
2025-08-13,0.00704536886702281
2025-08-14,-0.0015756868069860797
2025-08-18,0.014928915511728024
2025-08-19,0.004451011603959612
2025-08-20,0.004794777459932505
2025-08-21,-0.00011998860427185948
2025-08-22,-0.00804720314850527
2025-08-25,0.004784415546749731
2025-08-26,-0.008331282268734058
2025-08-28,-0.005959928163737022
2025-08-29,-0.001978648753388066
2025-09-01,0.011002034200575304
2025-09-02,0.0006783067661830566
2025-09-03,0.0060280165401817845
2025-09-04,-0.0011277044243693725
2025-09-05,-0.0007395066686157214
2025-09-08,0.0010269186047615762
2025-09-09,0.005931752733637926
2025-09-10,0.005117137274328728
2025-09-11,0.0014947345414736575
2025-09-12,0.0022367337251755774
2025-09-15,-0.002821145362010315
2025-09-16,0.006955101085427728
2025-09-17,0.0027558951841949713
2025-09-18,0.002801932935130275
2025-09-19,-0.000359851389064269
2025-09-22,-0.003845430657637432
2025-09-23,-0.0011081103699528928
2025-09-24,-0.0031866103715616585
2025-09-25,-0.007130776968832825
2025-09-26,-0.012731553359549617
2025-09-29,0.0008107201470936843
2025-09-30,0.0017186132116670738
2025-10-01,0.006110000530396604
2025-10-03,0.004330398837230071
2025-10-06,0.005078322718088672
2025-10-07,0.0007663642018622736
2025-10-08,-0.0033929807302165286
2025-10-09,0.00642001807599732
2025-10-10,0.00512037126646598
2025-10-13,-0.0015009781961400595
2025-10-14,-0.004495882251967439
2025-10-15,0.007933286544259103
2025-10-16,0.009600353460372846
2025-10-17,0.002499843054573455
2025-10-20,0.005602520319145235
2025-10-21,0.0013181574142858787
2025-10-23,-1.8678675195196845e-05
2025-10-24,-0.00440699328410339
2025-10-27,0.006993641285738112
2025-10-28,1.973763239330041e-05
2025-10-29,0.006907350341068707
2025-10-30,-0.004574093806316242
2025-10-31,-0.005290227391251278
2025-11-03,0.0018031065964343104
2025-11-04,-0.006041355106798114
2025-11-06,-0.004681645600794778
2025-11-07,0.0020597282931828845
2025-11-10,0.00232243697590642
2025-11-11,0.0031123633247851115
2025-11-12,0.008707783158691265
2025-11-13,0.00041043446564214083
2025-11-14,-0.0004246550469750818
2025-11-17,0.005504085752677516
2025-11-18,-0.005728331858428398
2025-11-19,0.0037198193561784935
2025-11-20,0.0032642298456260197
2025-11-21,-0.004293902368649873
2025-11-24,-0.004644891845848722
2025-11-25,-0.001234500760198742
2025-11-26,0.012256725398444423
2025-11-27,-0.002617824436521762
2025-11-28,-0.00041534324778858456
2025-12-01,-0.00019527614830372697
2025-12-02,-0.0017264924812887
2025-12-03,-0.004102157902491594
2025-12-04,0.004737157800123043
2025-12-05,0.005958991508448739
2025-12-08,-0.011166544668509184
2025-12-09,-0.00478880775393915
2025-12-10,-0.0010389545775969706
2025-12-11,0.0053735457939393955
2025-12-12,0.006982727891229309
2025-12-15,0.0002567789755497712
2025-12-16,-0.006542897852858359
2025-12-17,-0.0013666866178823748
2025-12-18,-0.001133959252721228
2025-12-19,0.0057731110606087065
2025-12-22,0.007028432130785512
2025-12-23,0.0006507580766953849
2025-12-24,-0.0025991978468979378
2025-12-26,-0.0026980977678200107
2025-12-29,-0.0026516205761485225
2025-12-30,0.0009762753585887476
2025-12-31,0.01001992393030975
