date,kalman_mvo
2018-01-03,-0.0010129611428571427
2018-01-04,0.009807153206992145
2018-01-05,0.009005948121251767
2018-01-08,0.009135109315010784
2018-01-09,0.004356612408751652
2018-01-10,0.0012762462089969567
2018-01-11,0.005845452766736718
2018-01-12,0.005367136108770257
2018-01-15,0.004810037438411253
2018-01-16,0.002459028270318711
2018-01-17,-0.002178043268211018
2018-01-18,-0.000486254828314579
2018-01-19,0.004600446589044115
2018-01-22,0.0007898859144833555
2018-01-23,-0.0017648274829015435
2018-01-24,-0.004964227344983599
2018-01-25,-0.005826332695693968
2018-01-29,0.00622328237238429
2018-01-30,-0.013273065170444222
2018-01-31,-0.004519360646234265
2018-02-01,0.0024380125148784253
2018-02-02,-0.02144318489822637
2018-02-05,-0.006913198786040983
2018-02-06,-0.014491865275535502
2018-02-07,-0.004626827696578588
2018-02-08,0.010600219416687795
2018-02-09,-0.006745477221492626
2018-02-12,0.01271508979820626
2018-02-14,-0.0003827914923506369
2018-02-15,0.0008826396419141755
2018-02-16,-0.006295369569349691
2018-02-19,-0.006325206569709576
2018-02-20,-0.0009206924387669075
2018-02-21,0.008355073201545205
2018-02-22,-0.0019722470115497923
2018-02-23,0.01641478175487955
2018-02-26,0.0075517219471558745
2018-02-27,0.0015932206221134064
2018-02-28,-0.006102605485665746
2018-03-01,-0.00038152799999999996
2018-03-05,-0.005304628765208081
2018-03-06,-0.013166823078797947
2018-03-07,-0.008058220398748886
2018-03-08,0.0007575465745985968
2018-03-09,-0.004336882325091258
2018-03-12,0.014330505545082532
2018-03-13,0.0007578217633458662
2018-03-14,0.0008531275831810458
2018-03-15,0.0006591584303887196
2018-03-16,-0.01001559563279047
2018-03-19,-0.013251351039120417
2018-03-20,0.002497174607242689
2018-03-21,0.003652348236427162
2018-03-22,-0.0009521011890519454
2018-03-23,-0.005603912996663518
2018-03-26,0.012728360255986518
2018-03-27,0.0095664517747428
2018-03-28,-0.0014052683076771436
2018-04-02,0.02816879636765459
2018-04-03,-0.000406144
2018-04-04,-0.007402249138369732
2018-04-05,0.013258233784064058
2018-04-06,0.003220172798009951
2018-04-09,0.004407201948054095
2018-04-10,0.0035117153904208396
2018-04-11,0.004011185894808677
2018-04-12,0.006058868283840865
2018-04-13,0.0038423598937468145
2018-04-16,0.004419135879482339
2018-04-17,0.004300087382240043
2018-04-18,-0.0038919274148115674
2018-04-19,0.004723746903870103
2018-04-20,0.004828857199684399
2018-04-23,-0.0010839109426492126
2018-04-24,0.00015040473210748112
2018-04-25,0.0025700490467750036
2018-04-26,0.014615808755662485
2018-04-27,-0.006904655492051931
2018-04-30,0.008249482176376721
2018-05-02,-0.00035194400000000003
2018-05-03,-0.011554858025636518
2018-05-04,0.002305930255316725
2018-05-07,0.007059758798689487
2018-05-08,6.749462671029052e-05
2018-05-09,0.0033404645772604916
2018-05-10,-0.003221917237630034
2018-05-11,0.011044491571567859
2018-05-14,-0.003154258759286494
2018-05-15,-0.009357359505830611
2018-05-16,0.003632843216477176
2018-05-17,-0.0020920413779645514
2018-05-18,0.00167719867317187
2018-05-21,-0.009264797791956098
2018-05-22,-0.00111604549323179
2018-05-23,-0.004861453954935079
2018-05-24,0.0088648673282589
2018-05-25,0.009829672153861553
2018-05-28,-0.0036656228223093433
2018-05-29,-0.003020619997094232
2018-05-30,0.00400509913745675
2018-05-31,0.0073096166612654934
2018-06-01,-0.0045235425965913355
2018-06-04,-0.0091868049385754
2018-06-05,-0.007414765576237473
2018-06-06,0.010311897824590216
2018-06-07,0.008397653761021862
2018-06-08,0.001225517476068019
2018-06-11,0.004187568457681299
2018-06-12,0.01433599215040714
2018-06-13,-0.0008845416640467483
2018-06-14,-0.00391741420068564
2018-06-15,0.003577384524861006
2018-06-18,-0.0009135751035652775
2018-06-19,-0.010890981704270417
2018-06-20,0.002954139125115944
2018-06-21,-0.0041763336199517045
2018-06-22,0.0015247808940430363
2018-06-25,-0.0004995913419539503
2018-06-26,0.004577640244526178
2018-06-27,-0.001744367623077187
2018-06-28,-0.011939630372602334
2018-06-29,0.00956433466371294
2018-07-02,0.0012824781813041484
2018-07-03,0.008085531344420744
2018-07-04,-0.00047863199999999994
2018-07-05,-0.007786640869138897
2018-07-06,0.0023876916189568297
2018-07-09,0.006842039205853521
2018-07-10,0.004033856471566947
2018-07-11,0.008864354651418509
2018-07-12,0.004700525615136881
2018-07-13,0.004829892252050874
2018-07-16,-0.0025401830997964967
2018-07-17,-0.001528267733759631
2018-07-18,-0.0023589712039102434
2018-07-19,-0.0009371917219531354
2018-07-20,0.01915481330064652
2018-07-23,0.0024435444293210485
2018-07-24,-0.0029251925241848597
2018-07-25,-0.001261937546633821
2018-07-26,-0.0013727971613459993
2018-07-27,0.008664680840677908
2018-07-30,-9.43773058245975e-05
2018-07-31,0.018567901391490206
2018-08-01,-0.000263992
2018-08-02,-0.006700003131717921
2018-08-03,-0.004075097809532254
2018-08-06,-0.0003750810720268039
2018-08-07,-0.006569337732707132
2018-08-08,0.004489920923201512
2018-08-09,-0.0013729133806929565
2018-08-10,-0.0005702173914108645
2018-08-13,0.0036525094510130056
2018-08-14,0.010090617318856195
2018-08-16,-0.00171541937878053
2018-08-17,0.010619282592233216
2018-08-20,0.006834741445093266
2018-08-21,0.0063628491825500864
2018-08-23,0.016425995801519076
2018-08-24,-0.006389750432212004
2018-08-27,0.006958749666140602
2018-08-28,0.002590068658439785
2018-08-29,-0.0024860090590684415
2018-08-30,-0.001828466013695348
2018-08-31,0.0049621995537097174
2018-09-03,-0.017376147310542434
2018-09-04,-0.008153510597599358
2018-09-05,-0.01126062907060532
2018-09-06,0.004327050773882303
2018-09-07,0.006001544177406678
2018-09-10,-0.014321184476688315
2018-09-11,-0.018625729474367695
2018-09-12,0.0045183770777304216
2018-09-14,0.00909868493207022
2018-09-17,-0.010045168316432845
2018-09-18,-0.0006139034933509313
2018-09-19,-0.005892811516057337
2018-09-21,-0.02021036685875739
2018-09-24,-0.011141093029676946
2018-09-25,0.016193722541979587
2018-09-26,0.0006177336280121668
2018-09-27,-0.0015244217191888597
2018-09-28,-0.0055268471549760655
2018-10-01,0.005708330008256968
2018-10-03,-0.000680744
2018-10-04,-0.03052086198146432
2018-10-05,-0.013666670618610216
2018-10-08,0.0077449844264820406
2018-10-09,-0.004433497461251502
2018-10-10,0.002526111383802415
2018-10-11,-0.02669904267033839
2018-10-12,0.02101522739063257
2018-10-15,0.0060620621100870116
2018-10-16,0.010155773369890642
2018-10-17,-0.007768226018668743
2018-10-19,-0.015660947083795215
2018-10-22,-0.010404142901850376
2018-10-23,-0.019089998120544068
2018-10-24,0.00017345608066397583
2018-10-25,-0.001290584950448233
2018-10-26,-0.012412729546970588
2018-10-29,0.024346303194695343
2018-10-30,0.0018529495319382604
2018-10-31,0.024160128966649104
2018-11-01,-0.000770392
2018-11-02,0.002356007531769122
2018-11-05,-0.006788725798534222
2018-11-06,-0.004744954535793049
2018-11-07,0.007999112040879053
2018-11-09,0.0020534771716377007
2018-11-12,-0.006616150803090896
2018-11-13,0.0070789152223424395
2018-11-14,-0.004573370513081786
2018-11-15,0.007917390246525047
2018-11-16,0.004700998113107905
2018-11-19,-0.001101079697346861
2018-11-20,-0.012618770228564538
2018-11-21,-0.010538818587107137
2018-11-22,-0.003670636560268518
2018-11-26,0.009053625238434847
2018-11-27,0.010103394545857793
2018-11-28,0.011331097071222943
2018-11-29,0.008391852367805697
2018-11-30,-0.0005584329373267815
2018-12-03,-0.000302248
2018-12-04,0.0015681080784891712
2018-12-05,-0.0038167662290798272
2018-12-06,-0.022774044345214406
2018-12-07,0.01096631952079315
2018-12-10,-0.018875675197100306
2018-12-11,0.014046758249030174
2018-12-12,0.019039100349106487
2018-12-13,0.0058700848273894116
2018-12-14,0.001774890779630636
2018-12-17,0.002236377794006284
2018-12-18,-0.004124047269803881
2018-12-19,0.0025747555792668643
2018-12-20,-0.0026238931398136446
2018-12-21,-0.0185626800614006
2018-12-24,-0.003784437523048535
2018-12-26,-0.0021737911071664424
2018-12-27,0.011619304893227263
2018-12-28,0.005860567039005186
2018-12-31,-0.0006343040028715852
2019-01-03,-0.0012408083265306122
2019-01-04,-0.009632670007844086
2019-01-07,0.002598989326436269
2019-01-08,-0.00010676344419969803
2019-01-09,0.0043939050056210245
2019-01-10,0.0036464840930968655
2019-01-11,-0.005511311687643738
2019-01-14,-0.004454819782057724
2019-01-15,0.01910088971352746
2019-01-16,-0.005308039520007177
2019-01-17,0.002739468460897586
2019-01-18,-0.000415937273200544
2019-01-21,0.004858353003964364
2019-01-22,0.0006140371976583196
2019-01-23,-0.001124224623792481
2019-01-24,0.0047751030861403285
2019-01-25,-0.0035470743630328172
2019-01-28,-0.004760435162576317
2019-01-29,0.00648380550680968
2019-01-30,-0.0028174483038033464
2019-01-31,0.01196239128678332
2019-02-01,0.015065565659354635
2019-02-04,-0.007409453270409894
2019-02-05,0.002327672724086099
2019-02-06,0.016715650796124377
2019-02-07,0.0028024504014564815
2019-02-08,-0.011759136733273487
2019-02-11,-0.011739771128697885
2019-02-12,-0.008640334184684236
2019-02-14,-0.006880200904342505
2019-02-15,-0.008346418420829787
2019-02-18,-0.009694179178776229
2019-02-19,-0.008029064396043657
2019-02-20,0.00973601394433547
2019-02-21,0.007459104805511544
2019-02-22,0.007751784130346939
2019-02-25,0.01516197732502089
2019-02-26,0.0029211371271686075
2019-02-27,-0.005751499570633712
2019-02-28,-0.008361191472645024
2019-03-01,0.0033733816823997686
2019-03-05,0.0009298759208009834
2019-03-06,-0.0005151322049064184
2019-03-07,-0.005272628463225746
2019-03-08,-0.0004510839923528732
2019-03-11,0.005904520233035679
2019-03-12,0.007725884749547567
2019-03-13,0.005732626489259436
2019-03-14,-0.0024576407130539237
2019-03-15,-0.0029919342105084036
2019-03-18,0.003066430779744846
2019-03-19,0.005773203768481874
2019-03-20,-0.00496266708085397
2019-03-22,-0.0025207462075484866
2019-03-25,-0.004119089780603158
2019-03-26,0.005167680131508586
2019-03-27,-0.0005743338870579037
2019-03-28,0.008173184087591037
2019-04-01,0.011934187766786033
2019-04-02,-0.0006469439999999999
2019-04-03,-0.004165402509331813
2019-04-04,-0.005714065924940042
2019-04-05,0.009378982839044979
2019-04-08,-0.009275323970281014
2019-04-09,0.002647721402052313
2019-04-10,-0.0076274394046814825
2019-04-11,0.0016084257175135114
2019-04-12,0.002864540758547218
2019-04-15,0.007166486586298761
2019-04-16,0.004091830108924594
2019-04-18,0.0007310334141600579
2019-04-22,-0.008782816947705989
2019-04-23,0.0017575552959865352
2019-04-24,0.013844558557554468
2019-04-25,-0.005250795051712842
2019-04-26,0.010281062659685437
2019-04-30,0.007672629645361948
2019-05-02,-0.008676181933080814
2019-05-03,-0.008551224349077641
2019-05-06,-0.009501537806918758
2019-05-07,-0.0035953260631969705
2019-05-08,-0.014116838999449542
2019-05-09,-0.0034981713727743743
2019-05-10,-0.005347717388182434
2019-05-13,-0.004518111547533547
2019-05-14,-0.0050237072565499225
2019-05-15,0.0041100186230250794
2019-05-16,0.013748930840899724
2019-05-17,0.013091228573495012
2019-05-20,0.024674213334167493
2019-05-21,-0.0012377136768013041
2019-05-22,-0.0010512096389305946
2019-05-23,-0.006293071837584634
2019-05-24,0.010130137556808421
2019-05-27,-0.008067826410249751
2019-05-28,0.004963342335484024
2019-05-29,-0.0010453701048090491
2019-05-30,0.010913075625172755
2019-05-31,0.005614372794686675
2019-06-03,-0.0008647839999999997
2019-06-04,-0.0029242685871688334
2019-06-06,-0.009897503872703538
2019-06-07,-0.0006334848158930893
2019-06-10,0.007728534664151535
2019-06-11,0.004919851808807756
2019-06-12,-0.004148379493585634
2019-06-13,0.0016990272437046414
2019-06-14,-0.007002269092413459
2019-06-17,-0.012243518903175064
2019-06-18,0.00411367271279435
2019-06-19,-0.010582474507396262
2019-06-20,-0.001989665334777969
2019-06-21,-0.0033421686716673324
2019-06-24,-0.0007641341286681222
2019-06-25,0.010260514468825716
2019-06-26,0.008943669368631675
2019-06-27,-0.0026517900267182233
2019-06-28,-0.0019990452929875206
2019-07-01,0.011739019909832765
2019-07-02,-0.00048391999999999993
2019-07-03,-0.00027977573685611867
2019-07-04,0.0009836127996471194
2019-07-05,-0.018873717242899404
2019-07-08,-0.027545902918038656
2019-07-09,-0.015718459562927344
2019-07-10,-0.009608585643337528
2019-07-11,-0.00017086861381020928
2019-07-12,-0.008698107285033624
2019-07-15,0.002342777867341022
2019-07-16,0.008222706106107683
2019-07-17,-0.0001285623160660551
2019-07-18,-0.005872508939798344
2019-07-19,-0.012311707722521567
2019-07-22,-0.005518162485076287
2019-07-23,0.0037217134704689275
2019-07-24,-0.014150708066164312
2019-07-25,-0.0006789503912219127
2019-07-26,0.014050205143585336
2019-07-29,-0.008744418705285167
2019-07-30,-0.002583829410098668
2019-07-31,-0.005155209268611038
2019-08-01,-0.006202490824825924
2019-08-02,-0.00088947954000545
2019-08-05,-0.014299509754007036
2019-08-06,0.011130431313182847
2019-08-07,-0.007038575143009383
2019-08-08,0.013309592517098765
2019-08-09,0.009137824484006766
2019-08-13,-0.030405893740841322
2019-08-14,0.009567723885918205
2019-08-16,0.0018567470897552158
2019-08-19,0.005724821996576368
2019-08-20,-0.001304617085560003
2019-08-21,-0.006298000510239344
2019-08-22,-0.009565301686499834
2019-08-23,0.010040524371310755
2019-08-26,0.021493115945838404
2019-08-27,0.002491567284251235
2019-08-28,-0.0054729884525083015
2019-08-29,-0.0056428237537668804
2019-08-30,0.010316907701667752
2019-09-03,-0.016343113217105944
2019-09-04,0.0007280843287565731
2019-09-05,0.0019024761453391658
2019-09-06,0.008651314390213822
2019-09-09,0.009392384138982957
2019-09-11,-0.0035484492030149637
2019-09-12,-0.010284806728694022
2019-09-13,0.011540305962793197
2019-09-16,0.003310917172308508
2019-09-17,-0.015283465159274626
2019-09-18,0.004607499953555114
2019-09-19,-0.011283219216127741
2019-09-20,0.04953872131554609
2019-09-23,0.02353917613120109
2019-09-24,-0.006953827271126239
2019-09-25,-0.005766837789862393
2019-09-26,0.010317704519441577
2019-09-27,-0.002912025009647423
2019-09-30,9.961709176429341e-05
2019-10-01,-0.011772925283513501
2019-10-03,-0.0013339616080568957
2019-10-04,-0.012747342322007605
2019-10-07,0.0027660487921699903
2019-10-09,0.006763002546979344
2019-10-10,-0.006019973623821376
2019-10-11,0.003953250076729947
2019-10-14,0.007037538197964063
2019-10-15,0.008048291302362684
2019-10-16,0.013088272418983346
2019-10-17,0.009099626290827086
2019-10-18,0.011417948492660843
2019-10-22,0.002249522512369009
2019-10-23,0.0038380231604913696
2019-10-24,-0.0005053782858730383
2019-10-25,-0.0009181532242381488
2019-10-29,0.016558580050337068
2019-10-30,3.555998155714427e-05
2019-10-31,0.006499433587030078
2019-11-01,-0.000986872
2019-11-04,-0.0038577203259082243
2019-11-05,-0.009127964556335421
2019-11-06,-0.011695495598300569
2019-11-07,-7.416324513748705e-05
2019-11-08,-0.016063044767515012
2019-11-11,-0.0020427424382412247
2019-11-13,0.007214315601362351
2019-11-14,0.004732338067758957
2019-11-15,-0.0035620948283269127
2019-11-18,-0.0009041894362971847
2019-11-19,-0.01161108561887763
2019-11-20,0.009546126257431264
2019-11-21,-0.00864123842802383
2019-11-22,-0.006065297192281242
2019-11-25,0.013830818028298882
2019-11-26,-0.0037393838737962617
2019-11-27,0.0017303087368994033
2019-11-28,0.004925190697342997
2019-11-29,-0.009160903556208251
2019-12-02,-0.0006043439999999999
2019-12-03,0.0018867516358442803
2019-12-04,0.00419788694986521
2019-12-05,-0.007629995498357853
2019-12-06,-0.00363389780552213
2019-12-09,-0.0006146092842538417
2019-12-10,-0.004231866243651636
2019-12-11,0.003093095546068819
2019-12-12,0.004875499428200708
2019-12-13,0.004566540553453344
2019-12-16,-0.005877995586805536
2019-12-17,0.01062954264863233
2019-12-18,-0.0028595912654323092
2019-12-19,0.007762225516402953
2019-12-20,0.010544769480250944
2019-12-23,0.00012236333118918015
2019-12-24,-0.004293348450892244
2019-12-26,-0.003672600208660098
2019-12-27,0.009897562187075291
2019-12-30,0.0024358687262782115
2019-12-31,-0.008286756925362118
2020-01-02,-0.0012710453877551018
2020-01-03,-0.003507257095566976
2020-01-06,-0.014678254007225859
2020-01-07,0.002755257927320278
2020-01-08,0.006167816659192593
2020-01-09,0.01252776605929339
2020-01-10,0.004427120986686415
2020-01-13,0.010045927208830838
2020-01-14,0.0156315099425492
2020-01-15,0.0028509292147586096
2020-01-16,0.0016380342612017118
2020-01-17,0.007640033152816217
2020-01-20,-0.005568653613074681
2020-01-21,-0.0018798222984723174
2020-01-22,0.006214070492296879
2020-01-23,0.008125178423039732
2020-01-24,0.002139005445851305
2020-01-27,-0.008249892315027258
2020-01-28,-0.008894196781346899
2020-01-29,0.013685884735901502
2020-01-30,-0.009170600168805634
2020-01-31,-0.005257007877823847
2020-02-03,-0.011607331531314307
2020-02-04,0.012904891030728994
2020-02-05,-0.00028082399999999994
2020-02-06,0.009765082348171899
2020-02-07,0.005781217486082558
2020-02-10,-0.003815855776261628
2020-02-11,-0.003386278782216686
2020-02-12,0.005365378447264306
2020-02-13,0.00144412802482376
2020-02-14,0.007141995160475004
2020-02-17,-0.007767847154001764
2020-02-18,-0.00862793647050664
2020-02-19,0.011821126573435894
2020-02-20,-0.005015582385977548
2020-02-24,-0.02111625827646414
2020-02-25,-0.0018227270341490069
2020-02-26,-0.006985410659673278
2020-02-27,-0.001772983224325622
2020-02-28,-0.04120561817179587
2020-03-02,0.002336122426790032
2020-03-03,0.021413379245184844
2020-03-04,-0.005361464767718656
2020-03-05,-0.00036444799999999996
2020-03-06,-0.018016092270732278
2020-03-09,-0.038694913309679224
2020-03-11,-0.0083910476880686
2020-03-12,-0.06906295272958274
2020-03-13,0.030097671862188816
2020-03-16,-0.05116704891037597
2020-03-17,-0.02899201471530313
2020-03-18,-0.08655042471524356
2020-03-19,-0.016898230763844918
2020-03-20,0.057638002363617366
2020-03-23,-0.14306914935384724
2020-03-24,0.04818715706306818
2020-03-25,0.0675262203487898
2020-03-26,0.04619506615648903
2020-03-27,-0.026862033634821085
2020-03-30,-0.016475429599444397
2020-03-31,0.03930114118888412
2020-04-01,-0.03436328403638651
2020-04-03,-0.0005393069233629844
2020-04-07,0.09318156982518765
2020-04-08,0.013049505623387565
2020-04-09,0.02142707334749632
2020-04-13,-0.003775969203868534
2020-04-15,0.014079992601165613
2020-04-16,0.013787105405145737
2020-04-17,-0.0012466462892756168
2020-04-20,0.0012436108700076423
2020-04-21,-0.01914826377369401
2020-04-22,0.02409293414950692
2020-04-23,-0.0018323395194621813
2020-04-24,-0.027631640448554772
2020-04-27,0.03774997410655342
2020-04-28,-0.005017493062694176
2020-04-29,0.007866094512380564
2020-04-30,0.01182232302969339
2020-05-04,-0.028240043501869337
2020-05-05,-0.0035769350422821733
2020-05-06,0.01393066755745348
2020-05-07,-0.006619688799610901
2020-05-08,0.027625092128977326
2020-05-11,0.0001331192409998157
2020-05-12,0.007109189254255153
2020-05-13,-0.010246389545505677
2020-05-14,-0.013438147851614783
2020-05-15,0.0032453576578679033
2020-05-18,-0.03517594720102894
2020-05-19,0.022323850256811974
2020-05-20,0.013148258760563131
2020-05-21,0.004518144774473504
2020-05-22,-0.0023807994118160386
2020-05-26,0.008535275735356418
2020-05-27,-0.00016243339898210345
2020-05-28,0.008863233444916543
2020-05-29,0.012904312067950124
2020-06-01,-0.0007011039999999999
2020-06-02,-0.0018492998975617337
2020-06-03,0.007475109142977175
2020-06-04,0.00850188469612901
2020-06-05,0.011999407512006698
2020-06-08,-0.0059528574527131705
2020-06-09,-0.006038251571817793
2020-06-10,-0.0002488572203921142
2020-06-11,-0.017753940549329716
2020-06-12,0.002311874293782418
2020-06-15,-0.016418305706918
2020-06-16,0.003567041879480366
2020-06-17,0.0011163782906030168
2020-06-18,0.00992785988930598
2020-06-19,0.010857351851608405
2020-06-22,0.009806618418448885
2020-06-23,0.016635847190602293
2020-06-24,-0.02530219760037674
2020-06-25,0.0009825807850774803
2020-06-26,0.0030408443488361514
2020-06-29,-0.0028845179753512334
2020-06-30,0.0009421016803163383
2020-07-01,-0.0013351301486237395
2020-07-02,-0.0007603663614142294
2020-07-03,0.005687657641568428
2020-07-06,0.00273639514907002
2020-07-07,0.005906283240633702
2020-07-08,0.0021469488793114007
2020-07-09,0.004414954720195746
2020-07-10,-0.0023011480092699895
2020-07-13,0.0006351175749746505
2020-07-14,-0.005503650738403529
2020-07-15,-0.007090951475042606
2020-07-16,0.008121789757704714
2020-07-17,0.014641631110721476
2020-07-20,0.010561005897496919
2020-07-21,-0.0013498470329524042
2020-07-22,-0.001959503909520186
2020-07-23,0.015579395009878223
2020-07-24,-0.011193491508687798
2020-07-27,-0.011753496623605737
2020-07-28,-0.0003537408134342226
2020-07-29,0.014073599200449767
2020-07-30,0.004959833041742508
2020-07-31,0.004520204023423638
2020-08-03,-0.000799096
2020-08-04,0.013356363106575128
2020-08-05,0.0015696030413773771
2020-08-06,0.009548906353200996
2020-08-07,0.00922319665285837
2020-08-10,0.01792765447720425
2020-08-11,-0.00046480779256826126
2020-08-12,0.0005635884129545935
2020-08-13,-0.0021786651234031043
2020-08-14,-0.013639766054132883
2020-08-17,0.00163431110630877
2020-08-18,0.0022838344925726326
2020-08-19,0.002363583411943918
2020-08-20,-0.0005011195390099039
2020-08-21,-0.0005005638297275222
2020-08-24,0.0017163285809093224
2020-08-25,-0.00011214072322548508
2020-08-26,-1.532719242079445e-05
2020-08-27,0.0006546738399225962
2020-08-28,0.001644295614981217
2020-08-31,-0.027061186443447616
2020-09-01,0.0201427454826588
2020-09-02,0.01468526656579687
2020-09-03,0.0005699183962442024
2020-09-04,-0.02035470529231608
2020-09-07,-0.0017800122823438552
2020-09-08,-0.00414772463216839
2020-09-09,0.008188511114818772
2020-09-10,0.016464103923237463
2020-09-11,-0.002169756488519368
2020-09-14,0.0011914528494371777
2020-09-15,0.006495105764537065
2020-09-16,0.007447056160033512
2020-09-17,0.005398990006239366
2020-09-18,0.02523188715966198
2020-09-21,-0.03615982821110166
2020-09-22,0.0005265070922830326
2020-09-23,-0.020590130743428088
2020-09-24,-0.027995577593715987
2020-09-25,0.02427913835758111
2020-09-28,0.01216804951301164
2020-09-29,-0.007872521132021117
2020-09-30,-0.017359236809230138
2020-10-01,0.0032565454514870413
2020-10-05,0.002678227780748145
2020-10-06,0.0015855064109521748
2020-10-07,-0.0018020130367992857
2020-10-08,0.00526604330273438
2020-10-09,-0.0017985790336228096
2020-10-12,-0.0011928729263054624
2020-10-13,0.0018345878065838665
2020-10-14,-0.0031710565706511394
2020-10-15,-0.022701106359183085
2020-10-16,0.007242769473351049
2020-10-19,-0.0054686575832527
2020-10-20,0.00506312388567499
2020-10-21,0.0018033020011267045
2020-10-22,0.0018016969391289285
2020-10-23,0.0007020900380169772
2020-10-26,-0.013780785141385324
2020-10-27,0.013286038227920053
2020-10-28,-0.004872973591326718
2020-10-29,-0.0007499278141360667
2020-10-30,0.000431412024509172
2020-11-02,-0.019071227281936977
2020-11-03,-0.000907288
2020-11-04,0.019499621626831512
2020-11-05,0.011221678856687744
2020-11-06,0.00031824288852582794
2020-11-09,0.01607782718089515
2020-11-10,-0.03231276838096054
2020-11-11,0.02072774906005745
2020-11-12,0.0013162335386913027
2020-11-13,0.007305530869106723
2020-11-17,0.009302189090168774
2020-11-18,-0.004907573028083989
2020-11-19,-0.008136731081323536
2020-11-20,0.005782156390114136
2020-11-23,0.027175508406647994
2020-11-24,0.003230673585452204
2020-11-25,-0.0204323024595975
2020-11-26,0.0120143310398959
2020-11-27,-0.00047044527531394536
2020-12-01,0.014394325128974195
2020-12-02,0.018463926391241618
2020-12-03,-0.00011388799999999998
2020-12-04,0.005527682296040216
2020-12-07,0.009777304985797262
2020-12-08,-0.0025113843330666842
2020-12-09,0.004909107350463617
2020-12-10,0.0010339508382029145
2020-12-11,-0.006985438167311007
2020-12-14,0.002693661346976579
2020-12-15,0.0015653874746995354
2020-12-16,0.012288476948592216
2020-12-17,0.00022056947740326655
2020-12-18,0.009938920077725021
2020-12-21,-0.03149225294023962
2020-12-22,0.03193843925926766
2020-12-23,0.02431017723853577
2020-12-24,0.0015763237836125355
2020-12-28,0.00752543326336098
2020-12-29,0.0006374992787639611
2020-12-30,-0.002129536422942027
2020-12-31,0.00196111946313019
2021-01-04,-0.0012734613877551022
2021-01-05,0.004623860575884504
2021-01-06,-0.0028814433527993124
2021-01-07,-0.006923031861385697
2021-01-08,0.018942121022424
2021-01-11,0.020289764397927
2021-01-12,-0.01069146788723661
2021-01-13,-0.0017909120057512298
2021-01-14,-0.005442276924868958
2021-01-15,-0.02067527308352927
2021-01-18,-0.022343044687381304
2021-01-19,0.009840147665283417
2021-01-20,0.011967715204229866
2021-01-21,-0.004112299774648669
2021-01-22,-0.011139067616659004
2021-01-25,-0.006907873488249107
2021-01-27,-0.009491497622213537
2021-01-28,-0.01135202953044936
2021-01-29,-0.022927461945058174
2021-02-01,-0.000996224
2021-02-02,0.019397527552492893
2021-02-03,0.014094485839271788
2021-02-04,0.0020862425735363173
2021-02-05,0.005855630665656447
2021-02-08,0.0075415296035793635
2021-02-09,-0.003692130884209858
2021-02-10,0.006641967576980249
2021-02-11,0.0032039784765691874
2021-02-12,0.004984059934179509
2021-02-15,0.01203263707052616
2021-02-16,0.0020215366512510652
2021-02-17,-0.007918407617296667
2021-02-18,-0.004808194214925456
2021-02-19,-0.01966424252882388
2021-02-22,-0.008080476530249486
2021-02-23,-0.0044339729523877
2021-02-24,0.008798124801565055
2021-02-25,0.008423215823163408
2021-02-26,-0.02245207601760138
2021-03-01,-0.000716464
2021-03-02,0.02498925652348573
2021-03-03,0.014679939044560286
2021-03-04,0.0030022428483794
2021-03-05,-0.017416980815191753
2021-03-08,0.0002278730229426369
2021-03-09,-0.002516765426291218
2021-03-10,0.0075013187559205725
2021-03-12,-0.006559636170166179
2021-03-15,-0.0037492983743856387
2021-03-16,0.0011860483679578366
2021-03-17,-0.02366961805777385
2021-03-18,-0.018290341409774993
2021-03-19,0.009946011241335928
2021-03-22,0.03138642056838009
2021-03-23,0.01807947507089297
2021-03-24,-0.01414724001451526
2021-03-25,-0.023055218797420896
2021-03-26,0.010468848973331347
2021-03-30,0.02808759656356203
2021-03-31,-0.0033852093228923614
2021-04-01,0.02391356684368992
2021-04-05,0.009497741306169394
2021-04-06,0.038024557013911345
2021-04-07,-0.0011059913467249172
2021-04-08,0.005086138335994808
2021-04-09,0.017053580703995822
2021-04-12,-0.04385335889020572
2021-04-13,-0.007934787104229112
2021-04-15,0.01740805822508773
2021-04-16,0.0265421418784704
2021-04-19,-0.0076144053597677714
2021-04-20,0.0042075694560239725
2021-04-22,0.008752017658441275
2021-04-23,-0.009132605826811947
2021-04-26,-0.0008396814225159907
2021-04-27,0.01343673746617623
2021-04-28,0.000248914142843955
2021-04-29,0.0013942384294367335
2021-04-30,-0.004274770549649708
2021-05-03,-0.000758288
2021-05-04,-0.008029018198618515
2021-05-05,0.011491224165649289
2021-05-06,0.018687311594788935
2021-05-07,0.012445168551591175
2021-05-10,0.00697471096289296
2021-05-11,-0.008000423958598478
2021-05-12,-0.021494375044756542
2021-05-14,-0.020889350009145952
2021-05-17,0.01538175463027036
2021-05-18,0.011335806205218266
2021-05-19,-0.0039496908340575934
2021-05-20,-0.01006178599050958
2021-05-21,0.006710853806394075
2021-05-24,-0.006985163663614419
2021-05-25,0.0039035726595793097
2021-05-26,0.006055222933521936
2021-05-27,0.007214481654117066
2021-05-28,0.0019515971092384041
2021-05-31,0.01109597667177795
2021-06-01,-0.00032603199999999997
2021-06-02,0.016490859978601297
2021-06-03,0.01211933753612641
2021-06-04,0.01233555188325347
2021-06-07,-0.007010492660564505
2021-06-08,0.001119400491425537
2021-06-09,-0.007294281605887812
2021-06-10,0.00905498717536449
2021-06-11,0.009406064286793615
2021-06-14,-0.006008904408032507
2021-06-15,0.004872029308750903
2021-06-16,-0.016834096780557285
2021-06-17,-0.011303779712296813
2021-06-18,0.005642359597001085
2021-06-21,0.007419281911558519
2021-06-22,0.003725440663299151
2021-06-23,-0.011818725881755426
2021-06-24,0.010465513115192886
2021-06-25,0.013179704449234712
2021-06-28,0.003987793400960967
2021-06-29,0.0003031855315674594
2021-06-30,-0.0006293044026736089
2021-07-01,-0.002219345738874669
2021-07-02,-0.009715809720556991
2021-07-05,-6.12229573554628e-05
2021-07-06,-0.000209020182200045
2021-07-07,0.008964442072752609
2021-07-08,-0.010869861290509986
2021-07-09,0.007246180315431571
2021-07-12,0.00244723438980942
2021-07-13,0.0027209070222679946
2021-07-14,0.008318936174451681
2021-07-15,0.0030761360253512464
2021-07-16,0.0008394776290419496
2021-07-19,-0.0029858176484266865
2021-07-20,-0.0018817993617324864
2021-07-22,0.02212421873461492
2021-07-23,-0.002013896726190869
2021-07-26,0.0019728862794542736
2021-07-27,-0.0055144253210658006
2021-07-28,0.0022110060823500163
2021-07-29,0.008651827200291885
2021-07-30,-0.002509202001721784
2021-08-02,0.009153530296598227
2021-08-03,0.007185534191647202
2021-08-04,-0.00044263999999999995
2021-08-05,0.002162843459078279
2021-08-06,0.0076133799247745295
2021-08-09,-0.00948939213292276
2021-08-10,-0.009523094138590399
2021-08-11,0.006180606065498333
2021-08-12,0.0068726827202984665
2021-08-13,0.003176040387310161
2021-08-16,0.014357176576832878
2021-08-17,0.023302716211904467
2021-08-18,-0.0020561866692191833
2021-08-20,-0.015417720575661742
2021-08-23,-0.009261804508462963
2021-08-24,0.013589579128979524
2021-08-25,-0.0009572903303906592
2021-08-26,-0.005519601850152961
2021-08-27,0.00849440804274262
2021-08-30,0.010728754656038404
2021-08-31,0.022932493278752727
2021-09-01,-0.004260680917913416
2021-09-02,-0.00034468000000000004
2021-09-03,0.001374810824686377
2021-09-06,0.008761288455802308
2021-09-07,-0.008892633044278855
2021-09-08,-0.004541205125610355
2021-09-09,-0.0013497648148940956
2021-09-13,0.002392645494284332
2021-09-14,-0.003545061497564436
2021-09-15,0.003822808589005216
2021-09-16,-0.0035922980221222943
2021-09-17,-0.009225733613945013
2021-09-20,-0.018710610053868232
2021-09-21,0.012825692236594303
2021-09-22,0.0022420161836711216
2021-09-23,0.016193961757691402
2021-09-24,-0.01241600253626935
2021-09-27,-0.008136995217590554
2021-09-28,-0.015928731481961573
2021-09-29,-0.0014618479585147834
2021-09-30,-0.003195032936695643
2021-10-01,-0.0005860799999999999
2021-10-04,0.010146327990188688
2021-10-05,0.00016185066095149195
2021-10-06,-0.016532924372065327
2021-10-07,0.0062000534615248085
2021-10-08,0.004351874816852058
2021-10-11,0.006099510403208692
2021-10-12,0.010186985276090492
2021-10-13,0.00798153582020431
2021-10-14,0.021163988118108233
2021-10-18,0.0002118361240040249
2021-10-19,-0.016166179965867077
2021-10-20,-0.013020446000570656
2021-10-21,-0.003695386285102017
2021-10-22,-0.011709607266334531
2021-10-25,-0.01011227231426427
2021-10-26,0.014630867013252898
2021-10-27,-0.0026182231615300747
2021-10-28,-0.024559743754456714
2021-10-29,0.0023441608705803696
2021-11-01,-0.00047392799999999987
2021-11-02,-0.0008369620991772022
2021-11-03,0.005337709194763027
2021-11-04,0.004870807629070432
2021-11-08,0.026110244636511456
2021-11-09,0.0024806630025796953
2021-11-10,0.005743583680835971
2021-11-11,-0.010621909213627947
2021-11-12,0.014978699675563822
2021-11-15,0.010829031338215448
2021-11-16,-0.008039905327538847
2021-11-17,-0.0022302293248864158
2021-11-18,-0.010289878508716491
2021-11-22,-0.016080435786712654
2021-11-23,0.013316715326940235
2021-11-24,-0.0011257420327602458
2021-11-25,-0.00027355240309903976
2021-11-26,-0.026924684733232947
2021-11-29,-0.0030722536870993423
2021-11-30,0.0033777201329595794
2021-12-01,-0.0009242959999999999
2021-12-02,0.013176510517980085
2021-12-03,-0.014956973725561134
2021-12-06,-0.025064407421838297
2021-12-07,0.009386056389526082
2021-12-08,0.015766635937593115
2021-12-09,-0.0007069327884042035
2021-12-10,0.0071593781877697564
2021-12-13,-0.005431431841806394
2021-12-14,0.0020561414712148575
2021-12-15,-0.007555564301659191
2021-12-16,0.00174974058979046
2021-12-17,-0.030129338121281674
2021-12-20,-0.013657486212677455
2021-12-21,0.013725539754068117
2021-12-22,0.004114411676680219
2021-12-23,0.01377066077702476
2021-12-24,-0.0030323494994429928
2021-12-27,0.007087609485307664
2021-12-28,0.010285440292078115
2021-12-29,-0.0007624767438710774
2021-12-30,0.0011180555984178523
2021-12-31,0.007082581264894706
2022-01-04,-0.0012031203265306122
2022-01-05,-0.0037184236180530066
2022-01-06,-0.0069167977604178265
2022-01-07,0.004145863617371997
2022-01-10,0.009439770283371713
2022-01-11,0.008859084044638343
2022-01-12,-0.0013268976614643998
2022-01-13,-0.003278688816966605
2022-01-14,-0.0007516094944947293
2022-01-17,0.0015056141409626185
2022-01-18,-0.024487440136442253
2022-01-19,-0.009457612285799697
2022-01-20,0.0031413135266099863
2022-01-21,-0.015955545893125672
2022-01-24,-0.03655921679874064
2022-01-25,0.004481194688350368
2022-01-27,-0.024527090294499183
2022-01-28,0.006991925699980954
2022-01-31,0.018458234515546845
2022-02-01,-0.0007369919999999999
2022-02-02,0.007598219495166517
2022-02-03,-0.01271577525570908
2022-02-04,-0.0011271474376941606
2022-02-07,-0.006259399001669132
2022-02-08,-0.006395574279676645
2022-02-09,0.010289757774139407
2022-02-10,0.012203978559492984
2022-02-11,-0.015815268253730176
2022-02-14,-0.028078714772384883
2022-02-15,0.016408639044012446
2022-02-16,0.0019539749466239713
2022-02-17,0.0011788982628549505
2022-02-18,-0.006442702349956608
2022-02-21,-0.008982027083090607
2022-02-22,-0.003570115811751844
2022-02-23,-0.0004660482783467866
2022-02-24,-0.043328522373669506
2022-02-25,0.026035816687930542
2022-02-28,0.016006274845574184
2022-03-02,-0.0005625679999999999
2022-03-03,0.007787931485654256
2022-03-04,-0.023384879717231678
2022-03-07,0.016389282220560637
2022-03-08,0.0007949331789861222
2022-03-09,0.013723264660226886
2022-03-10,0.011591189713125642
2022-03-11,0.01131938214598235
2022-03-14,0.007461506931378513
2022-03-15,-0.016890355315129942
2022-03-16,0.016771350405651433
2022-03-17,0.012679509494864887
2022-03-21,-0.0008872992101104406
2022-03-22,0.006447058037174883
2022-03-23,-0.0056206136540472625
2022-03-24,0.00504938596750266
2022-03-25,-0.007122703673777655
2022-03-28,0.00491181038182368
2022-03-29,-1.903844316897388e-06
2022-03-30,-0.006949738083407531
2022-03-31,-0.0033820705920907072
2022-04-01,0.0053628470821048685
2022-04-04,0.005562439899292504
2022-04-05,0.007807554031261367
2022-04-06,-0.0013718461364269116
2022-04-07,-0.013492361266828066
2022-04-08,0.008918393022236053
2022-04-11,-0.004251671937859155
2022-04-12,-0.00997623348169592
2022-04-13,0.0031737339004917157
2022-04-18,-0.009831172628439347
2022-04-19,-0.013934928793612121
2022-04-20,0.0077761579914916055
2022-04-21,0.010885163891611723
2022-04-22,-0.014640469268062159
2022-04-25,-0.018349916586986315
2022-04-26,0.015017650399993318
2022-04-27,-0.01312798189677777
2022-04-28,0.01008944032412443
2022-04-29,-0.014408834885472104
2022-05-02,-0.000741048
2022-05-04,-0.011149658269917073
2022-05-05,-0.007182084455164133
2022-05-06,-0.0011636077661526427
2022-05-09,-0.005671704152348947
2022-05-10,-0.024538197512514584
2022-05-11,-0.003554233324879102
2022-05-12,-0.019883667892134086
2022-05-13,0.0025079762083437002
2022-05-16,0.0070341435007409605
2022-05-17,0.027892964448621837
2022-05-18,-0.00717431685366118
2022-05-19,-0.018155662378820485
2022-05-20,0.0221444704748429
2022-05-23,-0.008441119307190917
2022-05-24,-0.011050106489685664
2022-05-25,-0.005450323973846058
2022-05-26,9.197476873877282e-05
2022-05-27,-0.009949500177343014
2022-05-30,0.01604909802760123
2022-05-31,0.00569544522399822
2022-06-01,-0.009367806575826436
2022-06-02,0.014104830985372817
2022-06-03,-0.005069708338391347
2022-06-06,0.0005777984890355684
2022-06-07,-0.0006333738275294595
2022-06-08,-0.003988006381514662
2022-06-09,0.008888052178963629
2022-06-10,-0.005875640564505589
2022-06-13,-0.02665734931788652
2022-06-14,0.0048246363201295194
2022-06-15,-0.008717700152923035
2022-06-16,-0.029789454483141777
2022-06-17,-0.021584910780509718
2022-06-20,-0.008598867708454007
2022-06-21,0.027333552948022317
2022-06-22,-0.019061398393780616
2022-06-23,0.005770644406658395
2022-06-24,0.008582488937673176
2022-06-27,0.01251697734436146
2022-06-28,0.0007003784079170827
2022-06-29,0.009212005998953679
2022-06-30,-0.0039061037348651437
2022-07-01,-0.02757832752727553
2022-07-04,0.0012165058370509543
2022-07-05,-0.0008304559999999998
2022-07-06,0.00366843212956243
2022-07-07,0.009731045373630934
2022-07-08,0.012723918382758666
2022-07-11,-2.3394048865209988e-05
2022-07-12,-0.005396088061573519
2022-07-13,-0.0016092590269695252
2022-07-14,0.003493823817241222
2022-07-15,0.00602808483240312
2022-07-18,0.004674843813342838
2022-07-19,0.0050488801135730645
2022-07-20,-0.003084710321564187
2022-07-21,0.007818286335103036
2022-07-22,-0.000960691594113091
2022-07-25,-0.0055268473150525115
2022-07-26,0.0028804431890240476
2022-07-27,0.0047262082381366605
2022-07-28,0.003123731414165393
2022-07-29,0.017330511786153295
2022-08-01,0.01946304048688803
2022-08-02,-0.000431456
2022-08-03,-0.003602324907307206
2022-08-04,2.2352032937756477e-05
2022-08-05,-0.0017609146214703209
2022-08-08,0.015015169925426976
2022-08-10,0.0052247284453085414
2022-08-11,-0.0023794727786892026
2022-08-12,0.006749675349747181
2022-08-16,0.013519073319873532
2022-08-17,0.0006105213135332748
2022-08-18,0.00833524824036124
2022-08-19,-0.0123408214357393
2022-08-22,-0.008267791343451476
2022-08-23,0.012192215694413098
2022-08-24,0.005095912827632933
2022-08-25,-0.007850197838200719
2022-08-26,0.012818721370792706
2022-08-29,-0.0011645840341278635
2022-08-30,0.01842888879851596
2022-09-01,-0.008616939908786096
2022-09-02,-0.000216896
2022-09-05,0.0057124775247205505
2022-09-06,0.0054105133323744635
2022-09-07,0.001736840931795749
2022-09-08,0.004040903145214609
2022-09-09,-0.0011796215328682231
2022-09-12,-0.00243000752115608
2022-09-13,0.00798452539515476
2022-09-14,0.007038128433622774
2022-09-15,0.01285475123252368
2022-09-16,-0.012507809462937843
2022-09-19,0.007312742290362086
2022-09-20,0.008451278153223479
2022-09-21,-0.011080596551885638
2022-09-22,-0.0007760560649881405
2022-09-23,-0.023008871838614865
2022-09-26,-0.02828171426159557
2022-09-27,0.003187716040684395
2022-09-28,-0.005236780950615549
2022-09-29,0.005093628285610972
2022-09-30,0.005370901389484207
2022-10-03,-0.020461221580232815
2022-10-04,0.01613895143603549
2022-10-06,0.007843406522007955
2022-10-07,-0.002236874768690335
2022-10-10,-0.004070496336723455
2022-10-11,-0.0084490545957809
2022-10-12,0.012159266722502598
2022-10-13,-0.0007300277633036894
2022-10-14,-0.0014081938537511495
2022-10-17,0.002892601186341935
2022-10-18,0.014587574502274187
2022-10-19,-0.001517495933450493
2022-10-20,0.011356876748151527
2022-10-21,-0.00510809708091642
2022-10-24,0.006897925227458289
2022-10-25,0.003568550417215282
2022-10-27,0.008465618768445506
2022-10-28,0.011337383751221827
2022-10-31,0.00967270174542746
2022-11-01,-0.00036953599999999995
2022-11-02,-0.0029305999578022475
2022-11-03,-0.006029599020475311
2022-11-04,0.006459140592137397
2022-11-07,0.010361483278119811
2022-11-09,-3.9282271428244106e-05
2022-11-10,-0.012040219390762462
2022-11-11,-0.008454870782212243
2022-11-14,-0.005253905596468655
2022-11-15,0.002776752104964848
2022-11-16,-0.0026115020745944503
2022-11-17,-0.004618652131089832
2022-11-18,-0.01105461069662623
2022-11-21,-0.003432273931528102
2022-11-22,0.0028120732407832306
2022-11-23,-0.003999056516840643
2022-11-24,0.0034743486900630505
2022-11-25,0.004277062777004215
2022-11-28,-0.0017169947750695705
2022-11-29,0.0006516071165743051
2022-11-30,0.013939163302970951
2022-12-01,-0.0073648143456145464
2022-12-02,-0.010958944920123925
2022-12-05,0.003936791542857152
2022-12-06,0.002747744142471985
2022-12-07,-0.004398054852652194
2022-12-08,0.0023592429540803253
2022-12-09,-0.00024356334568920775
2022-12-12,-0.0007522820846835086
2022-12-13,0.0064184418359690834
2022-12-14,0.00487071197681356
2022-12-15,-0.011282913824346262
2022-12-16,-0.014246205831819056
2022-12-19,0.020244110314488098
2022-12-20,-0.004198599000543242
2022-12-21,-0.01168147442036467
2022-12-22,-0.011206678009997823
2022-12-23,-0.02408012649839002
2022-12-26,0.010915171659245191
2022-12-27,0.0036023014139390844
2022-12-28,0.005677265695970346
2022-12-29,0.004618404874072424
2022-12-30,-0.004542350349907592
2023-01-03,-0.0013061304489795918
2023-01-04,-0.010478230833553292
2023-01-05,0.011704682488485732
2023-01-06,-0.0031086296489799244
2023-01-09,0.01137356675867928
2023-01-10,-0.012586266063302624
2023-01-11,-0.007517720929038307
2023-01-12,0.0014157089635689628
2023-01-13,0.00656338609663892
2023-01-16,-0.009054743186288048
2023-01-17,0.004900085397132334
2023-01-18,0.00400133818256119
2023-01-19,-0.002620073220316621
2023-01-20,-0.0003756946694727656
2023-01-23,0.0054042195920252865
2023-01-24,-0.002758627261785543
2023-01-25,-0.008526184362016302
2023-01-27,-0.028737466157785094
2023-01-30,0.011114174641009758
2023-01-31,0.0083106094359187
2023-02-01,-0.051818884218652814
2023-02-02,-0.041214517224994106
2023-02-03,0.011906358400118621
2023-02-06,-0.00012534095838257538
2023-02-07,0.013556926392549148
2023-02-08,0.03112380708075484
2023-02-09,-0.02040799033222426
2023-02-10,-0.009877844558395186
2023-02-13,-0.009475486597069305
2023-02-14,0.007349180804654646
2023-02-15,0.004575657807138195
2023-02-16,0.003476266106162919
2023-02-17,-0.009679726025620443
2023-02-20,-0.016678696226035277
2023-02-21,-0.004381192570027788
2023-02-22,-0.02419442261308581
2023-02-23,0.00019199895168183265
2023-02-24,-0.009079878401290918
2023-02-27,-0.019706973710638506
2023-02-28,0.011326289930539864
2023-03-01,0.0243580051700293
2023-03-02,0.00040974613791214514
2023-03-03,0.030016788269853344
2023-03-06,0.012591408232946837
2023-03-08,0.00846381541353587
2023-03-09,-0.012497317564164294
2023-03-10,-0.006407805120534144
2023-03-13,-0.012175269471622983
2023-03-14,-0.01777748506754517
2023-03-15,0.006678177438335693
2023-03-16,0.00692448739884503
2023-03-17,-0.0010867010712030936
2023-03-20,-0.009905505822731066
2023-03-21,-0.0002608196063564683
2023-03-22,-0.0032531758492261456
2023-03-23,0.00029850561584867887
2023-03-24,-0.012147340472037617
2023-03-27,-0.0011802481392270533
2023-03-28,-0.011670727614534745
2023-03-29,0.021941123063417098
2023-03-31,0.006617234103935471
2023-04-03,0.0017520892896840323
2023-04-05,0.001706994693860823
2023-04-06,0.005865731099680994
2023-04-10,0.00782240936312427
2023-04-11,0.007393990544053385
2023-04-12,0.006167947228283201
2023-04-13,-0.0002913000126314115
2023-04-17,0.0033720701097518305
2023-04-18,0.0002748543489494316
2023-04-19,-0.003491559140806585
2023-04-20,-0.0012041470726267055
2023-04-21,0.00178318833305776
2023-04-24,-0.0001862098937889876
2023-04-25,0.005615809006316389
2023-04-26,0.00039296424773298407
2023-04-27,0.005673651336525332
2023-04-28,0.011885966449254798
2023-05-02,0.004635153353965242
2023-05-03,-0.0009322639999999999
2023-05-04,0.0043175914543974675
2023-05-05,-0.0059638176376621685
2023-05-08,0.001083197226289492
2023-05-09,0.00030587389457047425
2023-05-10,0.0008989914193638932
2023-05-11,-0.013348481411446112
2023-05-12,-0.0009549021360591349
2023-05-15,0.008678096734081799
2023-05-16,-0.004309945161302455
2023-05-17,0.00011949698284429702
2023-05-18,-0.009283495401741143
2023-05-19,-0.0013273918308368622
2023-05-22,0.0037732799010441946
2023-05-23,0.0008854850222912534
2023-05-24,0.0003601002929165943
2023-05-25,0.006063814729919877
2023-05-26,0.005082263155815505
2023-05-29,0.008841279973552475
2023-05-30,0.000717367922250297
2023-05-31,-0.004124282177588692
2023-06-01,-0.007632130728440966
2023-06-02,0.006898069112677629
2023-06-05,0.004892238324122983
2023-06-06,0.0016981880443421046
2023-06-07,0.012703353836017483
2023-06-08,-0.0023724600609852926
2023-06-09,-0.0011687308918353746
2023-06-12,-0.0003382001676425763
2023-06-13,0.005601341443713277
2023-06-14,-0.0004341057093777241
2023-06-15,0.002178218875088946
2023-06-16,0.007385208030619777
2023-06-19,-0.003144433715240496
2023-06-20,0.0033422881923682803
2023-06-21,0.0011969597170764445
2023-06-22,-0.0017579999135681709
2023-06-23,-0.002727690502381321
2023-06-26,0.001070007976185101
2023-06-27,0.0020336749551813655
2023-06-28,0.009620673009195611
2023-06-30,0.014551054817298754
2023-07-03,0.002937556683546946
2023-07-04,0.003627351616334338
2023-07-05,0.005795675931356681
2023-07-06,0.009629851128194436
2023-07-07,-0.011152921390333588
2023-07-10,-0.002955050842342806
2023-07-11,0.007303672022205478
2023-07-12,-0.002931591610254024
2023-07-13,-0.0021815110505555993
2023-07-14,0.0034525552554191454
2023-07-17,0.0038450058224854186
2023-07-18,-0.0030682751591834022
2023-07-19,0.004302837149068997
2023-07-20,0.007678382835081034
2023-07-21,0.0017680843759117961
2023-07-24,-0.0036902034963904973
2023-07-25,-0.006033499610851836
2023-07-26,0.010908616608012709
2023-07-27,-0.012584145703727427
2023-07-28,0.000560621572370669
2023-07-31,0.001126997260187086
2023-08-01,0.007500053271085715
2023-08-02,-0.009399884774928327
2023-08-03,-0.000940952
2023-08-04,0.0010522150635890212
2023-08-07,0.0002970358025407595
2023-08-08,-0.0029679533172709016
2023-08-09,0.011636153290970067
2023-08-10,-0.0036747543207364545
2023-08-11,-0.0060289028900996425
2023-08-14,0.0005137120933448228
2023-08-16,0.006894623158877521
2023-08-17,-0.00749754283796377
2023-08-18,-0.003501362216466293
2023-08-21,0.008464578882865243
2023-08-22,0.005215455090881504
2023-08-23,-0.0012186185653318914
2023-08-24,-0.002916649401694746
2023-08-25,-0.009101340211500221
2023-08-28,0.0036527424015233775
2023-08-29,0.0008722607792528087
2023-08-30,-0.0014947529615503199
2023-08-31,-0.006840586307687935
2023-09-01,-0.000300344
2023-09-04,0.00661380319382579
2023-09-05,0.003419829549360664
2023-09-06,0.0017061191753551092
2023-09-07,0.005291041149835008
2023-09-08,0.006261476628766402
2023-09-11,0.0058330070873816335
2023-09-12,-0.00089831976172851
2023-09-13,0.005572006959349669
2023-09-14,0.0030988034046775708
2023-09-15,-0.0013961029435642944
2023-09-18,0.0030815842732474967
2023-09-20,-0.0035790559985698885
2023-09-21,-0.005420730800319121
2023-09-22,-0.00720434138753485
2023-09-25,-0.0022669771918242126
2023-09-26,0.002666562058778239
2023-09-27,0.006885197934565776
2023-09-28,-0.0064926845399580204
2023-09-29,0.015867041035541304
2023-10-03,-0.00035156799999999997
2023-10-04,-0.01640730758436325
2023-10-05,0.004374672973018546
2023-10-06,0.0020745583298695754
2023-10-09,-0.0037010985655881283
2023-10-10,0.006911423262844978
2023-10-11,0.0058388835398439105
2023-10-12,0.0024831507799573053
2023-10-13,0.0006950178853912504
2023-10-16,0.0034204984201829814
2023-10-17,0.002804881521861403
2023-10-18,-0.0021984035036475297
2023-10-19,0.0026541406155766193
2023-10-20,-0.005345869714415652
2023-10-23,-0.014953726354087222
2023-10-25,-0.008022255653650143
2023-10-26,-0.009329850245827739
2023-10-27,0.014488107543591689
2023-10-30,0.0031213042755836836
2023-10-31,-0.0035015330289406253
2023-11-01,-0.00046793599999999985
2023-11-02,0.00830862195669623
2023-11-03,0.005566050504627169
2023-11-06,0.014335005641171246
2023-11-07,0.004945058666981844
2023-11-08,0.004032163714344758
2023-11-09,-0.0016876125284072292
2023-11-10,0.003869119984479589
2023-11-13,0.003320300495579184
2023-11-15,0.011842192160829376
2023-11-16,0.006329808894957526
2023-11-17,0.0006427832962494027
2023-11-20,-0.00043381826655394286
2023-11-21,-0.001491577137345605
2023-11-22,0.0043181593286912056
2023-11-23,0.0017462912891902185
2023-11-24,-0.0047327039224624
2023-11-28,0.01231840995800515
2023-11-29,0.005521109126394091
2023-11-30,0.01049633951204005
2023-12-01,-0.0006177679999999999
2023-12-04,0.025453981345827024
2023-12-05,0.007272003537999345
2023-12-06,0.00247881261487909
2023-12-07,0.002281537887530712
2023-12-08,-0.004498772270305377
2023-12-11,0.0029984197242001256
2023-12-12,-0.003115174227207834
2023-12-13,0.011343391145373805
2023-12-14,0.00565931899018722
2023-12-15,0.011775713077161678
2023-12-18,0.002159418378352019
2023-12-19,0.011167162322683869
2023-12-20,-0.022024926646949383
2023-12-21,0.005685328308981462
2023-12-22,0.009830097227010549
2023-12-26,0.013910664566254696
2023-12-27,0.0068815926342911185
2023-12-28,0.017965265558513945
2023-12-29,-0.005191961170670755
2024-01-02,-0.0011078731428571427
2024-01-03,0.006438433142545815
2024-01-04,0.00641508428251868
2024-01-05,0.0016721527933267575
2024-01-08,-0.004936431422507975
2024-01-09,0.005065767083879621
2024-01-10,-0.006087445390569853
2024-01-11,0.006065873617724111
2024-01-12,0.007900367893308696
2024-01-15,0.006514881372914107
2024-01-16,0.0030809574902099213
2024-01-17,-0.006693160700265646
2024-01-18,-0.0066075298760018405
2024-01-19,0.016367468262465656
2024-01-23,-0.021696938925729922
2024-01-24,0.017796688000810218
2024-01-25,0.006670565616495858
2024-01-29,0.0172261883761047
2024-01-30,-0.014550218420358665
2024-01-31,0.003117762036335749
2024-02-01,-0.0018540041079590048
2024-02-02,0.020393868914888442
2024-02-05,0.0069452897796160006
2024-02-06,0.012931510483204744
2024-02-07,0.0014266254935858121
2024-02-08,-0.0033226761268371355
2024-02-09,-0.007124298500911396
2024-02-12,-0.01250697767062818
2024-02-13,0.006699746809428939
2024-02-14,0.014154318569130795
2024-02-15,0.008775630819712445
2024-02-16,0.007493278336072427
2024-02-19,0.004533448155146213
2024-02-20,-0.0010991722730356506
2024-02-21,-0.013754330287686703
2024-02-22,0.01212323423851433
2024-02-23,-0.0029342122319037417
2024-02-26,0.002581822498585691
2024-02-27,0.0008214938173664223
2024-02-28,-0.01719369299486833
2024-02-29,-0.0022113358013703894
2024-03-01,0.017495891164301815
2024-03-04,0.011916034970411922
2024-03-05,0.0024741957723222823
2024-03-06,0.006274756285851604
2024-03-07,0.007710403265584347
2024-03-11,-0.010713710763668536
2024-03-12,-0.008833121968485264
2024-03-13,-0.027163642325321116
2024-03-14,0.011204760624612007
2024-03-15,-0.013504908815703105
2024-03-18,0.002384195365435124
2024-03-19,-0.015032505162918475
2024-03-20,0.004082535722967055
2024-03-21,0.018007642046790992
2024-03-22,0.009475867788586376
2024-03-26,0.003441513552568066
2024-03-27,0.001994270657274282
2024-03-28,0.009242200245081461
2024-04-01,-0.000999816
2024-04-02,0.0010909670962198723
2024-04-03,-0.005376511585175603
2024-04-04,-0.003592002624904159
2024-04-05,-0.006921890388225399
2024-04-08,0.004042755330346197
2024-04-09,-0.0022404809917525217
2024-04-10,0.0024112845004803903
2024-04-12,-0.010501456489185833
2024-04-15,-0.007488958834938444
2024-04-16,-0.005464921919094939
2024-04-18,-0.00459077330478953
2024-04-19,-0.0018245999257565466
2024-04-22,0.008850180330999265
2024-04-23,0.0006014766717041004
2024-04-24,0.005126444841036121
2024-04-25,0.011998407983814047
2024-04-26,-0.004840689955348607
2024-04-29,0.00245317998351035
2024-04-30,-0.0033246650645592235
2024-05-02,-0.0005955439999999999
2024-05-03,-0.006096294479944364
2024-05-06,-0.007431475509963043
2024-05-07,-0.018108374061161003
2024-05-08,0.009580399482206417
2024-05-09,-0.015667867184650977
2024-05-10,0.01182883282180188
2024-05-13,0.004360437578634743
2024-05-14,0.004322875295767022
2024-05-15,0.00935688329154589
2024-05-16,0.009876135500787787
2024-05-17,0.00016406241160789423
2024-05-21,0.011112834050280485
2024-05-22,0.006032392507978233
2024-05-23,0.010070694861076793
2024-05-24,0.0010684569797372904
2024-05-27,-0.004565550962903054
2024-05-28,-0.00411793252912624
2024-05-29,3.842708259736618e-05
2024-05-30,-0.010522850952929904
2024-05-31,0.0016117080120932367
2024-06-03,0.03634933469468671
2024-06-04,-0.06611011864751565
2024-06-05,0.03654118981994227
2024-06-06,0.008659646134283725
2024-06-07,0.018495439202853424
2024-06-10,0.006090284268451353
2024-06-11,0.005070477980649293
2024-06-12,0.005747612324678245
2024-06-13,0.000597116466993513
2024-06-14,0.005023211217959433
2024-06-18,0.00148910917028478
2024-06-19,-0.018489902676362628
2024-06-20,-0.006521389459161635
2024-06-21,7.907297571322258e-05
2024-06-24,0.003397137347069147
2024-06-25,-0.0041264832769129945
2024-06-26,0.001158390324219396
2024-06-27,0.005756067084704245
2024-06-28,0.0010179608355189028
2024-07-01,-0.000545424
2024-07-02,-0.0038955361461466033
2024-07-03,0.0026968807815596395
2024-07-04,0.004570228360440005
2024-07-05,0.007993600314993687
2024-07-08,-0.00577965180780958
2024-07-09,0.008014785295918387
2024-07-10,-0.00526313184000391
2024-07-11,-0.0026194403299974606
2024-07-12,0.003181631138601585
2024-07-15,0.00850936813911687
2024-07-16,0.005698892873430902
2024-07-18,0.00025487754021395227
2024-07-19,-0.0202038024409291
2024-07-22,0.007907002985864685
2024-07-23,0.003623602508273572
2024-07-24,-0.000827156186115944
2024-07-25,0.002497020288680157
2024-07-26,0.02801822307600879
2024-07-29,-0.003361000852730947
2024-07-30,-0.0005802069386565715
2024-07-31,0.008646146466763923
2024-08-01,0.003938612303314567
2024-08-02,-0.013038717156372377
2024-08-05,-0.019202210577372827
2024-08-06,-0.00535644735202044
2024-08-07,0.020073330152334035
2024-08-08,-0.005903036041134686
2024-08-09,0.009608860065846983
2024-08-12,-0.002663253667268505
2024-08-13,-0.003920292210002875
2024-08-14,-0.004853754707029402
2024-08-16,0.014418065193068857
2024-08-19,0.0004155537535018511
2024-08-20,0.0019152033592985155
2024-08-21,0.008375357834872154
2024-08-22,0.0005398266133239695
2024-08-23,0.013582009360632223
2024-08-26,0.004581640978187208
2024-08-27,0.00019747146124526036
2024-08-28,0.0066633164306547305
2024-08-29,0.0026416437499715015
2024-08-30,0.011506744635543898
2024-09-02,0.00038577685593237966
2024-09-03,-0.0011182633063801922
2024-09-04,-0.000508776
2024-09-05,-0.0041930377633445206
2024-09-06,-0.0066763382665296165
2024-09-09,3.5763497168482235e-05
2024-09-10,0.007998702993360722
2024-09-11,0.0038464307779689524
2024-09-12,0.022737283355203322
2024-09-13,-0.0031390655797332526
2024-09-16,-0.0010232854826971744
2024-09-17,0.009751605554512727
2024-09-18,-0.009651379743698233
2024-09-19,-0.0013732065229751771
2024-09-20,0.01373229193296015
2024-09-23,0.015365207567369178
2024-09-24,0.0024402288614235597
2024-09-25,-0.0007633548763984115
2024-09-26,0.008012101926021186
2024-09-27,0.007260045785619265
2024-09-30,-0.014312811502168081
2024-10-01,-0.00040781971247633576
2024-10-03,-0.000260552
2024-10-04,-0.014974927341277092
2024-10-07,-0.005313188036546721
2024-10-08,0.00916366719849444
2024-10-09,0.0012585228569083867
2024-10-10,-0.009643198220352258
2024-10-11,0.003117631180949924
2024-10-14,0.005341185406888676
2024-10-15,-0.00015783265549269235
2024-10-16,8.103118134240167e-05
2024-10-17,-0.03511639495418596
2024-10-18,-0.001677048769695645
2024-10-21,-0.00323215149757716
2024-10-22,-0.011045679305710562
2024-10-23,-0.0025411470793639712
2024-10-24,-0.009544562979282124
2024-10-25,-0.010542740520173649
2024-10-28,0.00388346671510615
2024-10-29,-0.012832429996511314
2024-10-30,0.0034130934942293804
2024-10-31,-0.0029075052751663306
2024-11-01,0.0033782506042901858
2024-11-04,-0.022435688092629948
2024-11-05,0.006174147384392908
2024-11-06,0.016157623922569045
2024-11-07,-0.0122243984469382
2024-11-08,0.0019344690730869456
2024-11-11,-0.009627557727094116
2024-11-12,-0.01865219366889887
2024-11-13,-0.014504671099623428
2024-11-14,-0.005956313799609418
2024-11-18,-0.003316636856465355
2024-11-19,0.002375352469327185
2024-11-21,-0.004974612084530651
2024-11-22,0.012917678078322068
2024-11-25,0.0090092115569683
2024-11-26,-0.006812032306608934
2024-11-27,-0.0002747120214801523
2024-11-28,-0.014089631420721794
2024-11-29,0.012652848385636767
2024-12-02,-0.0006912639999999999
2024-12-03,-0.0015802065550753852
2024-12-04,-0.005002394001624951
2024-12-05,0.004272477891791837
2024-12-06,-0.000722526650279893
2024-12-09,-0.006135488615231789
2024-12-10,-0.0022488479201415294
2024-12-11,0.0019150418160601523
2024-12-12,0.0013728947601420972
2024-12-13,0.010355126750045362
2024-12-16,-0.0038885117386124276
2024-12-17,-0.011856912998799759
2024-12-18,-0.0022349173911057293
2024-12-19,-0.0024623224254663205
2024-12-20,-0.012304079948541416
2024-12-23,0.0016822387128026263
2024-12-24,-0.0031567348304432116
2024-12-26,0.008225569246022352
2024-12-27,0.003577218594170652
2024-12-30,0.0036099178791655275
2024-12-31,-0.000717069367277599
2025-01-02,-0.0013005384489795915
2025-01-03,-0.01325811341077833
2025-01-06,-0.009242765988327887
2025-01-07,-9.989081313419327e-05
2025-01-08,-0.006545840050686263
2025-01-09,0.0009712087355397481
2025-01-10,-0.002119504995716921
2025-01-13,-0.017148641252582163
2025-01-14,0.0008954754124006203
2025-01-15,-0.006522002227299274
2025-01-16,0.0047825243688958755
2025-01-17,-0.0033688552314039815
2025-01-20,0.002223136854252636
2025-01-21,-0.01466484967749497
2025-01-22,0.006862868163361463
2025-01-23,0.006986422287310029
2025-01-24,-0.007995487542049588
2025-01-27,-0.016551841930267024
2025-01-28,-0.007545927225911898
2025-01-29,0.015039009188183367
2025-01-30,0.010393769027831087
2025-01-31,-0.00276974990925815
2025-02-01,0.004497366160387665
2025-02-03,0.011990389743218966
2025-02-04,-0.000411848
2025-02-05,-0.0021164559581828084
2025-02-06,-0.007216738987370136
2025-02-07,0.00972907577372459
2025-02-10,-0.008988274134526863
2025-02-11,-0.018741169786924736
2025-02-12,-0.007101994595154711
2025-02-13,0.003958862219681834
2025-02-14,-0.013503074420903864
2025-02-17,-0.00480331387480858
2025-02-18,-0.005401435374323173
2025-02-19,-0.0010335050740940695
2025-02-20,0.003754498020905067
2025-02-21,-0.01770049474943612
2025-02-24,-0.004835587217934778
2025-02-25,0.0050255894636694375
2025-02-27,-0.004079887910661724
2025-02-28,-0.03831172362129658
2025-03-03,0.008733107487871705
2025-03-04,-0.007978117381588662
2025-03-05,-0.0008867359999999998
2025-03-06,0.006692068451636182
2025-03-07,0.0015319066174356256
2025-03-10,-0.004646516572714577
2025-03-11,0.007352677150377616
2025-03-12,0.004590003250720294
2025-03-13,-0.0055673309312415376
2025-03-17,0.008973759556150354
2025-03-18,0.00026801015697887896
2025-03-19,0.01774218556362235
2025-03-20,0.011740323994897398
2025-03-21,0.004922548586874062
2025-03-24,0.008883305744462574
2025-03-25,-0.003052507580509722
2025-03-26,-0.0034472591437432294
2025-03-27,0.0031646142516474447
2025-03-28,-0.005100831911227984
2025-04-01,-0.02089015474535186
2025-04-02,0.012870107595830025
2025-04-03,-0.0008196090224757561
2025-04-04,-0.000507592
2025-04-07,-0.03460993226640023
2025-04-08,0.015466999528862008
2025-04-09,0.0004836563099163663
2025-04-11,0.024325740629546986
2025-04-15,0.02564143604323779
2025-04-16,0.004993417012174979
2025-04-17,0.012259549251619935
2025-04-21,0.013680071094655553
2025-04-22,0.0034139189418173474
2025-04-23,0.004371761881682054
2025-04-24,-0.0001844144657515926
2025-04-25,-0.013947376155286812
2025-04-28,0.009885874240009869
2025-04-29,-0.001374459238940484
2025-04-30,0.005266364329761424
2025-05-02,-0.0022455937983258583
2025-05-05,0.009764870826320455
2025-05-06,0.0034113565947778484
2025-05-07,0.0026347980313046575
2025-05-08,-0.0183194401924609
2025-05-09,-0.00786072903859751
2025-05-12,0.02018643020451403
2025-05-13,-0.01595575938461679
2025-05-14,0.0041772558372841
2025-05-15,0.012150393956737712
2025-05-16,-0.0020907794381478453
2025-05-19,0.005696195329133328
2025-05-20,-0.014730410139002767
2025-05-21,0.008714946868586869
2025-05-22,-0.006013716410095261
2025-05-23,0.0016062614616994687
2025-05-26,0.011722893240950293
2025-05-27,-0.00689872454387211
2025-05-28,-0.002492004669688522
2025-05-29,0.001626523450101316
2025-05-30,-0.004528242005748102
2025-06-02,0.001201547197400029
2025-06-03,-0.0029143029602456414
2025-06-04,0.006841700585169138
2025-06-05,-0.0007943199999999999
2025-06-06,0.002038180424356679
2025-06-09,0.005028214138006259
2025-06-10,0.0015331714559277097
2025-06-11,0.004703805461543187
2025-06-12,-0.004764745881913443
2025-06-13,-0.003166543280210428
2025-06-16,0.012468373045562996
2025-06-17,-0.003999260196670325
2025-06-18,-0.0031376975933310137
2025-06-19,-0.003933253652817172
2025-06-20,0.01593764409124079
2025-06-23,-0.003272847112729462
2025-06-24,-8.589092875942091e-05
2025-06-25,0.01016527973765976
2025-06-26,0.01121043378936476
2025-06-27,0.005886112287111035
2025-06-30,0.0033388994592297096
2025-07-01,0.0019058894260710238
2025-07-02,-0.004677101099396977
2025-07-03,-0.00027800799999999994
2025-07-04,0.0019353467409944404
2025-07-07,0.002678222922661764
2025-07-08,0.0023470002794583437
2025-07-09,-0.0024734916219918525
2025-07-10,-0.012843667062514833
2025-07-11,-0.012361372949689167
2025-07-14,-0.0033569477039240327
2025-07-15,0.002606859041481024
2025-07-16,0.0007812745677171398
2025-07-17,-0.003982620613033226
2025-07-18,-0.0053745655269869675
2025-07-21,0.0025168324266999355
2025-07-22,-0.00044429441313817517
2025-07-23,0.008459324516523994
2025-07-24,-0.006735964087313782
2025-07-25,-0.005005809291864898
2025-07-28,-0.013273331827388855
2025-07-29,0.007106852040151554
2025-07-30,0.002212201410602457
2025-07-31,-0.0035016308957886043
2025-08-01,-0.014868524687306161
2025-08-04,0.009432688170521576
2025-08-05,-0.0010610742635918373
2025-08-06,-0.011342301194574914
2025-08-07,0.002234580574553712
2025-08-08,-0.013419931260628813
2025-08-11,0.006887313465729185
2025-08-12,-0.0042884175532404145
2025-08-13,0.017522365879550163
2025-08-14,0.002886102391251123
2025-08-18,0.01046786097409173
2025-08-19,0.0012544065249307712
2025-08-20,0.002622736732621797
2025-08-21,0.0016116265665746946
2025-08-22,-0.0018051636970562192
2025-08-25,0.0045384251125195505
2025-08-26,-0.008594794192719614
2025-08-28,-0.008316628143022177
2025-08-29,-0.001317257909564461
2025-09-01,-0.0009101279999999998
2025-09-02,-0.002174976612299176
2025-09-03,0.004012036400574978
2025-09-04,-0.001635788198888103
2025-09-05,0.002912519484455321
2025-09-08,0.009816872188276447
2025-09-09,0.0025390166982309716
2025-09-10,-0.0029444184474755734
2025-09-11,-0.0008643752332414111
2025-09-12,0.00450043374504088
2025-09-15,-0.0011420968384933667
2025-09-16,0.010108586730768823
2025-09-17,-0.00018666728205816085
2025-09-18,0.004431525091722544
2025-09-19,0.0004721027956596331
2025-09-22,-0.004741736535785263
2025-09-23,-0.002220372158915365
2025-09-24,-0.001985846554960669
2025-09-25,-0.0038768617553532722
2025-09-26,-0.009775192180062115
2025-09-29,-0.005476346130453983
2025-09-30,-0.0005401199560226607
2025-10-01,0.0052551051500887794
2025-10-03,0.003188729078488227
2025-10-06,0.0014018883105809267
2025-10-07,0.013638024225324666
2025-10-08,-0.00256942329773608
2025-10-09,0.0006843036483562268
2025-10-10,0.013719756804843124
2025-10-13,0.0003205765748485333
2025-10-14,-0.0010687357758824133
2025-10-15,0.004267309696318523
2025-10-16,0.008949534081431822
2025-10-17,0.00977329072646465
2025-10-20,-0.002741723950854075
2025-10-21,-0.0013365660142575387
2025-10-23,-0.00782255781848467
2025-10-24,-0.0028787433712325313
2025-10-27,0.00524249915337366
2025-10-28,0.0003067907357367048
2025-10-29,0.0019568888130951046
2025-10-30,-0.0026512846195051207
2025-10-31,-0.00038361076844101454
2025-11-03,-0.0005030717381295522
2025-11-04,-0.004471277491801238
2025-11-06,-0.0035984489518187234
2025-11-07,-0.006656238814338855
2025-11-10,0.003593416999999293
2025-11-11,0.0017651104656925376
2025-11-12,0.0025349096381434423
2025-11-13,0.0048432224287562695
2025-11-14,-0.005870825554966321
2025-11-17,0.007449798545525712
2025-11-18,-0.00022611042212423017
2025-11-19,0.002531405790406842
2025-11-20,0.007135013940902419
2025-11-21,-0.0030213337843567577
2025-11-24,0.0007330633330406853
2025-11-25,-0.002061364069873045
2025-11-26,0.006993764809459797
2025-11-27,-0.004539903605747143
2025-11-28,-0.0004564414733353203
2025-12-01,0.00016729604568795162
2025-12-02,-0.0017079809187684496
2025-12-03,0.0001428902202858279
2025-12-04,-0.0008767839999999999
2025-12-05,0.012163100955395377
2025-12-08,-0.012135233564606204
2025-12-09,-0.005509165401705039
2025-12-10,-0.0007805618571125382
2025-12-11,0.0012061605099493253
2025-12-12,0.01073169343232296
2025-12-15,0.00019955549321145748
2025-12-16,-0.002934602353632929
2025-12-17,0.0001272953056174718
2025-12-18,-0.004219073164503843
2025-12-19,0.008233071348180325
2025-12-22,0.008314129332280916
2025-12-23,-0.0006621671893044526
2025-12-24,-0.0010374249607188954
2025-12-26,-0.0042068216597780685
2025-12-29,-0.0030477591658194013
2025-12-30,-0.0008818194032883815
2025-12-31,0.009983116222307792
