date,momentum_quality
2015-01-05,0.0
2015-01-06,0.0
2015-01-07,0.0
2015-01-08,0.0
2015-01-09,0.0
2015-01-12,0.0
2015-01-13,0.0
2015-01-14,0.0
2015-01-15,0.0
2015-01-16,0.0
2015-01-19,0.0
2015-01-20,0.0
2015-01-21,0.0
2015-01-22,0.0
2015-01-23,0.0
2015-01-27,0.0
2015-01-28,0.0
2015-01-29,0.0
2015-01-30,0.0
2015-02-02,0.0
2015-02-03,0.0
2015-02-04,-0.0
2015-02-05,-0.010959700949691736
2015-02-06,-0.011823791693125623
2015-02-09,-0.023591647738316315
2015-02-10,0.00979597175799234
2015-02-11,0.0173364098505381
2015-02-12,0.013533380804199066
2015-02-13,0.001699374269855938
2015-02-16,-0.0028868011856965172
2015-02-18,0.006014330946397478
2015-02-19,0.00596212628406622
2015-02-20,-0.005717699702563855
2015-02-23,-0.012270646632699098
2015-02-24,0.005783669899362771
2015-02-25,-0.007535673900779573
2015-02-26,-0.010008963887706938
2015-02-27,0.02421577085704871
2015-03-02,0.01605090255117334
2015-03-03,0.0010110574848660207
2015-03-04,-0.013048998633593739
2015-03-05,0.002300164352831307
2015-03-09,-0.0006399999999999999
2015-03-10,-0.007791912994699269
2015-03-11,-0.005712256701485575
2015-03-12,0.006197562525803913
2015-03-13,-0.015457551646910421
2015-03-16,0.0008476686035449258
2015-03-17,0.00886049548185494
2015-03-18,-0.002496094511430035
2015-03-19,-0.008083799068705664
2015-03-20,-0.013327567257893256
2015-03-23,-0.011178654449990355
2015-03-24,-0.0023373643890252874
2015-03-25,0.01170366705482668
2015-03-26,-0.010920867999021505
2015-03-27,-0.007913924688029676
2015-03-30,0.017308042760589306
2015-03-31,0.007082378651970518
2015-04-01,0.004826036234116397
2015-04-06,0.01504122373684898
2015-04-07,0.007288481270702593
2015-04-08,0.006026290732956603
2015-04-09,-0.00021333333333333333
2015-04-10,0.001563960411796865
2015-04-13,0.0097797593186362
2015-04-16,-0.02201413769335632
2015-04-17,-0.017003984775597406
2015-04-20,-0.021897958939090113
2015-04-21,-0.01799267640987026
2015-04-22,0.004917787771121984
2015-04-23,0.006396645694407289
2015-04-24,-0.014147187586995475
2015-04-27,-0.020522789574830693
2015-04-28,0.007398264566731205
2015-04-29,0.007038322851081
2015-04-30,0.006507259601489268
2015-05-04,0.024916578041266367
2015-05-05,0.0049840647221962246
2015-05-06,-0.027770133409086246
2015-05-07,-0.008541377741100305
2015-05-08,0.02208018510260793
2015-05-11,0.012720887563807046
2015-05-12,-0.020652244245401206
2015-05-13,-0.00016
2015-05-14,0.004427700317930504
2015-05-15,0.004975815905134324
2015-05-18,0.01662857435223217
2015-05-19,0.0002554945971754311
2015-05-20,0.005781518622046165
2015-05-21,0.004392047862710661
2015-05-22,0.008935831674091458
2015-05-25,-0.0012066614978123937
2015-05-26,-0.0023625722111437772
2015-05-27,0.00036187564756398475
2015-05-28,-0.010675177031719715
2015-05-29,0.006191602500684855
2015-06-01,-0.008431451191700318
2015-06-02,-0.020036000121303403
2015-06-03,-0.03716555599937504
2015-06-04,0.01013523840487405
2015-06-05,-0.00027666938605063764
2015-06-08,-0.02038311533703556
2015-06-09,-0.007980319392055724
2015-06-10,0.008100320758237809
2015-06-11,-0.00016
2015-06-12,-0.003877064613305501
2015-06-15,0.010844485011451738
2015-06-16,-0.00014235587114386396
2015-06-17,0.016415458982296106
2015-06-18,0.005241762292732795
2015-06-19,0.006481226406467168
2015-06-22,0.01931941757370099
2015-06-23,0.00386355490090273
2015-06-24,-0.006241093428961657
2015-06-25,0.0028887520396673225
2015-06-26,0.006918520901760868
2015-06-29,-0.011562095589406454
2015-06-30,0.00847322560386125
2015-07-01,0.01349938260145391
2015-07-02,0.004397494176349229
2015-07-03,0.0032861539276797984
2015-07-06,0.010592460083119959
2015-07-07,-1.9312631264013184e-05
2015-07-08,-0.01173429494302754
2015-07-09,-0.010770138908649779
2015-07-10,-0.00021333333333333333
2015-07-13,0.011392780391642852
2015-07-14,0.003988548048577872
2015-07-15,0.004539745407916773
2015-07-16,0.009805519287582394
2015-07-17,-0.003122417849117389
2015-07-20,-0.00014925150568049524
2015-07-21,-0.0025922806577606673
2015-07-22,0.0069154946353654
2015-07-23,-0.004238563650594003
2015-07-24,-0.0042513032598076456
2015-07-27,-0.013959616224171252
2015-07-28,-0.00030729400883228533
2015-07-29,0.00849810916541428
2015-07-30,0.0041526394715758145
2015-07-31,0.01347276094865926
2015-08-03,-0.0012059030835794363
2015-08-04,0.012588335500962671
2015-08-05,0.0005293771540206816
2015-08-06,-0.0011355756617699797
2015-08-07,0.0007355172022316404
2015-08-10,-0.00016
2015-08-11,-0.009461932056500184
2015-08-12,-0.024529832782004615
2015-08-13,-0.00012792219298363866
2015-08-14,0.007641856316177175
2015-08-17,-0.005246007020367255
2015-08-18,0.0021489581671360674
2015-08-19,0.0010535344413476159
2015-08-20,-0.012849426161195353
2015-08-21,-0.010468459649163965
2015-08-24,-0.06504238286956757
2015-08-25,0.015162345626452123
2015-08-26,-0.008238995960492159
2015-08-27,0.021418372189790424
2015-08-28,0.010790093416595042
2015-08-31,0.0012911401118092904
2015-09-01,-0.01584263379484756
2015-09-02,-0.0045662986601498964
2015-09-03,0.012287970608095536
2015-09-04,-0.00908212113121909
2015-09-07,-0.023287846315893663
2015-09-08,-0.0002666666666666667
2015-09-09,0.018656345960574052
2015-09-10,-0.0003293509414831429
2015-09-11,0.005242818512962292
2015-09-14,0.01375180941287754
2015-09-15,-0.004877876501008771
2015-09-16,-0.003804273829302971
2015-09-18,0.0008945929147198876
2015-09-21,-0.005139670380446996
2015-09-22,-0.01548154865010085
2015-09-23,0.0017151738025111588
2015-09-24,0.0003072110199925594
2015-09-28,-0.005008870243496928
2015-09-29,0.001956702387215507
2015-09-30,0.021513279327711906
2015-10-01,0.0031495343808790326
2015-10-05,0.010152879115151949
2015-10-06,0.00456114429380689
2015-10-07,-0.001487630606836769
2015-10-08,-0.005681677517202298
2015-10-09,-0.0033861363818384013
2015-10-12,-0.00016
2015-10-13,0.0009469603188661344
2015-10-14,-0.001854012602556366
2015-10-15,0.007904928500369703
2015-10-16,0.00665787593163759
2015-10-19,0.01418299264795474
2015-10-20,0.0013494553644412283
2015-10-21,0.00262464849265042
2015-10-23,-0.006235532477861395
2015-10-26,-0.0026907159262861725
2015-10-27,0.00797176717974842
2015-10-28,-0.0015393804952567626
2015-10-29,-0.002587675359505038
2015-10-30,0.0015029456805304695
2015-11-02,-0.002721225901587429
2015-11-03,0.00327790438299555
2015-11-04,0.00041384646183141864
2015-11-05,-0.011261683412422882
2015-11-06,-0.011578832895910867
2015-11-09,-0.0021186239719964174
2015-11-10,-0.0163216516130752
2015-11-13,-0.00016
2015-11-16,-0.0013738767508790959
2015-11-17,-0.0009358910251673824
2015-11-18,-0.004897252338820844
2015-11-19,0.01624714349596052
2015-11-20,0.00929528603630437
2015-11-23,0.004547340931586243
2015-11-24,-0.006621283825305864
2015-11-26,-0.009681247323095976
2015-11-27,0.0013410750455555077
2015-11-30,-0.0005591014037345364
2015-12-01,0.008290261874322686
2015-12-02,0.003894220812710798
2015-12-03,-0.0050703281615531145
2015-12-04,-0.007886382283014585
2015-12-07,-0.006021043568496703
2015-12-08,-0.007645378151412797
2015-12-09,-0.018565797652984575
2015-12-10,0.014560741168154201
2015-12-11,-0.010965332307174407
2015-12-14,0.008819176176963999
2015-12-15,-0.0002666666666666667
2015-12-16,0.0010353475166294192
2015-12-17,0.017663371850417213
2015-12-18,-0.007342988899083625
2015-12-21,0.010614537270998854
2015-12-22,-0.005635371294626181
2015-12-23,0.00289792549987101
2015-12-24,0.0008407514460407651
2015-12-28,0.002530363457428416
2015-12-29,0.0048907790223619955
2015-12-30,-0.004672208948988833
2015-12-31,0.005592723781952403
2016-01-04,-0.012181780519181893
2016-01-05,0.003538610614263851
2016-01-06,0.00043548410488055225
2016-01-07,-0.01933087761576382
2016-01-08,0.006983828286344202
2016-01-11,-0.00611526568887682
2016-01-12,-0.004091784559496717
2016-01-13,0.006981978595523903
2016-01-14,-0.0021109977101831483
2016-01-15,-0.00021333333333333333
2016-01-18,-0.024614795055131436
2016-01-19,0.007452831540708692
2016-01-20,-0.013622161093760785
2016-01-21,-0.006322679881997994
2016-01-22,0.02008568038404971
2016-01-25,0.0040869737795082494
2016-01-27,0.0017719291543530056
2016-01-28,-0.006077682858766936
2016-01-29,0.013468749184065097
2016-02-01,0.005626628113946275
2016-02-02,-0.018482127948948244
2016-02-03,0.0008855435639524331
2016-02-04,-0.001779537557285719
2016-02-05,0.013770737859639465
2016-02-08,-0.012180105233118875
2016-02-09,-0.01763924691233622
2016-02-10,-0.006299398349189863
2016-02-11,-0.025424472302155835
2016-02-12,-0.010312369124331009
2016-02-15,0.025735706196822822
2016-02-16,-0.00021333333333333333
2016-02-17,0.012303587235118414
2016-02-18,0.002084420765071779
2016-02-19,-0.0017054373137510256
2016-02-22,-0.002848607443764709
2016-02-23,-0.009806270731772574
2016-02-24,-0.0033010183789367216
2016-02-25,-0.012379885629792142
2016-02-26,0.002834039375092633
2016-02-29,-0.0010270071652107179
2016-03-01,0.033910397367188136
2016-03-02,0.016515752082853576
2016-03-03,0.0008532197253386417
2016-03-04,0.0038933558652176486
2016-03-08,0.002568849394441771
2016-03-09,0.004300151333489417
2016-03-10,-0.0014465588403401598
2016-03-11,-0.0027646218196909055
2016-03-14,0.003717208847217346
2016-03-15,-0.006009966668972528
2016-03-16,0.0015663386642785111
2016-03-17,-0.00031999999999999997
2016-03-18,0.006912383282748904
2016-03-21,0.006077659569978003
2016-03-22,0.004664260133943522
2016-03-23,0.003183137926980647
2016-03-28,-0.015591656338836767
2016-03-29,-0.002023477767647076
2016-03-30,0.019777183127346356
2016-03-31,0.0022237105750215038
2016-04-01,0.0004797909552796589
2016-04-04,0.005933496263805119
2016-04-05,-0.010518933445086321
2016-04-06,0.005680565184092618
2016-04-07,-0.004916189418858438
2016-04-08,0.0013214303968359408
2016-04-11,0.014158063651994426
2016-04-12,0.004282888911580872
2016-04-13,0.013131467665065033
2016-04-18,0.009461372554405312
2016-04-20,0.009355000582714124
2016-04-21,-0.010054748462045055
2016-04-22,-0.0002666666666666667
2016-04-25,-0.0076465098624788575
2016-04-26,0.0127749955558108
2016-04-27,0.002554572900128504
2016-04-28,-0.0164062938762585
2016-04-29,-0.0023471863561612097
2016-05-02,0.002637590061729912
2016-05-03,-0.006459507068280927
2016-05-04,-0.009030980066730707
2016-05-05,0.000318452896315827
2016-05-06,0.003566083029199461
2016-05-09,0.007943749454662842
2016-05-10,-0.001606835048759156
2016-05-11,0.002540470313625398
2016-05-12,0.0074954445892912456
2016-05-13,-0.009936642649099008
2016-05-16,0.005890105248258037
2016-05-17,0.00043296128672970215
2016-05-18,-0.0036580523312781557
2016-05-19,-0.004351467574514295
2016-05-20,-0.004015734128962488
2016-05-23,-0.00016
2016-05-24,0.002079624325264614
2016-05-25,0.012509410158421892
2016-05-26,0.004819255389379342
2016-05-27,0.01828660850103893
2016-05-30,0.007304916418577485
2016-05-31,0.0001238117503041486
2016-06-01,-0.0012394283042408893
2016-06-02,0.01222243540388218
2016-06-03,3.919369766640303e-05
2016-06-06,-0.001150477466936491
2016-06-07,0.005448697316516439
2016-06-08,0.004127903548399903
2016-06-09,0.0006067456259430978
2016-06-10,-0.001175061521451782
2016-06-13,-0.0048616952523658835
2016-06-14,-0.003525262038607077
2016-06-15,0.01177200766413311
2016-06-16,-0.0021547705414926626
2016-06-17,0.0003062126247524472
2016-06-20,0.006924591607548336
2016-06-21,-0.0002666666666666667
2016-06-22,-0.00294132749303277
2016-06-23,0.0039905287883589685
2016-06-24,-0.014120286134527687
2016-06-27,0.0012716665954216459
2016-06-28,0.005829434068670464
2016-06-29,0.010584874943918828
2016-06-30,0.013814500855142728
2016-07-01,0.006940521890030096
2016-07-04,0.00168524830275697
2016-07-05,-0.007923387560485181
2016-07-07,0.0007430935887671978
2016-07-08,0.005356218230041461
2016-07-11,0.01366501163433702
2016-07-12,0.011406948542741026
2016-07-13,0.0005416281445863474
2016-07-14,0.006765342180497212
2016-07-15,0.004225812070683153
2016-07-18,-0.0034987359392585327
2016-07-19,-0.002112316800982171
2016-07-20,0.003146224385783948
2016-07-21,-0.00021333333333333333
2016-07-22,0.008597712798587046
2016-07-25,0.006013227378345896
2016-07-26,0.00659519628362295
2016-07-27,0.009620158582282512
2016-07-28,0.0024852565613257167
2016-07-29,0.0077357613654353355
2016-08-01,0.012914561832317394
2016-08-02,-0.010646813492132937
2016-08-03,-0.012576682024626674
2016-08-04,0.009146616710721844
2016-08-05,0.025081962056885346
2016-08-08,0.0038077537915732172
2016-08-09,-0.007655993918319108
2016-08-10,-0.01652211893619041
2016-08-11,-0.0015080353854902764
2016-08-16,0.01255002340606232
2016-08-17,0.005329053163278116
2016-08-18,0.01190702606816696
2016-08-19,0.0020347811333729948
2016-08-22,-0.007061295007801617
2016-08-23,-0.0002666666666666667
2016-08-24,0.004548538685191507
2016-08-25,-0.0033567553701478554
2016-08-26,0.0028242846401622516
2016-08-29,0.009159857379247644
2016-08-30,0.013285826989636138
2016-08-31,0.005665391507371205
2016-09-01,-0.0003787604700534882
2016-09-02,0.0044219901840692995
2016-09-06,0.01781942689700563
2016-09-07,0.0012973745936964455
2016-09-08,0.011964028789980001
2016-09-09,-0.01644896615601874
2016-09-12,-0.03659509088452708
2016-09-14,0.015132931085033528
2016-09-15,-0.004870051555464418
2016-09-16,0.001468144482371112
2016-09-19,0.004224339056524951
2016-09-20,0.0015210417523586566
2016-09-21,0.0030998566979557433
2016-09-22,0.016044158436184234
2016-09-23,-0.00021333333333333333
2016-09-26,-0.004996637924460501
2016-09-27,-0.006833851775328217
2016-09-28,0.013132456059918307
2016-09-29,-0.03736253551754429
2016-09-30,0.010323362215253717
2016-10-03,0.022115708041903784
2016-10-04,0.004984814662400858
2016-10-05,0.005488198930079144
2016-10-06,-0.00017772763886241507
2016-10-07,0.0026444847852572194
2016-10-10,0.001069945665767617
2016-10-13,-0.0165557463228179
2016-10-14,0.008593639423373588
2016-10-17,-0.005435745210845725
2016-10-18,0.021582021119201454
2016-10-19,0.004050268793319951
2016-10-20,0.003934823552302351
2016-10-21,-0.0013532730965671682
2016-10-24,-0.00012048991642293055
2016-10-25,0.004242012149107658
2016-10-26,-0.00021333333333333333
2016-10-27,-0.012423206949930364
2016-10-28,0.0030532625382883967
2016-11-01,0.009758785686666556
2016-11-02,-0.01894413906235676
2016-11-03,-0.00857090545021947
2016-11-04,-0.012572809399383496
2016-11-07,0.01141358913485648
2016-11-08,0.0026063107070435003
2016-11-09,-0.014939286310641255
2016-11-10,0.02067621046777373
2016-11-11,-0.035403749246345574
2016-11-15,-0.05195665018787615
2016-11-16,0.015065659105927276
2016-11-17,-0.0016876116626673343
2016-11-18,0.006897098145320409
2016-11-21,-0.03556771949661249
2016-11-22,0.01640915748481237
2016-11-23,0.008072795130839605
2016-11-24,-0.008837923010405242
2016-11-25,0.014520560635913088
2016-11-28,-0.00016
2016-11-29,0.005410653884740194
2016-11-30,0.016173580477109244
2016-12-01,-0.011284800299014337
2016-12-02,-0.015159010637689289
2016-12-05,0.013366105093111449
2016-12-06,0.002995614964083642
2016-12-07,0.0011512722926126724
2016-12-08,0.01847944221815687
2016-12-09,0.00012550030604351102
2016-12-12,-0.017021917004232445
2016-12-13,-0.0017340423677089992
2016-12-14,-0.009696367333869407
2016-12-15,-0.0016800535470918917
2016-12-16,-0.0025973774781773455
2016-12-19,-0.009801851966147072
2016-12-20,-0.011119921153896952
2016-12-21,0.0020723739429533636
2016-12-22,-0.021156586181940665
2016-12-23,0.008431641535297383
2016-12-26,-0.015081223765598253
2016-12-27,-0.0002666666666666667
2016-12-28,-0.00014721064193732442
2016-12-29,0.010474007636380473
2016-12-30,0.007243541196654313
2017-01-02,0.009436134531668635
2017-01-03,0.011347682748532083
2017-01-04,-0.004110787642354566
2017-01-05,0.02679768430989491
2017-01-06,-0.0051020772351466825
2017-01-09,-0.004778280422385819
2017-01-10,0.011251952963055062
2017-01-11,0.01581898111352553
2017-01-12,0.010053458900731192
2017-01-13,-0.003811053008465784
2017-01-16,0.007584579715922016
2017-01-17,-0.00442219634834593
2017-01-18,0.005768189663115437
2017-01-19,0.010068277589844797
2017-01-20,-0.02197643107492455
2017-01-23,0.012413148948890297
2017-01-24,0.011129655674547366
2017-01-25,-0.00016
2017-01-27,0.0020910812035992406
2017-01-30,-0.0010744555801144597
2017-01-31,-0.008462735415024528
2017-02-01,0.021967268988881804
2017-02-02,0.0023396082663869697
2017-02-03,-0.0009814341759160326
2017-02-06,0.008771332342392624
2017-02-07,-0.006342610663659985
2017-02-08,0.0032957574426612196
2017-02-09,-0.004184421570860162
2017-02-10,-0.0016459070932022327
2017-02-13,0.0013927151397565658
2017-02-14,-0.00846869917535313
2017-02-15,-0.009960910907938334
2017-02-16,0.010012788951621098
2017-02-17,0.0013388613853820928
2017-02-20,0.00930583503491378
2017-02-21,0.0014288992894109069
2017-02-22,-0.002626485255474069
2017-02-23,0.0009604732257756854
2017-02-27,-0.0001066666666666667
2017-02-28,0.0027490741319599193
2017-03-01,0.0021842482503239193
2017-03-02,-0.01594889912985415
2017-03-03,-0.0005178407210762514
2017-03-06,0.005776730143016745
2017-03-07,0.00024889640169165235
2017-03-08,-0.0031298622977997525
2017-03-09,-0.0027675222363005604
2017-03-10,-0.003172938797996851
2017-03-14,0.01671457349223215
2017-03-15,0.0020757999184039095
2017-03-16,0.021216272300539737
2017-03-17,-0.002647492519799809
2017-03-20,0.000743787930227787
2017-03-21,0.0017494885818647359
2017-03-22,-0.008671344532311432
2017-03-23,0.007581756458227962
2017-03-24,-0.00015956820395045745
2017-03-27,-0.0118431700083062
2017-03-28,0.0058934239815082706
2017-03-29,-0.00031999999999999997
2017-03-30,0.004340134441752918
2017-03-31,0.008799710163052766
2017-04-03,0.004900134469064862
2017-04-05,0.010293631862424296
2017-04-06,0.003649153753013392
2017-04-07,0.0014069665478895865
2017-04-10,0.010682290062020015
2017-04-11,0.003206311919672812
2017-04-12,-0.005728492890450707
2017-04-13,-0.0026927790550474694
2017-04-17,0.003659766278934446
2017-04-18,0.008197853014917812
2017-04-19,0.002081752601341628
2017-04-20,0.004491299173223286
2017-04-21,-0.0006625999965442858
2017-04-24,0.012656508041972908
2017-04-25,0.011621796431533243
2017-04-26,-0.012243697906499163
2017-04-27,-0.005367237458410477
2017-04-28,-0.0004426863633087368
2017-05-02,-0.00031999999999999997
2017-05-03,-0.001465846257495555
2017-05-04,0.0008183833791000874
2017-05-05,-0.010852264415084753
2017-05-08,-0.001658061956472091
2017-05-09,0.0033634321720176046
2017-05-10,0.010249169013868785
2017-05-11,0.004373743435817612
2017-05-12,-0.0039095612946164655
2017-05-15,0.008965181912380271
2017-05-16,0.0055868837398534935
2017-05-17,0.0006596525792305419
2017-05-18,-0.015195561782675174
2017-05-19,-0.0033170947047760036
2017-05-22,-0.004162148185466675
2017-05-23,-0.011305328549790501
2017-05-24,-0.002510205962392988
2017-05-25,0.010158547188666956
2017-05-26,0.015485661034878813
2017-05-29,-0.002787828807599893
2017-05-30,0.007821782325454519
2017-05-31,-0.0002666666666666667
2017-06-01,-0.0024110366211281533
2017-06-02,0.0024059103380841863
2017-06-05,0.011971332171070971
2017-06-06,-0.003508021514394141
2017-06-07,0.007021949128030898
2017-06-08,-0.0018300222583219681
2017-06-09,0.0008712060373530354
2017-06-12,-0.008569780729080633
2017-06-13,0.0023061468008156844
2017-06-14,-2.053976714726886e-05
2017-06-15,-0.006228079972495261
2017-06-16,0.0021824036491659917
2017-06-19,0.009968255891757353
2017-06-20,0.001027608630385424
2017-06-21,-0.0041561783085823254
2017-06-22,-0.006488735563362647
2017-06-23,-0.011794355171309471
2017-06-27,0.0015444146100470012
2017-06-28,0.0008065546633440446
2017-06-29,0.004422095047304158
2017-06-30,-0.00021333333333333333
2017-07-03,0.014664394969723833
2017-07-04,-0.0018369877851982467
2017-07-05,0.005172416557973268
2017-07-06,0.00038780610746666077
2017-07-07,0.00039197147355103787
2017-07-10,0.005393685950326272
2017-07-11,3.367445081953646e-05
2017-07-12,0.010510602728625206
2017-07-13,0.008963864578819748
2017-07-14,-0.0017414369299940111
2017-07-17,0.0033594327714048825
2017-07-18,-0.012551187738403448
2017-07-19,0.013607050065081904
2017-07-20,0.003273665564346358
2017-07-21,0.010128961203379087
2017-07-24,0.0006103120373990787
2017-07-25,-0.0008264104290915193
2017-07-26,0.007531575815506067
2017-07-27,-0.002349459781620285
2017-07-28,0.0032729853837944085
2017-07-31,-0.00016
2017-08-01,0.013549262861155379
2017-08-02,-0.0008502153267054038
2017-08-03,-0.005528788220796735
2017-08-04,0.016298601644663208
2017-08-07,0.009201625909370768
2017-08-08,-0.007055566259179601
2017-08-09,-0.02225811091122873
2017-08-10,-0.018110602260032083
2017-08-11,-0.006942531108973311
2017-08-14,0.022561373381902117
2017-08-16,0.009392235864430193
2017-08-17,-0.007010786671356377
2017-08-18,-0.0007533182448444624
2017-08-21,-0.012413370916941485
2017-08-22,-0.002181421420901579
2017-08-23,0.013889618277294298
2017-08-24,0.0024532013433170847
2017-08-28,0.014059111801742364
2017-08-29,-0.011571247843360603
2017-08-30,0.015219458590294038
2017-08-31,-0.00021333333333333333
2017-09-01,0.003435664237641403
2017-09-04,-0.01128659479102017
2017-09-05,0.007476008765271901
2017-09-06,0.004806975642560025
2017-09-07,0.008380329167544425
2017-09-08,-0.003298321738930233
2017-09-11,0.012633390306745053
2017-09-12,0.005044696408279401
2017-09-13,-0.0034311870715074463
2017-09-14,0.0023203700082367663
2017-09-15,-0.002763815545181285
2017-09-18,0.008293367685617817
2017-09-19,-0.001151657847712971
2017-09-20,-0.004824951664420728
2017-09-21,-0.007204077465943969
2017-09-22,-0.024653034970367353
2017-09-25,-0.01542883145747153
2017-09-26,0.0018418615545174187
2017-09-27,-0.018932966325436746
2017-09-28,0.0018426997018566877
2017-09-29,-0.00021333333333333333
2017-10-03,0.007982386533903927
2017-10-04,0.0018759653630417623
2017-10-05,0.0046223199285454625
2017-10-06,0.016085360651320893
2017-10-09,0.0018820401372462519
2017-10-10,0.002054621258758297
2017-10-11,-0.005521558675087313
2017-10-12,0.017194254936569616
2017-10-13,0.003606610321776687
2017-10-16,0.0003833069532915481
2017-10-17,0.0014852622513693674
2017-10-18,0.0011545500406291683
2017-10-19,-0.006305063725848991
2017-10-23,0.006912271727193255
2017-10-24,0.002150188777028262
2017-10-25,-0.005601279534265695
2017-10-26,0.005977883508977028
2017-10-27,0.008365629659984275
2017-10-30,0.009461480965920331
2017-10-31,-0.0031419771487870077
2017-11-01,-0.0001066666666666667
2017-11-02,0.011083650491347196
2017-11-03,0.00021723381662062903
2017-11-06,0.013665201107199721
2017-11-07,-0.016832542474690786
2017-11-08,-0.004096152514220135
2017-11-09,0.008575974123873053
2017-11-10,0.0036543149675900195
2017-11-13,-0.010719318539513314
2017-11-14,0.004552359518490217
2017-11-15,-0.011242559489939357
2017-11-16,0.006102436543773727
2017-11-17,0.016528863187190906
2017-11-20,0.008984626642002943
2017-11-21,0.004795502888976973
2017-11-22,-0.0029787440450824375
2017-11-23,0.0006418011082267177
2017-11-24,0.003087655988813244
2017-11-27,-0.003439237904410758
2017-11-28,0.0005970024315652262
2017-11-29,0.00017754789280622317
2017-11-30,-0.00016
2017-12-01,-0.013637838024828259
2017-12-04,-0.0026702810798058673
2017-12-05,-0.001915506061389076
2017-12-06,-0.010463718718243963
2017-12-07,0.024295883137162484
2017-12-08,0.011432387023900658
2017-12-11,0.0035490719495833924
2017-12-12,-0.0044568979656714304
2017-12-13,-0.011018695139520146
2017-12-14,0.0035041379000354655
2017-12-15,0.008671335355999251
2017-12-18,0.010057310642941224
2017-12-19,0.015561412410961515
2017-12-20,-3.3526387320040383e-05
2017-12-21,0.0007831153315095893
2017-12-22,0.005342140295297547
2017-12-26,0.005843824523774283
2017-12-27,-0.0032537255267213365
2017-12-28,0.0018664126157684436
2017-12-29,0.005087521835599651
2018-01-02,-0.00016
2018-01-03,0.008442708747583868
2018-01-04,0.014413981176008669
2018-01-05,0.016823294598420024
2018-01-08,0.005421816889999706
2018-01-09,-0.003369670673613232
2018-01-10,-0.00010938660929140865
2018-01-11,0.0030756901393158616
2018-01-12,-6.796216055650133e-05
2018-01-15,-0.0034011519373104036
2018-01-16,-0.01099903847539184
2018-01-17,0.007772380589976472
2018-01-18,-0.01669674847375792
2018-01-19,0.008292279147448256
2018-01-22,0.0048041462138279385
2018-01-23,0.012133186744907336
2018-01-24,-0.00858678999090096
2018-01-25,-0.0014973795644174905
2018-01-29,0.003513512086689749
2018-01-30,-0.007929213684627262
2018-01-31,-0.010601769479879543
2018-02-01,-0.0001066666666666667
2018-02-02,-0.027727675126276566
2018-02-05,-0.004604301056941611
2018-02-06,-0.014751273872757499
2018-02-07,0.004650868606309765
2018-02-08,0.013514831158141057
2018-02-09,-0.0027200414987658336
2018-02-12,0.015330191837364908
2018-02-14,0.004220038054374426
2018-02-15,-0.0008214246976514455
2018-02-16,-0.011953580842097527
2018-02-19,-0.017508809735002698
2018-02-20,0.0010441372544767978
2018-02-21,-0.0018792745100640685
2018-02-22,-0.001000822948449351
2018-02-23,0.020848787953468305
2018-02-26,0.006393846811341058
2018-02-27,0.00017920904170244943
2018-02-28,-0.004829184917577691
2018-03-01,-0.004504672955914551
2018-03-05,-0.013397641491738655
2018-03-06,-0.00021333333333333333
2018-03-07,-0.011843561535018813
2018-03-08,-0.0005719296986611557
2018-03-09,-0.007235847733643892
2018-03-12,0.014004416170639522
2018-03-13,0.00032324008950072
2018-03-14,0.0024456985576616816
2018-03-15,0.0003784507151567945
2018-03-16,-0.011800427020370445
2018-03-19,-0.012357202818256668
2018-03-20,0.0072048199716068725
2018-03-21,0.000620294233601125
2018-03-22,-0.005854122432728931
2018-03-23,-0.010323957544420014
2018-03-26,0.020361592978202264
2018-03-27,0.006800847780681052
2018-03-28,-0.005310954010158175
2018-04-02,0.01696245249830848
2018-04-03,-0.0019713185468115176
2018-04-04,-0.018285544322891933
2018-04-05,0.026680670955564603
2018-04-06,-0.00016
2018-04-09,0.002132597523476267
2018-04-10,0.005283394997594262
2018-04-11,0.005769679141483485
2018-04-12,0.0001417017599996904
2018-04-13,0.008275665108360003
2018-04-16,0.004430299930099439
2018-04-17,-0.0005201908455404064
2018-04-18,-0.003966165205332349
2018-04-19,0.0075549185382325175
2018-04-20,0.00723091937582776
2018-04-23,0.0011656230564838716
2018-04-24,-0.00040235429261538803
2018-04-25,-0.00038860534645539815
2018-04-26,0.006932690731960087
2018-04-27,0.0018812629642153415
2018-04-30,0.003351563957592404
2018-05-02,-0.015446283524145076
2018-05-03,-0.00485455815647782
2018-05-04,-0.0049908391602108415
2018-05-07,0.007852978884409043
2018-05-08,-0.00016
2018-05-09,0.0002724469325610905
2018-05-10,-0.0066989947506738146
2018-05-11,0.011415189626668308
2018-05-14,-0.014630013159498778
2018-05-15,-0.002561670479377833
2018-05-16,0.0033441938275198067
2018-05-17,-0.0005286480272625997
2018-05-18,-0.006881249716931284
2018-05-21,-0.010598020026623049
2018-05-22,0.0073351969667145075
2018-05-23,-0.004615606464144588
2018-05-24,0.011503242679274314
2018-05-25,0.01224421923512434
2018-05-28,-0.002313611160294387
2018-05-29,-0.005102142555876999
2018-05-30,0.002020452121551902
2018-05-31,0.007416071137394787
2018-06-01,-0.003170693869527837
2018-06-04,-0.005872571694584876
2018-06-05,-0.005493077436473055
2018-06-06,-0.0001066666666666667
2018-06-07,0.009418594491153053
2018-06-08,0.000256999913161836
2018-06-11,0.0009503262471766513
2018-06-12,0.008459653882646778
2018-06-13,0.0034458840845147153
2018-06-14,0.001800896734367129
2018-06-15,0.0031699912232482316
2018-06-18,-0.003932199710725362
2018-06-19,-0.013885748126535652
2018-06-20,0.004550927433815168
2018-06-21,-0.00831177318476731
2018-06-22,0.00548560564330074
2018-06-25,-0.002019038637210442
2018-06-26,0.004324680877551406
2018-06-27,-0.012254717621455167
2018-06-28,-0.010657378256732792
2018-06-29,0.013636760762477027
2018-07-02,-0.006619400676615289
2018-07-03,0.009581314269080607
2018-07-04,0.0043128135034128144
2018-07-05,-0.0002666666666666667
2018-07-06,0.0020896652689813126
2018-07-09,0.005695498525801072
2018-07-10,0.004456707763242669
2018-07-11,0.0008054804258155399
2018-07-12,0.00458094245659135
2018-07-13,0.003817100016863417
2018-07-16,-0.0025585963615647233
2018-07-17,0.0008095955155067141
2018-07-18,-0.0061097169732123565
2018-07-19,-0.0022567696270976074
2018-07-20,0.016256432910055386
2018-07-23,0.005124306869095794
2018-07-24,8.032940862824633e-05
2018-07-25,-4.639026952013662e-05
2018-07-26,0.0010816004400392902
2018-07-27,0.004119715367470662
2018-07-30,-0.0023257629197758044
2018-07-31,0.013403753711709899
2018-08-01,0.0032535315235553957
2018-08-02,-0.006142739203935401
2018-08-03,-5.333333333333335e-05
2018-08-06,-0.0025070167799801685
2018-08-07,0.000832074451040715
2018-08-08,0.004944934885913135
2018-08-09,-0.000308674071768393
2018-08-10,-0.00028947026989399285
2018-08-13,0.001172749863938347
2018-08-14,0.005793373580915757
2018-08-16,-0.005786167814090533
2018-08-17,0.008789882417919101
2018-08-20,0.0019206685757975203
2018-08-21,0.00158211382392816
2018-08-23,0.006421062808547228
2018-08-24,-0.0017243441835783136
2018-08-27,0.007974333439646307
2018-08-28,0.0025339928248290103
2018-08-29,0.0032778613917875013
2018-08-30,-0.004119663086456026
2018-08-31,0.002057166455358767
2018-09-03,-0.016330764273626893
2018-09-04,-0.011405068394431395
2018-09-05,-0.00016
2018-09-06,0.005115163662523319
2018-09-07,0.008724856913688682
2018-09-10,-0.02059490563316923
2018-09-11,-0.011616602878425326
2018-09-12,0.011175916238481416
2018-09-14,0.015612511389253233
2018-09-17,-0.008695134779413428
2018-09-18,-0.0012235100148476961
2018-09-19,-0.0066867662090488765
2018-09-21,-0.013012061254556803
2018-09-24,-0.019974116918143013
2018-09-25,0.012639812030302355
2018-09-26,-0.004021150828352049
2018-09-27,-0.009512604879740852
2018-09-28,-0.004092180435517344
2018-10-01,-0.0015484489004748598
2018-10-03,-0.01882672325842314
2018-10-04,-0.024872040157205354
2018-10-05,-0.020248633547304416
2018-10-08,0.007722108821390534
2018-10-09,-0.00016
2018-10-10,0.0206027114809971
2018-10-11,-0.029981628238037
2018-10-12,0.027112077049935693
2018-10-15,0.00448901538384572
2018-10-16,0.010793262370396687
2018-10-17,-0.01260829925592212
2018-10-19,-0.004839514900543004
2018-10-22,-0.00921782405287161
2018-10-23,-0.01984677666338939
2018-10-24,0.009654702575419583
2018-10-25,-0.0012483925412865552
2018-10-26,-0.0098144371270062
2018-10-29,0.026847862949676768
2018-10-30,0.0016249270871174796
2018-10-31,0.02241329177306571
2018-11-01,-0.0051343531936103096
2018-11-02,0.006707285269122617
2018-11-05,-0.002664961939594544
2018-11-06,-0.0005611621999745238
2018-11-07,0.007081052121476155
2018-11-09,-0.0002666666666666667
2018-11-12,-0.004902728672969838
2018-11-13,0.004009071534425869
2018-11-14,-0.015058815954408873
2018-11-15,0.004659114608953047
2018-11-16,0.00710670676607148
2018-11-19,0.006108279645203888
2018-11-20,-0.01811637654255242
2018-11-21,-0.0044456292372387915
2018-11-22,-0.007755583645422009
2018-11-26,0.006647591126944843
2018-11-27,0.0021356947645089722
2018-11-28,0.005377226321084704
2018-11-29,0.0075554362369737275
2018-11-30,0.005970434138644018
2018-12-03,-0.0014250257667218805
2018-12-04,0.003957024776706785
2018-12-05,-0.01129146620401958
2018-12-06,-0.019352688383404947
2018-12-07,0.002162317171196406
2018-12-10,-0.019891479130956496
2018-12-11,-0.00016
2018-12-12,0.014472406161457606
2018-12-13,0.003256198032758992
2018-12-14,-0.0015120818471745197
2018-12-17,0.004090702907823352
2018-12-18,0.004122425543543001
2018-12-19,0.004242302841979938
2018-12-20,-0.004803397600841247
2018-12-21,-0.016913838603750564
2018-12-24,-0.00432661532736468
2018-12-26,0.00035880277719426324
2018-12-27,0.005588904881113926
2018-12-28,0.009420260171478179
2018-12-31,0.0003012083604464143
2019-01-02,-0.005210183105730525
2019-01-03,-0.0069870087746594185
2019-01-04,-0.000884255649208386
2019-01-07,0.0030256055974912936
2019-01-08,0.008843436513255476
2019-01-09,0.004732305259897384
2019-01-10,0.0012053970766962492
2019-01-11,-0.0001066666666666667
2019-01-14,-0.0043811508002747235
2019-01-15,0.014433845755969867
2019-01-16,0.0004132908715531508
2019-01-17,0.0018260780795198378
2019-01-18,0.0034902639776556734
2019-01-21,0.0012734654708810142
2019-01-22,-0.0009677819345150069
2019-01-23,-0.0014241641345659744
2019-01-24,0.0023773790618563597
2019-01-25,-0.0027669574396668997
2019-01-28,-0.010672564650180408
2019-01-29,0.011322486505832756
2019-01-30,0.010470548989031866
2019-01-31,0.011231659265934548
2019-02-01,0.011941283809678063
2019-02-04,-0.008964115852922717
2019-02-05,0.006182962910709227
2019-02-06,0.009280408603987773
2019-02-07,0.0027487039798021287
2019-02-08,-0.008844895484834796
2019-02-11,-0.0002666666666666667
2019-02-12,-0.0026248321563741937
2019-02-14,-0.006429091577223961
2019-02-15,-0.002090821214721521
2019-02-18,-0.008439765684122986
2019-02-19,-0.0006742569991859027
2019-02-20,0.009602005275291123
2019-02-21,0.006745252275923968
2019-02-22,0.008312594555232894
2019-02-25,0.010881642128230552
2019-02-26,-0.003512547587460475
2019-02-27,-0.001727373313655952
2019-02-28,-6.381109822657942e-05
2019-03-01,0.005189237470111577
2019-03-05,0.009493948435224763
2019-03-06,0.007525791275558064
2019-03-07,-0.004409798086599732
2019-03-08,-0.0049895648986344075
2019-03-11,0.015130788014558099
2019-03-12,0.012275189556168778
2019-03-13,-0.002781260575005841
2019-03-14,-0.00021333333333333333
2019-03-15,0.006290114929005335
2019-03-18,-0.0014939156452308238
2019-03-19,0.009857450361442232
2019-03-20,0.0005531532799927846
2019-03-22,-0.0037944049206530897
2019-03-25,-0.006016283154598316
2019-03-26,0.004871694610303797
2019-03-27,-0.0014102841517810523
2019-03-28,0.012043491736449367
2019-04-01,0.014236297468873449
2019-04-02,-0.0029658180136906053
2019-04-03,-0.003964733905592234
2019-04-04,-0.004643558299561857
2019-04-05,0.0037278163798619857
2019-04-08,-0.0018492834797782188
2019-04-09,0.009792447997373761
2019-04-10,-0.003450383536206934
2019-04-11,-0.002047277070692353
2019-04-12,0.0055190765506874
2019-04-15,0.004940820418398682
2019-04-16,-0.00031999999999999997
2019-04-18,0.0011048360742528466
2019-04-22,-0.014626461656276237
2019-04-23,-0.001171804563940903
2019-04-24,0.014196778305096785
2019-04-25,-0.002259617361254113
2019-04-26,0.00689908085919397
2019-04-30,0.0016642765157258278
2019-05-02,-0.008880143496937718
2019-05-03,0.002307356012188965
2019-05-06,-0.011591840478617593
2019-05-07,-0.008270759205547512
2019-05-08,-0.010446057767813769
2019-05-09,-0.006299784881724824
2019-05-10,-0.00015445925109023196
2019-05-13,-0.006481843544191114
2019-05-14,0.0033342740739806895
2019-05-15,-0.00512421529440195
2019-05-16,0.012725607323462958
2019-05-17,0.014156196945486931
2019-05-20,0.0443725723075907
2019-05-21,-0.0002666666666666667
2019-05-22,0.007712968215730393
2019-05-23,0.0023756717816043305
2019-05-24,0.017442020808276622
2019-05-27,-0.0016750200201513738
2019-05-28,-0.003869413558093871
2019-05-29,-0.010438836771154501
2019-05-30,0.010697595773027611
2019-05-31,0.002511758923522163
2019-06-03,0.017235864371991354
2019-06-04,-0.008006025650907607
2019-06-06,-0.008170161670240109
2019-06-07,0.0017197858942987788
2019-06-10,0.0001384542072112295
2019-06-11,0.003754951971466625
2019-06-12,-0.007052432893034178
2019-06-13,0.003739959625526977
2019-06-14,-0.010756809234165733
2019-06-17,-0.015252596117190724
2019-06-18,0.0051310183408988675
2019-06-19,-0.00772313708680833
2019-06-20,-0.00031999999999999997
2019-06-21,-0.003512277391914594
2019-06-24,-0.000173842173175415
2019-06-25,0.0066091747383299395
2019-06-26,0.008776502881279893
2019-06-27,0.002523395261713193
2019-06-28,-0.002895703843706109
2019-07-01,-0.0013225553036597835
2019-07-02,0.007901302305009258
2019-07-03,0.0015411639273337756
2019-07-04,0.008663560973564537
2019-07-05,-0.01370780124671019
2019-07-08,-0.03317006553823559
2019-07-09,-0.001355508388865064
2019-07-10,-0.011732738495951921
2019-07-11,0.005678169352111145
2019-07-12,-0.004720935118355659
2019-07-15,0.00203299754675547
2019-07-16,0.006852131388112461
2019-07-17,0.0002424118902631683
2019-07-18,-0.009690727824689173
2019-07-19,-0.00021333333333333333
2019-07-22,-0.004927798846308265
2019-07-23,0.002812955401014554
2019-07-24,-0.009724126966615718
2019-07-25,-0.004891227473266087
2019-07-26,0.010564596700041146
2019-07-29,-0.006557643927058419
2019-07-30,-0.009332528667522325
2019-07-31,0.0007220345763129517
2019-08-01,-0.01217216000558759
2019-08-02,0.0010705349746838668
2019-08-05,-0.01501107479106824
2019-08-06,0.015369747753868663
2019-08-07,-0.012077200329446673
2019-08-08,0.016251351846711903
2019-08-09,0.005872895605605592
2019-08-13,-0.029018531106687537
2019-08-14,0.017397331343341118
2019-08-16,0.004543125527374241
2019-08-19,0.0001319700414309427
2019-08-20,-0.007747407003017299
2019-08-21,-0.00031999999999999997
2019-08-22,-0.020230616598870495
2019-08-23,0.013836720748220985
2019-08-26,0.02223614515750659
2019-08-27,0.005928082157075055
2019-08-28,-0.0023254609172981087
2019-08-29,-0.008866167790659601
2019-08-30,0.005641257133957257
2019-09-03,-0.023759200293577365
2019-09-04,0.004353583639578547
2019-09-05,0.002241312165512276
2019-09-06,0.009128072873366927
2019-09-09,0.005057782608955275
2019-09-11,-0.0006929304830320916
2019-09-12,-0.004447165117888088
2019-09-13,0.012699284787145947
2019-09-16,-0.0067569296166221345
2019-09-17,-0.012159321925982451
2019-09-18,0.007630762488436832
2019-09-19,-0.010437265143096917
2019-09-20,0.052873398163518756
2019-09-23,-0.00042666666666666667
2019-09-24,-0.007597124074911609
2019-09-25,-3.0036386373267793e-05
2019-09-26,0.017309630879553957
2019-09-27,0.0033178170543565356
2019-09-30,-0.00035809199366733244
2019-10-01,-0.01495506022983719
2019-10-03,-0.002965194911802816
2019-10-04,-0.016724446599796033
2019-10-07,-0.00455205947694417
2019-10-09,0.023630413791514846
2019-10-10,-0.0053860990824567
2019-10-11,0.010020723869280775
2019-10-14,0.00574853173406035
2019-10-15,0.009156336625026455
2019-10-16,0.009228355600804376
2019-10-17,0.010912960425193506
2019-10-18,0.01220764579212807
2019-10-22,0.0030992958717852097
2019-10-23,-0.004456072260916961
2019-10-24,0.003493561202984709
2019-10-25,-0.0002666666666666667
2019-10-29,0.0032887414382507846
2019-10-30,0.004003385145636446
2019-10-31,0.004279609705739901
2019-11-01,-0.006264528918042937
2019-11-04,-0.00011802193661341302
2019-11-05,-0.003942266591638096
2019-11-06,-0.0035240317523245164
2019-11-07,0.004099880896159577
2019-11-08,-0.011102829062578728
2019-11-11,0.001991623482590153
2019-11-13,-0.004553877245610506
2019-11-14,0.0074255765995721
2019-11-15,-0.002994678185269782
2019-11-18,-3.80050845360673e-05
2019-11-19,-0.0063837406321795975
2019-11-20,0.004826251392659095
2019-11-21,-0.001551565372586702
2019-11-22,-0.006823209158525026
2019-11-25,0.011980332116360515
2019-11-26,-0.0009046289465255897
2019-11-27,-0.00016
2019-11-28,0.0049173279683808755
2019-11-29,-0.004577432258988547
2019-12-02,-0.004339095897962882
2019-12-03,-0.00023971950193288046
2019-12-04,0.011114329262464159
2019-12-05,-0.005546434172285622
2019-12-06,-0.004886484057202404
2019-12-09,-0.0022955958737810433
2019-12-10,-0.0038759222693802785
2019-12-11,0.004371637586165603
2019-12-12,0.00812255202926019
2019-12-13,2.5674683352241436e-05
2019-12-16,-0.0057424936227268115
2019-12-17,0.006649489730401099
2019-12-18,-0.002461591374407139
2019-12-19,0.006214174796631234
2019-12-20,0.009014075223701169
2019-12-23,0.00011588528792073774
2019-12-24,-0.0034545279504373323
2019-12-26,-0.0022799110842256025
2019-12-27,-0.00016
2019-12-30,0.0011788548199834395
2019-12-31,-0.005459471627911312
2020-01-01,0.00019583306367095335
2020-01-02,0.00724132033503331
2020-01-03,-0.006019518012749999
2020-01-06,-0.020924765936321157
2020-01-07,0.00467360788687439
2020-01-08,0.0021024724605617122
2020-01-09,0.0170067102388014
2020-01-10,0.0033990937651488303
2020-01-13,0.00801550365459389
2020-01-14,0.008912019298881128
2020-01-15,0.003462407936063657
2020-01-16,0.006395774057836486
2020-01-17,0.00852883972021199
2020-01-20,-0.004087497820069836
2020-01-21,-0.002594759245279887
2020-01-22,0.00041943756125090354
2020-01-23,0.00891835591820805
2020-01-24,0.001329100171980609
2020-01-27,-0.00021333333333333333
2020-01-28,-0.004382432975019894
2020-01-29,0.0055962629768253145
2020-01-30,-0.004321195806933537
2020-01-31,-0.005498193905963663
2020-02-03,-0.004539488865030959
2020-02-04,0.011745062336524975
2020-02-05,0.010689515755224501
2020-02-06,0.009288452155654551
2020-02-07,0.00047954625938815025
2020-02-10,-0.0035446954603817445
2020-02-11,0.0022521242321785558
2020-02-12,0.004957669273858024
2020-02-13,0.001799261842039421
2020-02-14,0.002819395914054801
2020-02-17,-0.008673002336914624
2020-02-18,-0.0031005178091137123
2020-02-19,0.012493050127826585
2020-02-20,-0.005459773237837688
2020-02-24,-0.024115734960999835
2020-02-25,-0.006368352997612445
2020-02-26,-0.00016
2020-02-27,-0.0016285379447001512
2020-02-28,-0.03652996832641459
2020-03-02,-0.0046217716909230724
2020-03-03,0.019430617293626315
2020-03-04,-0.003015825345710281
2020-03-05,0.00027781623488468154
2020-03-06,-0.020424690685462658
2020-03-09,-0.04147587315089576
2020-03-11,-0.004983528573875154
2020-03-12,-0.08403174988674855
2020-03-13,0.025364417000043937
2020-03-16,-0.0588781796648913
2020-03-17,-0.02725712543077236
2020-03-18,-0.07314838992038056
2020-03-19,-0.04422487594385978
2020-03-20,0.06573785617468125
2020-03-23,-0.160800055002108
2020-03-24,0.04011859064114977
2020-03-25,0.06585865550179147
2020-03-26,0.0371914890391064
2020-03-27,-0.0002666666666666667
2020-03-30,-0.022899159712647037
2020-03-31,0.047743437973335454
2020-04-01,-0.03945821137937239
2020-04-03,-0.005183094349188273
2020-04-07,0.08420266089056147
2020-04-08,0.00466128332928669
2020-04-09,0.02612120454549483
2020-04-13,-0.01321147919548095
2020-04-15,0.01889909810209605
2020-04-16,0.008154744259485664
2020-04-17,0.007902414263031265
2020-04-20,-0.002844940929484398
2020-04-21,-0.03091622154968187
2020-04-22,0.017404275759867596
2020-04-23,0.004219612190311368
2020-04-24,-0.022781688884195926
2020-04-27,0.02517080916118902
2020-04-28,0.008408545809131208
2020-04-29,0.009511030353832585
2020-04-30,0.013566387075408203
2020-05-04,-0.00042666666666666667
2020-05-05,-0.00655211550027519
2020-05-06,0.0010227210268641703
2020-05-07,-0.007057797100484266
2020-05-08,0.015873169633351343
2020-05-11,0.0011745272836560783
2020-05-12,-0.00565479404857052
2020-05-13,0.0018290598616954278
2020-05-14,-0.016063780909541282
2020-05-15,0.0012941720780161696
2020-05-18,-0.011034313688699194
2020-05-19,0.011884677702484704
2020-05-20,0.014086502423696131
2020-05-21,0.001611058302364315
2020-05-22,0.005557830750701448
2020-05-26,-0.006687349511662521
2020-05-27,0.01170311060288891
2020-05-28,0.006607551503313313
2020-05-29,0.012704281706055042
2020-06-01,0.010327799532169819
2020-06-02,0.006045778046791523
2020-06-03,-0.00016
2020-06-04,0.012378388730229726
2020-06-05,-0.0017371471803931252
2020-06-08,-0.0033852503626255913
2020-06-09,0.0002704631187544293
2020-06-10,0.0012239497602462065
2020-06-11,-0.015078850206011202
2020-06-12,0.004770596037919129
2020-06-15,-0.002605935587943455
2020-06-16,-0.002567684628970386
2020-06-17,9.468742347984059e-05
2020-06-18,0.0033633475257527625
2020-06-19,0.00821117565111262
2020-06-22,0.007535356935575254
2020-06-23,0.013383510305179595
2020-06-24,-0.011978796024816775
2020-06-25,-0.0027340333140816533
2020-06-26,0.00661568242541366
2020-06-29,-0.0015318621183643207
2020-06-30,-0.002295134525838769
2020-07-01,-0.007917722606149376
2020-07-02,-5.333333333333335e-05
2020-07-03,0.009648699723014088
2020-07-06,0.0068683967580488985
2020-07-07,0.0050084725159279956
2020-07-08,-0.0053568100994703495
2020-07-09,0.004488221792202189
2020-07-10,0.00650942712559758
2020-07-13,0.011270064793745442
2020-07-14,-0.010640336649762447
2020-07-15,0.005285344275635326
2020-07-16,0.020120828669296136
2020-07-17,0.007279408617227403
2020-07-20,0.009910885168426078
2020-07-21,-0.00666095062810698
2020-07-22,-0.009690727619821307
2020-07-23,0.00754565022130981
2020-07-24,0.002726583094423261
2020-07-27,0.005116408136020453
2020-07-28,0.010342135453067863
2020-07-29,0.002113641362694497
2020-07-30,0.006698839574996371
2020-07-31,-5.333333333333335e-05
2020-08-03,-0.008119255223690646
2020-08-04,0.012751372349878238
2020-08-05,0.0005194846630757787
2020-08-06,0.014225323168853941
2020-08-07,0.00286179137613377
2020-08-10,0.01881681492251073
2020-08-11,-0.0058559652596706655
2020-08-12,-0.0013141805540476815
2020-08-13,6.7848346395736766e-06
2020-08-14,-0.004425346189899811
2020-08-17,0.007098849165611298
2020-08-18,0.003778625481241349
2020-08-19,-0.002081518819734441
2020-08-20,-0.003888996115666932
2020-08-21,0.0036105134002978375
2020-08-24,-0.0013297525716300378
2020-08-25,-0.005017849596461082
2020-08-26,0.006337217389570173
2020-08-27,0.0018534483975110154
2020-08-28,-0.0014563407074013467
2020-08-31,-5.333333333333335e-05
2020-09-01,0.013483875770586119
2020-09-02,0.004106249933937819
2020-09-03,0.007850761017990133
2020-09-04,-0.01579636527993683
2020-09-07,0.000588972528893785
2020-09-08,-0.005003647451185096
2020-09-09,0.006821300035687353
2020-09-10,0.00667310406382047
2020-09-11,0.0052299726373036155
2020-09-14,0.007920816213510283
2020-09-15,0.006894517045587003
2020-09-16,0.012037427687789586
2020-09-17,0.0005694806833236479
2020-09-18,0.01694263689233899
2020-09-21,-0.03108733791013666
2020-09-22,0.001766486254667084
2020-09-23,-0.010054611582029468
2020-09-24,-0.025903700618965696
2020-09-25,0.02843464225483215
2020-09-28,0.008512794763549804
2020-09-29,-0.00021333333333333333
2020-09-30,0.0007737296478409375
2020-10-01,0.004972660533967788
2020-10-05,0.014664078648053256
2020-10-06,0.0023050710159049975
2020-10-07,0.007318976134054191
2020-10-08,0.010119302632065674
2020-10-09,-0.0027121135011572185
2020-10-12,0.004831962179349709
2020-10-13,-0.0020426833125379742
2020-10-14,-0.0033316828831267695
2020-10-15,-0.01856285681320466
2020-10-16,0.0014646473896507578
2020-10-19,-0.006192610820517404
2020-10-20,0.0012952991217615626
2020-10-21,-0.009806607427387603
2020-10-22,-0.004671032771281922
2020-10-23,0.006699388738867246
2020-10-26,-0.018981423222501497
2020-10-27,0.010880420752738987
2020-10-28,-0.004688548750019655
2020-10-29,-0.00021333333333333333
2020-10-30,0.003747798038351887
2020-11-02,-0.009916666503082103
2020-11-03,0.008438069089543608
2020-11-04,0.01173196661642303
2020-11-05,0.01683260229363449
2020-11-06,0.00207171406320205
2020-11-09,0.010525154328790857
2020-11-10,-0.020218279761199377
2020-11-11,0.024252324969983884
2020-11-12,0.00014333133599790443
2020-11-13,0.012376646885989068
2020-11-17,0.004018538923062681
2020-11-18,0.005322905207406219
2020-11-19,-0.00930694469462119
2020-11-20,0.006416353365600477
2020-11-23,0.01751591394971489
2020-11-24,0.005729851860076474
2020-11-25,-0.017922030854346988
2020-11-26,0.01833258154866777
2020-11-27,-0.0019121855737697087
2020-12-01,-0.0002666666666666667
2020-12-02,0.013849956781736856
2020-12-03,0.008461640534154028
2020-12-04,0.007134632904288369
2020-12-07,0.0011805625924161773
2020-12-08,-0.0016654873261415467
2020-12-09,0.0002989502634705754
2020-12-10,-0.005637568891972979
2020-12-11,-0.0032517125020574845
2020-12-14,-0.003505474992665682
2020-12-15,0.01135036457673529
2020-12-16,0.007477377125325153
2020-12-17,-0.002551658798182975
2020-12-18,0.0010959727635320837
2020-12-21,-0.03510228160626658
2020-12-22,0.024343472969940154
2020-12-23,0.01835109569879235
2020-12-24,-0.0001754592333914019
2020-12-28,0.008974962644355848
2020-12-29,0.0009150199382779747
2020-12-30,0.010554095917146863
2020-12-31,-0.00021333333333333333
2021-01-01,0.004141094575906152
2021-01-04,0.021536561836069248
2021-01-05,0.00045566247349440955
2021-01-06,0.0016049206935481555
2021-01-07,0.013655014682117725
2021-01-08,0.01534972131087975
2021-01-11,0.005735954431334678
2021-01-12,-4.5663692510171806e-05
2021-01-13,0.005333626411497385
2021-01-14,-0.005106369513797917
2021-01-15,-0.012528406189944871
2021-01-18,-0.025782623456140318
2021-01-19,0.020283839175392438
2021-01-20,0.013575128249914581
2021-01-21,-0.010304272738147635
2021-01-22,-0.017724616056231143
2021-01-25,-0.0014611995554822395
2021-01-27,-0.014169355125083357
2021-01-28,-0.010809385906500815
2021-01-29,-0.016779255713077763
2021-02-01,-0.0001066666666666667
2021-02-02,0.021549275702338118
2021-02-03,0.016225369812943768
2021-02-04,0.0039017282808227645
2021-02-05,0.0030106973023644548
2021-02-08,0.020667525370674376
2021-02-09,-0.00024174391546363534
2021-02-10,0.003759893882195402
2021-02-11,0.0051448468291433735
2021-02-12,0.0020743589450865087
2021-02-15,0.011744538931507292
2021-02-16,0.008141065515041363
2021-02-17,-0.007406312038198262
2021-02-18,0.002960530721479118
2021-02-19,-0.01607104965013821
2021-02-22,-0.0069939937543279165
2021-02-23,0.009528231293821009
2021-02-24,0.010135057889612506
2021-02-25,0.013260642075187018
2021-02-26,-0.0329025694362272
2021-03-01,0.020139464541983985
2021-03-02,-0.00031999999999999997
2021-03-03,0.028548672586735012
2021-03-04,-0.010450303997271152
2021-03-05,-0.022312340273515835
2021-03-08,0.00021396108398176374
2021-03-09,0.0010987519477325845
2021-03-10,0.01141326745801142
2021-03-12,-0.007602231392664789
2021-03-15,-0.0003918746804732234
2021-03-16,-0.0036094107579964954
2021-03-17,-0.02043261031589708
2021-03-18,-0.0048561971803399865
2021-03-19,0.011870954978889164
2021-03-22,0.005538447596320106
2021-03-23,0.009959449177736493
2021-03-24,-0.027997776317332124
2021-03-25,-0.013076264132011479
2021-03-26,0.01911387186420998
2021-03-30,0.01829024745125785
2021-03-31,0.00027702807565671426
2021-04-01,0.032680957964056775
2021-04-05,-5.333333333333335e-05
2021-04-06,0.014026589831682361
2021-04-07,0.009461116469387862
2021-04-08,0.015005145765038624
2021-04-09,-0.00488261273329839
2021-04-12,-0.061329755024507944
2021-04-13,0.023867031508144506
2021-04-15,0.003951037369318842
2021-04-16,0.010752253331331181
2021-04-19,-0.019397795975038334
2021-04-20,0.004020845963956136
2021-04-22,0.011292166873100072
2021-04-23,-0.006682175911726997
2021-04-26,0.015392871192227302
2021-04-27,0.020940676461669753
2021-04-28,0.015074972431111989
2021-04-29,0.01942056546379851
2021-04-30,-0.00978343916560076
2021-05-03,0.011178570841262241
2021-05-04,-0.0033184302455095986
2021-05-05,0.007527482131568949
2021-05-06,-0.0001066666666666667
2021-05-07,0.01637604593739525
2021-05-10,0.011694772920121785
2021-05-11,-0.0025667730632599035
2021-05-12,-0.020491219767988754
2021-05-14,-0.017445063789254867
2021-05-17,0.028313353045017697
2021-05-18,0.017283964612468873
2021-05-19,-0.008349836381817632
2021-05-20,-0.011495166453843993
2021-05-21,0.015146400427529648
2021-05-24,-0.0015494083302370575
2021-05-25,0.003119194571039582
2021-05-26,0.004629662306756922
2021-05-27,0.004713214841346652
2021-05-28,0.0006704384416264862
2021-05-31,0.009884479897314332
2021-06-01,0.0059272097271501475
2021-06-02,0.011118063271589313
2021-06-03,0.011000246943654795
2021-06-04,0.011006130947073296
2021-06-07,-0.00016
2021-06-08,-0.004840964660677618
2021-06-09,-0.012233167863963513
2021-06-10,0.014752060608023011
2021-06-11,0.004097291612954675
2021-06-14,-0.006680031734201453
2021-06-15,-0.0003979250433954267
2021-06-16,-0.018878605165125652
2021-06-17,-0.019889927656457668
2021-06-18,0.005485210243350441
2021-06-21,0.010110437204370807
2021-06-22,0.002088075762135836
2021-06-23,-0.006883187994846197
2021-06-24,0.002951534945980366
2021-06-25,0.016405263537197023
2021-06-28,0.0040291323262822785
2021-06-29,-0.005344358622979724
2021-06-30,-0.005678563633266409
2021-07-01,-0.0006715333905344057
2021-07-02,-0.003907834462957792
2021-07-05,0.008336556454360615
2021-07-06,-0.00021333333333333333
2021-07-07,0.009526718242924774
2021-07-08,-0.012631307318711402
2021-07-09,0.011418066900394519
2021-07-12,0.0044264256321425435
2021-07-13,0.005036996099551504
2021-07-14,0.005061999484657644
2021-07-15,0.0059046746631871315
2021-07-16,0.0020041554491534433
2021-07-19,-0.006575225705793649
2021-07-20,-0.011062679476042274
2021-07-22,0.024020997163893117
2021-07-23,-0.002869360829348332
2021-07-26,0.0034829084632775767
2021-07-27,0.002860757852230828
2021-07-28,0.003592278749839557
2021-07-29,0.019596439857141955
2021-07-30,-0.0066165175360617876
2021-08-02,0.007075968237528028
2021-08-03,0.008700710998794253
2021-08-04,-0.005309283214666007
2021-08-05,-5.333333333333335e-05
2021-08-06,0.004667324016580567
2021-08-09,-0.01083877939740643
2021-08-10,-0.011025816553819963
2021-08-11,0.00950933328334731
2021-08-12,0.004837678488488113
2021-08-13,0.005509734494294108
2021-08-16,0.00695510454542384
2021-08-17,0.006681685843090031
2021-08-18,0.0017304829884320742
2021-08-20,-0.02918376527164442
2021-08-23,-0.0058370756523713554
2021-08-24,0.02395148819589695
2021-08-25,0.0003337159731254544
2021-08-26,-0.005453857827246524
2021-08-27,0.012284481637445931
2021-08-30,0.01520086320407975
2021-08-31,0.020039986674246665
2021-09-01,-0.006286609030597998
2021-09-02,0.004961627158750575
2021-09-03,0.006658356861673894
2021-09-06,-0.00021333333333333333
2021-09-07,-0.007616972938756737
2021-09-08,-0.0035225788769949586
2021-09-09,0.0009720271949704341
2021-09-13,0.005671463560999163
2021-09-14,-0.001589659250968189
2021-09-15,0.0070140350139865654
2021-09-16,-0.0028278188061317566
2021-09-17,-0.010128272657373675
2021-09-20,-0.02956125235159002
2021-09-21,0.01762964574779299
2021-09-22,0.007130710447666261
2021-09-23,0.01670833393560238
2021-09-24,-0.012699628154713137
2021-09-27,-0.007799217982617512
2021-09-28,-0.012229524942871668
2021-09-29,0.009305362592795574
2021-09-30,-0.00506486764055146
2021-10-01,-0.0006535002543806298
2021-10-04,0.019208095455593585
2021-10-05,-0.0015622259982055876
2021-10-06,-0.0002666666666666667
2021-10-07,0.014824983347617721
2021-10-08,0.002808254705046212
2021-10-11,0.001526262104352971
2021-10-12,0.009300374647010983
2021-10-13,0.011425606257399412
2021-10-14,0.012670867441882437
2021-10-18,0.011087230388727661
2021-10-19,-0.009526481134829602
2021-10-20,-0.015099748026252557
2021-10-21,-0.012984746364177124
2021-10-22,-0.014290950162446607
2021-10-25,-0.007738543936245919
2021-10-26,0.021061118364090747
2021-10-27,0.0016298432210906325
2021-10-28,-0.01991591004800059
2021-10-29,-0.0068247517219393
2021-11-01,0.016837542117562266
2021-11-02,-0.004180896312291513
2021-11-03,0.006205574052029246
2021-11-04,0.0016610280174675397
2021-11-08,-0.0002666666666666667
2021-11-09,-0.0005315500123947621
2021-11-10,-0.005769793318101967
2021-11-11,-0.009793112874548215
2021-11-12,0.01337356081985022
2021-11-15,-0.0015045035468900791
2021-11-16,-0.005516593328497427
2021-11-17,0.006296589620269557
2021-11-18,-0.013491684027862844
2021-11-22,-0.02256336456978703
2021-11-23,0.013362127707114722
2021-11-24,0.002963613658478833
2021-11-25,0.004874505331726521
2021-11-26,-0.032661629386914984
2021-11-29,0.0008707870660081238
2021-11-30,-0.00131967338173516
2021-12-01,0.002570465582320942
2021-12-02,0.0168626353349554
2021-12-03,-0.00925416227586355
2021-12-06,-0.01963628238325524
2021-12-07,0.014431073677124233
2021-12-08,-0.0002666666666666667
2021-12-09,0.0007027213548647039
2021-12-10,-0.0010302564638522168
2021-12-13,-0.00938666385294057
2021-12-14,-0.0025693196994668573
2021-12-15,-0.010131638538851507
2021-12-16,0.00702691932281191
2021-12-17,-0.02201067279219551
2021-12-20,-0.026751053769812884
2021-12-21,0.013306824883369933
2021-12-22,0.01125089464799062
2021-12-23,0.013353233501985109
2021-12-24,-0.004697773060446056
2021-12-27,0.003941413394057063
2021-12-28,0.011675338936882468
2021-12-29,-0.000886082246913965
2021-12-30,0.0024454700763453865
2021-12-31,0.0068319277328705045
2022-01-03,0.015082207937517213
2022-01-04,0.013250857924659564
2022-01-05,0.00601413637104336
2022-01-06,-0.0002666666666666667
2022-01-07,0.0042692656266555004
2022-01-10,0.007340335956281566
2022-01-11,0.0036547837583236725
2022-01-12,0.00889502158039294
2022-01-13,0.0003510948931223858
2022-01-14,-0.0013781408129503693
2022-01-17,0.0006855280273412971
2022-01-18,-0.01857154068318511
2022-01-19,-0.00708770168903731
2022-01-20,-0.003527684099894683
2022-01-21,-0.015758694888512302
2022-01-24,-0.031539108515996686
2022-01-25,0.0019461505751020441
2022-01-27,-0.018886045583399097
2022-01-28,0.0011175659693095303
2022-01-31,0.019795431814024114
2022-02-01,0.013392662487364648
2022-02-02,0.01296537330577923
2022-02-03,-0.014643364027480349
2022-02-04,0.0010980198199686132
2022-02-07,-0.0001066666666666667
2022-02-08,6.65280920128438e-05
2022-02-09,0.013823734376831006
2022-02-10,0.008133991442329892
2022-02-11,-0.017005575924226746
2022-02-14,-0.029409224800335608
2022-02-15,0.02996435429809803
2022-02-16,-0.0030698561099208725
2022-02-17,-0.0006151523827459936
2022-02-18,-0.0050768166137677385
2022-02-21,-0.008584565267256926
2022-02-22,-0.00040490926029844806
2022-02-23,0.0003787310696879611
2022-02-24,-0.045394287334627935
2022-02-25,0.03208169388493668
2022-02-28,0.020273681065364407
2022-03-02,-0.0033643777664084727
2022-03-03,0.005545828126817604
2022-03-04,-0.018012008604528243
2022-03-07,-0.007608332189409995
2022-03-08,0.006538992624257662
2022-03-09,-0.00031999999999999997
2022-03-10,0.010235449346019875
2022-03-11,0.004573498504296828
2022-03-14,0.004352948209886756
2022-03-15,-0.01501414599414689
2022-03-16,0.015068521091572551
2022-03-17,0.014564474669967336
2022-03-21,-0.005253794441100542
2022-03-22,0.012355868200025853
2022-03-23,-0.0020399236842904593
2022-03-24,0.0047299888543693705
2022-03-25,-0.008031603368432165
2022-03-28,0.009454405778866148
2022-03-29,-0.0025884700054640986
2022-03-30,-0.002971855051010491
2022-03-31,-0.0011901486167500961
2022-04-01,0.015113884062959472
2022-04-04,0.009938261820490428
2022-04-05,0.008990498825424378
2022-04-06,0.006124786115603849
2022-04-07,-0.013612813808933562
2022-04-08,-0.00016
2022-04-11,-0.0005523544187527734
2022-04-12,-0.014257594652604974
2022-04-13,0.004860769478630653
2022-04-18,-0.0023050534649406195
2022-04-19,-0.010411273681061824
2022-04-20,0.005884221551135146
2022-04-21,0.010188688142740815
2022-04-22,-0.014142555193777133
2022-04-25,-0.023967106485803923
2022-04-26,0.017074867634410844
2022-04-27,-0.012371109472167654
2022-04-28,0.01207396169413878
2022-04-29,-0.017199616269257558
2022-05-02,-0.0024205599690990884
2022-05-04,-0.012654937128807806
2022-05-05,0.00128527710050397
2022-05-06,-0.0012460168616374918
2022-05-09,-0.005902325688387425
2022-05-10,-0.024168760499262882
2022-05-11,-0.004525270465599396
2022-05-12,-0.0002666666666666667
2022-05-13,-0.0038834902388622285
2022-05-16,0.006507038602183838
2022-05-17,0.035365815955366885
2022-05-18,-0.001362814746307373
2022-05-19,-0.02144776986046637
2022-05-20,0.02671675102257453
2022-05-23,-0.020686662245436787
2022-05-24,-0.008820709720506519
2022-05-25,-0.012662682771904795
2022-05-26,0.007927458478169157
2022-05-27,0.0022170190707800084
2022-05-30,0.019398296996635075
2022-05-31,0.002562855713523123
2022-06-01,-0.003207993227625801
2022-06-02,0.005281802123137346
2022-06-03,-0.012613394053237869
2022-06-06,0.0033090002505768044
2022-06-07,-0.009261616583126112
2022-06-08,-0.0056183876842612075
2022-06-09,0.0049524451926789585
2022-06-10,-0.00031999999999999997
2022-06-13,-0.02666500221850243
2022-06-14,0.0048921941580503505
2022-06-15,-0.005756633941271898
2022-06-16,-0.02915863216338659
2022-06-17,-0.012280393395692823
2022-06-20,-0.009653230817552878
2022-06-21,0.02308545843602363
2022-06-22,-0.021262551693910815
2022-06-23,0.011496403305856046
2022-06-24,0.009379855861155237
2022-06-27,0.013591443733141239
2022-06-28,0.005512182952998986
2022-06-29,0.0062117698456202325
2022-06-30,-0.008669576614960296
2022-07-01,-0.007934898642773119
2022-07-04,0.000258569429079107
2022-07-05,0.00023061683522151803
2022-07-06,0.0032616183878998034
2022-07-07,0.009672752934672292
2022-07-08,0.00723030950182609
2022-07-11,-0.00021333333333333333
2022-07-12,-0.007401535767106074
2022-07-13,0.001185124973186788
2022-07-14,0.00241551026862488
2022-07-15,0.007402902227595401
2022-07-18,0.00685197714865725
2022-07-19,0.002293381005343493
2022-07-20,0.00450131521076604
2022-07-21,0.006848476931903312
2022-07-22,0.003383063473024807
2022-07-25,-0.008320706793322884
2022-07-26,-0.0051151007098042
2022-07-27,0.0062669050250040315
2022-07-28,0.0037221669712813165
2022-07-29,0.016942028247109907
2022-08-01,0.020235190743734144
2022-08-02,0.002703377118938518
2022-08-03,-0.001990464819023227
2022-08-04,0.00011946912048429622
2022-08-05,-0.0036953993856382343
2022-08-08,0.009749728886953194
2022-08-10,-0.00016
2022-08-11,-0.003620684730010568
2022-08-12,0.0029032714552345252
2022-08-16,0.01604959650488082
2022-08-17,0.005955307047590159
2022-08-18,0.004845995548117034
2022-08-19,-0.012329581800664223
2022-08-22,-0.008369961855506562
2022-08-23,0.010918750248703462
2022-08-24,0.0014597334202667454
2022-08-25,-0.004947663969463179
2022-08-26,0.004847970581045197
2022-08-29,-0.0010968098850575288
2022-08-30,0.017295082057900864
2022-09-01,-0.0040800993370029015
2022-09-02,-0.0004365779997457691
2022-09-05,0.0029768234203246097
2022-09-06,0.0009016841080997319
2022-09-07,0.00027693340245251184
2022-09-08,0.0025311118696271003
2022-09-09,-0.00020965584673004507
2022-09-12,-0.0002666666666666667
2022-09-13,0.008324554254880776
2022-09-14,0.002734532206433971
2022-09-15,0.0013788722083117838
2022-09-16,-0.01745059467339882
2022-09-19,0.009417507641635917
2022-09-20,0.012552149945366525
2022-09-21,-0.009241617929593484
2022-09-22,0.002178933874797086
2022-09-23,-0.015535438562654828
2022-09-26,-0.025195050812544667
2022-09-27,0.0037196000066602643
2022-09-28,-0.0061395251466770055
2022-09-29,0.0018105976229207898
2022-09-30,0.007572123334446044
2022-10-03,-0.020638224880104257
2022-10-04,0.022940286693507842
2022-10-06,0.001987167613728605
2022-10-07,-0.003980287741004036
2022-10-10,-0.006033844086338301
2022-10-11,-0.019182971584232583
2022-10-12,-0.00021333333333333333
2022-10-13,-0.006538991890759116
2022-10-14,9.759553074365846e-05
2022-10-17,0.010622130928017426
2022-10-18,0.015477055525286325
2022-10-19,-0.003960813494646858
2022-10-20,0.004360065624643859
2022-10-21,-0.0013756919864416758
2022-10-24,0.005536893791279682
2022-10-25,0.0012146839250280809
2022-10-27,0.004516522935028229
2022-10-28,0.0069663550865935306
2022-10-31,0.007547446372915871
2022-11-01,0.010519411484198755
2022-11-02,-0.005518447381885034
2022-11-03,0.001125808541657077
2022-11-04,0.004371625380853502
2022-11-07,0.009330915885310199
2022-11-09,0.002654049263242345
2022-11-10,-0.007841238747213408
2022-11-11,-0.004644895322266818
2022-11-14,-0.00016
2022-11-15,0.004072879006874661
2022-11-16,-0.001984647242673639
2022-11-17,-0.0033157927660517755
2022-11-18,-0.0080320451140184
2022-11-21,-0.0028151307253978554
2022-11-22,0.006449714305142707
2022-11-23,0.0001606620647231666
2022-11-24,0.004835052462377402
2022-11-25,0.003196137327165672
2022-11-28,0.00229386526127288
2022-11-29,0.004141033146529008
2022-11-30,0.009269923652898686
2022-12-01,-0.001457946947897869
2022-12-02,-0.008499405145349165
2022-12-05,0.004505326903978604
2022-12-06,-0.0012680288414125822
2022-12-07,-0.0036315230579063557
2022-12-08,0.005668534391226365
2022-12-09,0.00016726845721477465
2022-12-12,0.0012132389821108444
2022-12-13,-0.00021333333333333333
2022-12-14,0.0035864330107414875
2022-12-15,-0.009923926385589763
2022-12-16,-0.01165972730339412
2022-12-19,0.013751976939788902
2022-12-20,-0.002715542046285377
2022-12-21,-0.015291290684702944
2022-12-22,-0.010023630386841531
2022-12-23,-0.02306203483894898
2022-12-26,0.01830648326040313
2022-12-27,0.004696605269576427
2022-12-28,0.004035323276458576
2022-12-29,0.0024970261618499708
2022-12-30,-0.0021601463489165653
2023-01-02,0.0012016998203859617
2023-01-03,0.0016795758749103794
2023-01-04,-0.008222506694962156
2023-01-05,-0.0014551015174488178
2023-01-06,-0.0071934572904069636
2023-01-09,0.007607944079291096
2023-01-10,-0.00941003246510137
2023-01-11,-0.00021333333333333333
2023-01-12,0.0006247898699278509
2023-01-13,0.007198993519159002
2023-01-16,-0.006856641930077059
2023-01-17,0.00529895254422454
2023-01-18,0.004221868220775041
2023-01-19,-0.005429109663023176
2023-01-20,-0.006457200749397502
2023-01-23,-0.0005254223331188554
2023-01-24,-0.005242840431153774
2023-01-25,-0.013950806272115852
2023-01-27,-0.0250586336800455
2023-01-30,0.0022700778139413385
2023-01-31,0.007504122259138957
2023-02-01,-0.027911334217305867
2023-02-02,-0.009900210125132052
2023-02-03,0.013713087163267265
2023-02-06,-0.0007302095589441713
2023-02-07,0.00708331512221989
2023-02-08,0.01779844321602676
2023-02-09,-0.005709531511417852
2023-02-10,-0.0002666666666666667
2023-02-13,-0.0072939485015768015
2023-02-14,0.0023549765825811976
2023-02-15,0.0025043916340725995
2023-02-16,0.006745081098872979
2023-02-17,-0.003960937291848913
2023-02-20,-0.006504370363379139
2023-02-21,-0.007143664629456057
2023-02-22,-0.02220604983609506
2023-02-23,0.0008682388817965888
2023-02-24,-0.006282642735277201
2023-02-27,-0.010376777370717832
2023-02-28,-0.0009718684231833309
2023-03-01,0.022719639444218627
2023-03-02,0.0016073934878956006
2023-03-03,0.020216923083345186
2023-03-06,0.005693633223638673
2023-03-08,0.0060955319819219
2023-03-09,-0.00411579066926717
2023-03-10,-0.009318150701643498
2023-03-13,-0.01869768083968514
2023-03-14,-0.00042666666666666667
2023-03-15,-0.0042024425773975705
2023-03-16,0.0018702627283457298
2023-03-17,0.0053430536960953345
2023-03-20,-0.004195977040767729
2023-03-21,0.0015112488691698361
2023-03-22,0.0009737662064022011
2023-03-23,-0.001004884557993928
2023-03-24,-0.008611063595668421
2023-03-27,-0.000857126202414463
2023-03-28,-0.003123125328695712
2023-03-29,0.011031838038133922
2023-03-31,0.00991160734378902
2023-04-03,0.004618364412392575
2023-04-05,0.00609014246169087
2023-04-06,0.0008119586830880022
2023-04-10,0.005675867683009657
2023-04-11,0.0027830479796928124
2023-04-12,-0.0004709775535007037
2023-04-13,-0.00144302343098454
2023-04-17,-0.0029002878827888525
2023-04-18,-0.00016
2023-04-19,-0.004152897544076566
2023-04-20,-0.0010023018020923124
2023-04-21,0.0033441770039959206
2023-04-24,0.003247988091706553
2023-04-25,0.0013669153103292354
2023-04-26,0.00455089222714743
2023-04-27,0.005136078241512279
2023-04-28,0.00793054232802795
2023-05-02,0.0050183562727760134
2023-05-03,-0.0026956667052963554
2023-05-04,0.0048799715725002645
2023-05-05,-0.003185257595682244
2023-05-08,0.0060535668934261514
2023-05-09,0.001432154995559937
2023-05-10,0.002134696283528955
2023-05-11,-0.005478544175659522
2023-05-12,-0.006221813205803937
2023-05-15,0.005856297575897335
2023-05-16,0.00018495059113710224
2023-05-17,-0.003470499295685927
2023-05-18,-0.0002666666666666667
2023-05-19,-0.0016669594269315183
2023-05-22,0.006896755286421546
2023-05-23,0.0013681115921314235
2023-05-24,0.0010010147603761272
2023-05-25,0.003572795638290931
2023-05-26,0.0056416186582762705
2023-05-29,-0.0004884329767348126
2023-05-30,0.001073530266298733
2023-05-31,-0.0035707037543726604
2023-06-01,-0.0005052097908709075
2023-06-02,0.004564502367618951
2023-06-05,0.001817558387384657
2023-06-06,0.001963604332478398
2023-06-07,0.013949053641879235
2023-06-08,0.00013273175373747697
2023-06-09,-0.0022615377078156365
2023-06-12,0.004869179792226805
2023-06-13,0.005226444234403053
2023-06-14,0.005496319821674766
2023-06-15,0.00291898205597303
2023-06-16,-0.0002666666666666667
2023-06-19,-0.006231639466183761
2023-06-20,0.0033850758342166844
2023-06-21,0.0022352501793973137
2023-06-22,-0.005870679392067913
2023-06-23,-0.00768183753373953
2023-06-26,0.0011476219828685113
2023-06-27,0.002674120666623726
2023-06-28,0.008765398363685284
2023-06-30,0.010944867495068355
2023-07-03,0.006132744329688852
2023-07-04,-0.0019042204739865235
2023-07-05,0.014254885566162195
2023-07-06,0.010900027376754292
2023-07-07,-0.012543936815380512
2023-07-10,-0.006161667650894026
2023-07-11,0.006969325818591798
2023-07-12,-0.0025410604437152667
2023-07-13,-0.005413434593427212
2023-07-14,0.0027106544715075785
2023-07-17,0.001654923196346935
2023-07-18,-0.0003733333333333333
2023-07-19,0.004986904377678649
2023-07-20,0.0051205946071210505
2023-07-21,-0.0030201515772391493
2023-07-24,2.0463856356670983e-05
2023-07-25,0.0042527243181219926
2023-07-26,0.0021781609037597434
2023-07-27,-0.00899864015363399
2023-07-28,0.00848103000754859
2023-07-31,0.005498665535631288
2023-08-01,-0.0018401898561980416
2023-08-02,-0.006564396445573904
2023-08-03,-0.0075282834097282056
2023-08-04,-0.0029338162846393578
2023-08-07,0.0017612942522166675
2023-08-08,-0.003872363258279275
2023-08-09,0.007017107499809093
2023-08-10,-0.003325464467345745
2023-08-11,-0.00017174477177117148
2023-08-14,-0.0021708006926100115
2023-08-16,0.009021672815378072
2023-08-17,-0.00021333333333333333
2023-08-18,-0.005800497494553183
2023-08-21,0.005992060104338034
2023-08-22,0.0023611486619279755
2023-08-23,0.00012067179229576527
2023-08-24,-0.0004948736101795056
2023-08-25,-0.004974680255300438
2023-08-28,0.0019739603232374805
2023-08-29,0.004724721772741494
2023-08-30,0.0008204827527379366
2023-08-31,-0.007136838768978209
2023-09-01,0.010168546992146114
2023-09-04,0.0008701211417905991
2023-09-05,0.004805681326316957
2023-09-06,0.0027629777918281887
2023-09-07,0.0013792955693142125
2023-09-08,0.003842313182555189
2023-09-11,0.008553408748315615
2023-09-12,-0.005411650739441145
2023-09-13,0.004225515442074324
2023-09-14,0.005757786757628988
2023-09-15,-0.00042666666666666667
2023-09-18,0.003623074567121796
2023-09-20,-0.007763928142335239
2023-09-21,-0.0058938647346394
2023-09-22,-0.003543915395659101
2023-09-25,-0.002718714000809856
2023-09-26,0.00022946052339335135
2023-09-27,0.004038770959126404
2023-09-28,-0.013241464999354535
2023-09-29,0.011369685867912368
2023-10-03,-0.007038542008411416
2023-10-04,-0.009653814765298797
2023-10-05,0.0031668228181273507
2023-10-06,0.007904739952335257
2023-10-09,-0.009778282026266153
2023-10-10,0.00729099751672159
2023-10-11,0.007182157499701667
2023-10-12,-0.00018372252559581022
2023-10-13,-0.0009121866715462194
2023-10-16,-6.684834527639894e-05
2023-10-17,0.0040900969740982635
2023-10-18,-0.00016
2023-10-19,0.005582548497977638
2023-10-20,-0.006299622144726822
2023-10-23,-0.016080547295612584
2023-10-25,-0.01040037480487544
2023-10-26,-0.015888935977349587
2023-10-27,0.012460005255722441
2023-10-30,0.0006535662437388232
2023-10-31,0.0003665837967969581
2023-11-01,-0.008436866255185617
2023-11-02,0.00350844703278306
2023-11-03,0.004579191100828654
2023-11-06,0.012832140879081667
2023-11-07,-0.0003834833110442764
2023-11-08,0.005779247849346303
2023-11-09,0.0037845860696019244
2023-11-10,-0.0018457679257032357
2023-11-13,0.007616133109409393
2023-11-15,0.005098108313693761
2023-11-16,0.006644145386743357
2023-11-17,0.006514441654567325
2023-11-20,-0.00021333333333333333
2023-11-21,0.004319432993967974
2023-11-22,0.001111859112971066
2023-11-23,-0.0004518385044610691
2023-11-24,0.000589831958355164
2023-11-28,0.014296707384373159
2023-11-29,0.008204547952706228
2023-11-30,0.005960522528666722
2023-12-01,0.0026561270638552383
2023-12-04,0.01962566989651679
2023-12-05,0.01431863352558153
2023-12-06,-0.003647372852264048
2023-12-07,0.0006512339046389116
2023-12-08,-0.0023884792022833626
2023-12-11,0.0015916084849288963
2023-12-12,-0.005560016299034923
2023-12-13,0.009853341574138813
2023-12-14,0.008814058584380523
2023-12-15,0.010333251857261368
2023-12-18,0.0014798005081624916
2023-12-19,0.003671730234366871
2023-12-20,-0.00031999999999999997
2023-12-21,0.004791007403465343
2023-12-22,0.012454202914922467
2023-12-26,0.012550028614719684
2023-12-27,0.008776572642571931
2023-12-28,0.01787042231693831
2023-12-29,-0.006577563368501989
2024-01-01,0.00037700871417216695
2024-01-02,0.0017684685816850233
2024-01-03,-0.0017557778174822037
2024-01-04,0.00013202832705174828
2024-01-05,0.001405884208204467
2024-01-08,-0.0038715639005040743
2024-01-09,0.008729772001066083
2024-01-10,0.001291504026346804
2024-01-11,0.005100303021093385
2024-01-12,0.0036598129664106383
2024-01-15,0.007445979974533202
2024-01-16,-0.0007013188516011286
2024-01-17,-0.006376967026431047
2024-01-18,-0.002088929217331491
2024-01-19,-0.00016
2024-01-23,-0.01380273864134978
2024-01-24,0.017201794439443314
2024-01-25,0.0032900228875314234
2024-01-29,0.02666008992425751
2024-01-30,-0.009386719935727494
2024-01-31,0.007343287745030666
2024-02-01,0.0010719191587932205
2024-02-02,0.027916099312789693
2024-02-05,0.013309854271003266
2024-02-06,0.016745281615835002
2024-02-07,-0.0009976203175004923
2024-02-08,0.006923167609561565
2024-02-09,-0.002827722918793473
2024-02-12,-0.01799363555124714
2024-02-13,-0.001746268057982623
2024-02-14,0.014506502885708083
2024-02-15,0.014681907365362724
2024-02-16,0.0064355480840441025
2024-02-19,0.0010529433590820445
2024-02-20,-0.0017682603358861965
2024-02-21,-0.0001066666666666667
2024-02-22,0.007608466235624679
2024-02-23,-0.0027872563606687888
2024-02-26,0.0026178986325463617
2024-02-27,0.0012164917396613377
2024-02-28,-0.017456564132289513
2024-02-29,0.001780356208281117
2024-03-01,0.016828813758770093
2024-03-04,0.014797414883324898
2024-03-05,0.005061741820918718
2024-03-06,0.0052942274174647376
2024-03-07,0.0011651229390310727
2024-03-11,-0.008108300511842734
2024-03-12,-0.007487224496160314
2024-03-13,-0.04094048832190954
2024-03-14,0.020777625266867897
2024-03-15,-0.012347925442920307
2024-03-18,-0.0006077141548868886
2024-03-19,-0.016601832340205017
2024-03-20,0.00259905824552185
2024-03-21,0.016754530101229587
2024-03-22,-0.00016
2024-03-26,0.00020365379384238574
2024-03-27,-0.004081633707736687
2024-03-28,0.013302491896330369
2024-04-01,0.005755345745705177
2024-04-02,0.007014532616378882
2024-04-03,0.0003150138477486684
2024-04-04,-0.006754482104517664
2024-04-05,-0.003666957012088205
2024-04-08,0.004879656293030564
2024-04-09,-0.002925725206210569
2024-04-10,0.010448135884800371
2024-04-12,-0.011259330670322129
2024-04-15,-0.006978351917184013
2024-04-16,-0.0015723270139557878
2024-04-18,-0.007787904632368406
2024-04-19,-0.00046176385180589884
2024-04-22,0.012276851296234891
2024-04-23,0.00023496714848291606
2024-04-24,-3.9832038774281645e-05
2024-04-25,0.01494377422229621
2024-04-26,-5.333333333333335e-05
2024-04-29,0.0020133087454152604
2024-04-30,-0.0013964940361844485
2024-05-02,0.010049851546028749
2024-05-03,-0.0029322534306890856
2024-05-06,-0.012519019989438178
2024-05-07,-0.016675859210277637
2024-05-08,0.01238607930608271
2024-05-09,-0.021285466255677843
2024-05-10,0.015618481210100999
2024-05-13,-0.0012344778648255535
2024-05-14,0.010929154574746273
2024-05-15,0.007698257199039274
2024-05-16,0.006841858215678162
2024-05-17,0.0007891187867093473
2024-05-21,0.013453676906501745
2024-05-22,0.001079883202489703
2024-05-23,0.010344839680932822
2024-05-24,-0.0005879925217459438
2024-05-27,-0.003039447422526549
2024-05-28,-0.0062491890750794536
2024-05-29,-0.00016
2024-05-30,-0.014946287320987208
2024-05-31,0.005545670088610191
2024-06-03,0.0458703353566231
2024-06-04,-0.10362211166822635
2024-06-05,0.03879190100350981
2024-06-06,0.010674108947272502
2024-06-07,0.01962901352354002
2024-06-10,0.005199776548140038
2024-06-11,0.007214465561588118
2024-06-12,0.008724507509713864
2024-06-13,0.00093596441075847
2024-06-14,0.005110363649908989
2024-06-18,0.0021617763232693703
2024-06-19,-0.014823819345311115
2024-06-20,-0.00031436841723571384
2024-06-21,-0.0007800089717621631
2024-06-24,0.0019967840309671253
2024-06-25,-0.0076830466339379
2024-06-26,-1.2640816606803839e-05
2024-06-27,0.00648793497382923
2024-06-28,-0.0001066666666666667
2024-07-01,-0.000676087149524183
2024-07-02,-0.0028239179515291
2024-07-03,0.0074608772973896
2024-07-04,0.00015488954785903436
2024-07-05,0.00935354453977993
2024-07-08,-0.004822645151386904
2024-07-09,0.004748994662870351
2024-07-10,-0.007087089782924404
2024-07-11,0.002898311506177856
2024-07-12,-0.0010379339135997568
2024-07-15,0.012697957703542512
2024-07-16,0.0046464222608232335
2024-07-18,0.0009404233068547126
2024-07-19,-0.028411341192836483
2024-07-22,0.008547453960340522
2024-07-23,-0.0031936625077819063
2024-07-24,0.0020361797370602604
2024-07-25,0.00710564625103754
2024-07-26,0.02068095656350196
2024-07-29,0.0036092140934459913
2024-07-30,-0.0001066666666666667
2024-07-31,0.005028916176195261
2024-08-01,0.0036488236825969766
2024-08-02,-0.014456362130557785
2024-08-05,-0.034299565785493744
2024-08-06,-0.00791830551217642
2024-08-07,0.026664016438144634
2024-08-08,-0.014946970651090128
2024-08-09,0.011602480895151542
2024-08-12,-0.003074519237987799
2024-08-13,-0.013607874137503468
2024-08-14,-0.009110329755211068
2024-08-16,0.016745402422981646
2024-08-19,0.007198250604444567
2024-08-20,0.003827540040400164
2024-08-21,0.005640100920123512
2024-08-22,0.0010639610695484833
2024-08-23,0.005111548005287294
2024-08-26,0.0058525515567673485
2024-08-27,-0.0035902868294605877
2024-08-28,0.0019268722359756087
2024-08-29,-0.00016
2024-08-30,0.00774230815519685
2024-09-02,-0.0032549464223896505
2024-09-03,-0.003714907346680258
2024-09-04,-0.0045674188290659905
2024-09-05,-0.0045406491009965175
2024-09-06,-0.012526682637462755
2024-09-09,-0.0037883794260154834
2024-09-10,0.008618449733315738
2024-09-11,-0.006642360574581528
2024-09-12,0.024264029213780305
2024-09-13,-0.0038633920158544144
2024-09-16,0.0013970170976452655
2024-09-17,0.0009841762672757057
2024-09-18,-0.004254356773143879
2024-09-19,-0.002334160635283918
2024-09-20,0.013335660907121072
2024-09-23,0.011776752814372822
2024-09-24,0.0036113272765024617
2024-09-25,0.005410966394067296
2024-09-26,0.01290351576292273
2024-09-27,-0.00031999999999999997
2024-09-30,-0.00754787590645339
2024-10-01,-0.000462072652376582
2024-10-03,-0.014174446869385921
2024-10-04,-0.007891631586115711
2024-10-07,-0.008608432154874968
2024-10-08,0.007814400850764007
2024-10-09,0.002182128443087651
2024-10-10,-0.0005657007649106528
2024-10-11,0.005488981956616343
2024-10-14,0.006322325121333855
2024-10-15,-0.007784527234557444
2024-10-16,0.0007904001313436848
2024-10-17,-0.019489809095759616
2024-10-18,0.0059335501640908625
2024-10-21,-0.0028767644103867554
2024-10-22,-0.017059403827311217
2024-10-23,-0.0026148959036533764
2024-10-24,-0.009273110333460233
2024-10-25,-0.012271821254644086
2024-10-28,0.0029669428023054605
2024-10-29,-0.00031999999999999997
2024-10-30,0.0012242178643835087
2024-10-31,-0.0037065322854988626
2024-11-01,0.00601406386483388
2024-11-04,-0.013558335607243876
2024-11-05,0.006007060052497624
2024-11-06,0.017056815109273364
2024-11-07,-0.016132072409388968
2024-11-08,0.0015212089431630824
2024-11-11,-0.006521931178171458
2024-11-12,-0.014107140826560019
2024-11-13,-0.015653588581963977
2024-11-14,-6.853892269886733e-05
2024-11-18,-0.001609891524503519
2024-11-19,0.007153062744380812
2024-11-21,-0.0014922625502858619
2024-11-22,0.018426107463514977
2024-11-25,0.008956565205735102
2024-11-26,-0.0032073500132602747
2024-11-27,0.001003146657201103
2024-11-28,-0.017365552631986855
2024-11-29,-0.0003733333333333333
2024-12-02,0.003492119297515249
2024-12-03,0.0026624123108122356
2024-12-04,0.003641874798519608
2024-12-05,0.005641916287485314
2024-12-06,-0.0026061940246329407
2024-12-09,-0.002861176069221641
2024-12-10,0.00015493426517680707
2024-12-11,0.0017790933420617004
2024-12-12,-0.0037337203338869045
2024-12-13,0.008160546620521422
2024-12-16,-0.004918087551914953
2024-12-17,-0.00921459409885608
2024-12-18,-0.0023847810796753764
2024-12-19,-0.005846925102602447
2024-12-20,-0.013267852864111097
2024-12-23,0.004019526669055584
2024-12-24,-0.002060723177041692
2024-12-26,0.0047357508442991275
2024-12-27,0.004265473228378233
2024-12-30,-0.0002695027157643856
2024-12-31,-0.00021333333333333333
2025-01-01,0.0028876020702765254
2025-01-02,0.015318969968489698
2025-01-03,-0.014150707076403196
2025-01-06,-0.011039946305194328
2025-01-07,0.00021023908817270978
2025-01-08,-0.0031317806765335525
2025-01-09,-0.006345779194743257
2025-01-10,0.004080999997811337
2025-01-13,-0.015873709094592552
2025-01-14,-0.004258401720822418
2025-01-15,-0.0020943290577552605
2025-01-16,0.005885541886401639
2025-01-17,-0.0074233355189577055
2025-01-20,0.004301489025199377
2025-01-21,-0.009375807682187853
2025-01-22,0.01105896013686244
2025-01-23,0.011123848161177806
2025-01-24,-0.004728332031855017
2025-01-27,-0.018201467355934177
2025-01-28,-0.0017114366523500383
2025-01-29,-0.0001066666666666667
2025-01-30,0.0041738087501806895
2025-01-31,0.0036779612540216826
2025-02-01,0.000789001177117193
2025-02-03,0.007620669614638678
2025-02-04,0.011192323265549748
2025-02-05,-0.00017611181005959217
2025-02-06,-0.002771445122879723
2025-02-07,0.0007061836548603526
2025-02-10,-0.006164840310490045
2025-02-11,-0.018704270431175007
2025-02-12,-0.003502567934747995
2025-02-13,-0.0006429489281838113
2025-02-14,-0.007391523316978131
2025-02-17,-0.00303837915351411
2025-02-18,0.00037305468141494286
2025-02-19,-0.004246547521715568
2025-02-20,-0.0016050493794605308
2025-02-21,-0.01116139706096386
2025-02-24,-0.012035308258180638
2025-02-25,-0.001552653872191596
2025-02-27,-0.00021333333333333333
2025-02-28,-0.030572600571643748
2025-03-03,0.007548969328850311
2025-03-04,-0.008324857525107308
2025-03-05,0.011479590960309788
2025-03-06,0.006532615841872974
2025-03-07,-0.0033905591445032605
2025-03-10,-0.0048165430832132865
2025-03-11,0.002443352062614747
2025-03-12,-0.0025163683551903747
2025-03-13,-0.00422304971763259
2025-03-17,0.0078001183306681205
2025-03-18,0.0
2025-03-19,0.01193510484137611
2025-03-20,0.011673695369592183
2025-03-21,0.00712618344277874
2025-03-24,0.015718826381111287
2025-03-25,0.003377059661531038
2025-03-26,-0.008691733085895605
2025-03-27,0.0029416182462648206
2025-03-28,-0.003210866263445594
2025-04-01,-0.00016
2025-04-02,0.009528697487051123
2025-04-03,-0.009568739550564394
2025-04-04,-0.01603612487098404
2025-04-07,-0.03451007310057786
2025-04-08,0.017738144706028712
2025-04-09,-0.00784142282084819
2025-04-11,0.02223288238588205
2025-04-15,0.022324516198534202
2025-04-16,0.002910447363242986
2025-04-17,0.008258493316948674
2025-04-21,0.021071850242625124
2025-04-22,0.0010333634854733517
2025-04-23,0.014013397828184178
2025-04-24,-0.000522403290654808
2025-04-25,-0.013389331250775372
2025-04-28,0.008021798593172908
2025-04-29,9.164184557688981e-05
2025-04-30,-0.002949207073068643
2025-05-02,-0.003454215260179057
2025-05-05,0.0041240986293432855
2025-05-06,-0.00021333333333333333
2025-05-07,0.0029007450072552282
2025-05-08,-0.011830501787112552
2025-05-09,-0.008180281355530214
2025-05-12,0.030466903198600934
2025-05-13,-0.012539110257053298
2025-05-14,0.0023185527439020413
2025-05-15,0.015064085727878793
2025-05-16,-0.003065112070311009
2025-05-19,0.0021875597711286873
2025-05-20,-0.013110820827381398
2025-05-21,0.005108523746495633
2025-05-22,-0.005166989656323365
2025-05-23,0.006481328233165368
2025-05-26,0.006922745046526321
2025-05-27,-0.00890710366625732
2025-05-28,-0.0019997308176768662
2025-05-29,0.00105447116173977
2025-05-30,-0.0022602978809526807
2025-06-02,-0.003185862460525188
2025-06-03,-0.006502265229531719
2025-06-04,-0.0002666666666666667
2025-06-05,0.0014443673984510723
2025-06-06,0.011035765397717437
2025-06-09,0.004853084582605127
2025-06-10,-0.0026898144542041877
2025-06-11,-0.0006323966709357971
2025-06-12,-0.007240076258291427
2025-06-13,-0.0055209560083316405
2025-06-16,0.009503210180023074
2025-06-17,-0.006623761972431632
2025-06-18,-0.0005337267964562614
2025-06-19,0.0013923577288496754
2025-06-20,0.012642572935597722
2025-06-23,0.0005404087557903548
2025-06-24,0.0033777048263573827
2025-06-25,0.008232254920411974
2025-06-26,0.010169779588889358
2025-06-27,0.004577211695021311
2025-06-30,-0.0047197654649816685
2025-07-01,0.0029560177555551116
2025-07-02,-0.002340055463661978
2025-07-03,-0.0002666666666666667
2025-07-04,-0.0012515444248407826
2025-07-07,0.004661764030904528
2025-07-08,0.002094470423256428
2025-07-09,-0.002509672714063998
2025-07-10,-0.003353222006061107
2025-07-11,-0.008061565797534686
2025-07-14,-0.0016977463497778234
2025-07-15,0.003363003799373596
2025-07-16,-0.0006374158581257623
2025-07-17,0.0016902567570544096
2025-07-18,-0.003166158171481706
2025-07-21,0.005010237773773468
2025-07-22,-0.0012004652260469812
2025-07-23,0.004345336198565795
2025-07-24,-0.005164503614975496
2025-07-25,-0.009519909783860862
2025-07-28,-0.00988838884321283
2025-07-29,0.005025420286246042
2025-07-30,0.0017429200384030108
2025-07-31,-0.005828116713497148
2025-08-01,-5.333333333333335e-05
2025-08-04,0.017990318501751576
2025-08-05,-9.837157228036577e-05
2025-08-06,-0.0057708292619390675
2025-08-07,0.0013854250065904162
2025-08-08,-0.011052614491521095
2025-08-11,0.004959676976504275
2025-08-12,-0.0046127539954626765
2025-08-13,0.0046933052974933885
2025-08-14,-0.0026396932908891403
2025-08-18,0.024028651011289537
2025-08-19,0.00892865049131663
2025-08-20,0.004521009940461532
2025-08-21,-0.0004255596037819801
2025-08-22,-0.007497671411418185
2025-08-25,0.002094346050548083
2025-08-26,-0.006470090988093459
2025-08-28,-0.005332558595105518
2025-08-29,-0.0005776848935795291
2025-09-01,0.010230831795464315
2025-09-02,0.0024931268404821657
2025-09-03,-0.00031999999999999997
2025-09-04,-0.0018235753082972395
2025-09-05,0.0007862153196961966
2025-09-08,0.004142839844352318
2025-09-09,0.0033796853544279084
2025-09-10,0.005561655819029728
2025-09-11,0.00346680438843482
2025-09-12,0.0034209840883324414
2025-09-15,0.00036531941138375423
2025-09-16,0.00448847459236725
2025-09-17,-0.0012932073172461523
2025-09-18,0.003952552584024876
2025-09-19,0.00014207714434157223
2025-09-22,-0.0013497437558877999
2025-09-23,-0.0034409798947022817
2025-09-24,-0.004051464603463036
2025-09-25,-0.005703818082957896
2025-09-26,-0.013196548684128435
2025-09-29,0.005018865114624698
2025-09-30,0.0022532319517984674
2025-10-01,0.003576648981229563
2025-10-03,-0.00042666666666666667
2025-10-06,0.0034044089916819243
2025-10-07,0.0008065508338393725
2025-10-08,-0.0075003754802338875
2025-10-09,0.007518650867798277
2025-10-10,7.482808964374204e-05
2025-10-13,-5.2648826505036694e-05
2025-10-14,-0.004901808347033521
2025-10-15,0.01012883699683767
2025-10-16,0.00667739002856927
2025-10-17,0.004053924072853805
2025-10-20,-5.710727237909268e-05
2025-10-21,0.0019564687992962675
2025-10-23,-0.006621829485720098
2025-10-24,-0.009078119876241285
2025-10-27,0.010458670633057422
2025-10-28,0.0017142759459558663
2025-10-29,0.008112863498746287
2025-10-30,-0.0018357496833303684
2025-10-31,-0.003911022329923606
2025-11-03,0.0032717094229245736
2025-11-04,-0.00021333333333333333
2025-11-06,-0.004629362002905931
2025-11-07,0.006282119558498165
2025-11-10,-0.00212930100352925
2025-11-11,0.007160266165302481
2025-11-12,0.0029489017436648626
2025-11-13,-0.0028817095473090333
2025-11-14,-0.0022358740700492447
2025-11-17,0.008817511560384187
2025-11-18,-0.004885642585919614
2025-11-19,0.002671366504818492
2025-11-20,0.0038107419395764387
2025-11-21,-0.003439872474065318
2025-11-24,-0.0037957144295104996
2025-11-25,0.0011944227445103877
2025-11-26,0.009463858984962381
2025-11-27,-0.005830111880894044
2025-11-28,0.00012227760402092156
2025-12-01,0.0017667006483117766
2025-12-02,-7.090024539208403e-05
2025-12-03,-0.007867551426195954
2025-12-04,-0.00021333333333333333
2025-12-05,0.010952864746838391
2025-12-08,-0.013686247277518045
2025-12-09,-0.005921222897917753
2025-12-10,0.0009365863646019322
2025-12-11,0.0037588863727823683
2025-12-12,0.012661924632255343
2025-12-15,-0.0012491130606697425
2025-12-16,-0.0050260049947875515
2025-12-17,-0.0006238449780758489
2025-12-18,-0.003887027048669854
2025-12-19,0.00592879376628512
2025-12-22,0.004789429177134464
2025-12-23,0.00042298501969997236
2025-12-24,-0.001988418230928773
2025-12-26,-0.0018205887415825696
2025-12-29,-0.0005195828957789007
2025-12-30,0.007052250192642693
2025-12-31,0.01632085089189018
