date,static_capm_mvo
2018-01-03,-0.0010129611428571427
2018-01-04,0.009807153206992145
2018-01-05,0.009005948121251767
2018-01-08,0.009135109315010784
2018-01-09,0.004356612408751652
2018-01-10,0.0012762462089969567
2018-01-11,0.005845452766736718
2018-01-12,0.005367136108770257
2018-01-15,0.004810037438411253
2018-01-16,0.002459028270318711
2018-01-17,-0.002178043268211018
2018-01-18,-0.000486254828314579
2018-01-19,0.004600446589044115
2018-01-22,0.0007898859144833555
2018-01-23,-0.0017648274829015435
2018-01-24,-0.004964227344983599
2018-01-25,-0.005826332695693968
2018-01-29,0.00622328237238429
2018-01-30,-0.013273065170444222
2018-01-31,-0.004519360646234265
2018-02-01,0.0024380125148784253
2018-02-02,-0.02144318489822637
2018-02-05,-0.006913198786040983
2018-02-06,-0.014491865275535502
2018-02-07,-0.004626827696578588
2018-02-08,0.010600219416687795
2018-02-09,-0.006745477221492626
2018-02-12,0.01271508979820626
2018-02-14,-0.0003827914923506369
2018-02-15,0.0008826396419141755
2018-02-16,-0.006295369569349691
2018-02-19,-0.006325206569709576
2018-02-20,-0.0009206924387669075
2018-02-21,0.008355073201545205
2018-02-22,-0.0019722470115497923
2018-02-23,0.01641478175487955
2018-02-26,0.0075517219471558745
2018-02-27,0.0015932206221134064
2018-02-28,-0.006102605485665746
2018-03-01,-0.00038152799999999996
2018-03-05,-0.005304628765208081
2018-03-06,-0.013166823078797947
2018-03-07,-0.008058220398748886
2018-03-08,0.0007575465745985968
2018-03-09,-0.004336882325091258
2018-03-12,0.014330505545082532
2018-03-13,0.0007578217633458662
2018-03-14,0.0008531275831810458
2018-03-15,0.0006591584303887196
2018-03-16,-0.01001559563279047
2018-03-19,-0.013251351039120417
2018-03-20,0.002497174607242689
2018-03-21,0.003652348236427162
2018-03-22,-0.0009521011890519454
2018-03-23,-0.005603912996663518
2018-03-26,0.012728360255986518
2018-03-27,0.0095664517747428
2018-03-28,-0.0014052683076771436
2018-04-02,0.02816879636765459
2018-04-03,-0.000406144
2018-04-04,-0.007402249138369732
2018-04-05,0.013258233784064058
2018-04-06,0.003220172798009951
2018-04-09,0.004407201948054095
2018-04-10,0.0035117153904208396
2018-04-11,0.004011185894808677
2018-04-12,0.006058868283840865
2018-04-13,0.0038423598937468145
2018-04-16,0.004419135879482339
2018-04-17,0.004300087382240043
2018-04-18,-0.0038919274148115674
2018-04-19,0.004723746903870103
2018-04-20,0.004828857199684399
2018-04-23,-0.0010839109426492126
2018-04-24,0.00015040473210748112
2018-04-25,0.0025700490467750036
2018-04-26,0.014615808755662485
2018-04-27,-0.006904655492051931
2018-04-30,0.008249482176376721
2018-05-02,-0.00033915199999999995
2018-05-03,-0.012243212698790149
2018-05-04,0.0024047092376047025
2018-05-07,0.006635318711407979
2018-05-08,0.00018706200947363248
2018-05-09,0.0034033967309406287
2018-05-10,-0.003082874379531247
2018-05-11,0.010909281444126315
2018-05-14,-0.002846719688510147
2018-05-15,-0.009206960359765318
2018-05-16,0.0038235775673994424
2018-05-17,-0.00219915597002676
2018-05-18,0.0023124860843017985
2018-05-21,-0.00877915560247889
2018-05-22,-0.0014048355982633025
2018-05-23,-0.004500296621107167
2018-05-24,0.008900009625320292
2018-05-25,0.009352659160746846
2018-05-28,-0.004252275486458573
2018-05-29,-0.0029706104970580434
2018-05-30,0.0037761835534938335
2018-05-31,0.007156256400827249
2018-06-01,-0.004487674598304803
2018-06-04,-0.008876790893154057
2018-06-05,-0.007640324925914122
2018-06-06,0.010131523969019233
2018-06-07,0.008494544540632126
2018-06-08,0.0013013588063813804
2018-06-11,0.004327076564216354
2018-06-12,0.014409997542014998
2018-06-13,-0.0006876297549424695
2018-06-14,-0.0041107639576950005
2018-06-15,0.004375142296314675
2018-06-18,-0.0009051514613461852
2018-06-19,-0.011055819933063418
2018-06-20,0.0025437978515337263
2018-06-21,-0.004205484759169182
2018-06-22,0.0012619403820360317
2018-06-25,-0.00029750804286586584
2018-06-26,0.005085173976226677
2018-06-27,-0.0013478068163348838
2018-06-28,-0.012479057568452686
2018-06-29,0.009485218316449058
2018-07-02,0.0020504722306214926
2018-07-03,0.008056519700391472
2018-07-04,-0.000465376
2018-07-05,-0.007786640869138897
2018-07-06,0.0023876916189568297
2018-07-09,0.006842039205853521
2018-07-10,0.004033856471566947
2018-07-11,0.008864354651418509
2018-07-12,0.004700525615136881
2018-07-13,0.004829892252050874
2018-07-16,-0.0025401830997964967
2018-07-17,-0.001528267733759631
2018-07-18,-0.0023589712039102434
2018-07-19,-0.0009371917219531354
2018-07-20,0.01915481330064652
2018-07-23,0.0024435444293210485
2018-07-24,-0.0029251925241848597
2018-07-25,-0.001261937546633821
2018-07-26,-0.0013727971613459993
2018-07-27,0.008664680840677908
2018-07-30,-9.43773058245975e-05
2018-07-31,0.018567901391490206
2018-08-01,-0.00023532
2018-08-02,-0.006799384739086454
2018-08-03,-0.003990958065313853
2018-08-06,-0.0005587739433563593
2018-08-07,-0.006695503079041177
2018-08-08,0.004315689886689471
2018-08-09,-0.0012990860664602115
2018-08-10,-0.0003213269816383676
2018-08-13,0.003728506001814952
2018-08-14,0.009999019759046088
2018-08-16,-0.0013270958330546918
2018-08-17,0.010670845491937225
2018-08-20,0.006333629314147143
2018-08-21,0.0062465789568101875
2018-08-23,0.01644162992068374
2018-08-24,-0.006649800138705322
2018-08-27,0.007061411686658189
2018-08-28,0.002216226509507617
2018-08-29,-0.0030418880791227136
2018-08-30,-0.001584853860605143
2018-08-31,0.005201801689052516
2018-09-03,-0.017875998417131358
2018-09-04,-0.007885015105818134
2018-09-05,-0.011473448696178607
2018-09-06,0.004044474216107991
2018-09-07,0.005979159951178731
2018-09-10,-0.014221344432042269
2018-09-11,-0.01841447482277136
2018-09-12,0.004400399744258947
2018-09-14,0.008949034192779494
2018-09-17,-0.009991041822214667
2018-09-18,-0.0003022480775037367
2018-09-19,-0.00605474779270126
2018-09-21,-0.020103789461130707
2018-09-24,-0.010911193620102011
2018-09-25,0.016295070651878428
2018-09-26,5.285722628579307e-05
2018-09-27,-0.0012013912900779387
2018-09-28,-0.00519231048943201
2018-10-01,0.006347415513219334
2018-10-03,-0.0006871760000000001
2018-10-04,-0.03052086198146432
2018-10-05,-0.013666670618610216
2018-10-08,0.0077449844264820406
2018-10-09,-0.004433497461251502
2018-10-10,0.002526111383802415
2018-10-11,-0.02669904267033839
2018-10-12,0.02101522739063257
2018-10-15,0.0060620621100870116
2018-10-16,0.010155773369890642
2018-10-17,-0.007768226018668743
2018-10-19,-0.015660947083795215
2018-10-22,-0.010404142901850376
2018-10-23,-0.019089998120544068
2018-10-24,0.00017345608066397583
2018-10-25,-0.001290584950448233
2018-10-26,-0.012412729546970588
2018-10-29,0.024346303194695343
2018-10-30,0.0018529495319382604
2018-10-31,0.024160128966649104
2018-11-01,-0.0007129759999999999
2018-11-02,0.00341173080370221
2018-11-05,-0.007310208275823285
2018-11-06,-0.003840087060118048
2018-11-07,0.008012519146135948
2018-11-09,0.0006760473986243119
2018-11-12,-0.006599313566489284
2018-11-13,0.007130970981097624
2018-11-14,-0.004572251325414808
2018-11-15,0.007661826097874978
2018-11-16,0.00478526161256242
2018-11-19,-0.0011545644003011317
2018-11-20,-0.01195875773890566
2018-11-21,-0.010652902599182197
2018-11-22,-0.0035835587977168302
2018-11-26,0.009032181618322598
2018-11-27,0.011073198253148713
2018-11-28,0.01304098390072462
2018-11-29,0.007718782183851067
2018-11-30,-0.0010568577652040724
2018-12-03,-0.000268512
2018-12-04,0.0008327577162518841
2018-12-05,-0.003052102995047425
2018-12-06,-0.02143567241582029
2018-12-07,0.01059702165453354
2018-12-10,-0.0174097392253621
2018-12-11,0.012817390084517086
2018-12-12,0.018011724665750246
2018-12-13,0.006476733215525709
2018-12-14,0.0016921594727546088
2018-12-17,0.00271126275787246
2018-12-18,-0.004748912590107727
2018-12-19,0.001383314240007439
2018-12-20,-0.0020608405701614137
2018-12-21,-0.018727021399488137
2018-12-24,-0.003898543827650096
2018-12-26,-0.0015159190126642582
2018-12-27,0.010566138953995191
2018-12-28,0.005746151603141859
2018-12-31,-0.0007967533505373132
2019-01-03,-0.001267693387755102
2019-01-04,-0.009732694297666745
2019-01-07,0.003047333732722721
2019-01-08,-3.114359749769289e-05
2019-01-09,0.003754686070116785
2019-01-10,0.004294491730421489
2019-01-11,-0.005686078887875196
2019-01-14,-0.0045604568103494785
2019-01-15,0.018817726884412942
2019-01-16,-0.0059133600029823066
2019-01-17,0.0020451608745694267
2019-01-18,-0.00010353907057988952
2019-01-21,0.005010445817422422
2019-01-22,0.00020956122108636507
2019-01-23,-0.0015963340110923061
2019-01-24,0.004212822028694679
2019-01-25,-0.004289150275276521
2019-01-28,-0.005019069811385045
2019-01-29,0.007348023611799843
2019-01-30,-0.003100975512998235
2019-01-31,0.011318260872050314
2019-02-01,0.015383715037321902
2019-02-04,-0.008660370788603098
2019-02-05,0.002455580408663209
2019-02-06,0.01758253192873902
2019-02-07,0.0025269493901610087
2019-02-08,-0.01055634215533102
2019-02-11,-0.01131243128409488
2019-02-12,-0.008649915145566553
2019-02-14,-0.0064872731556065814
2019-02-15,-0.006702825057568592
2019-02-18,-0.011129518609322405
2019-02-19,-0.007259410904359917
2019-02-20,0.00959585943012695
2019-02-21,0.006256443946157841
2019-02-22,0.008379413003595466
2019-02-25,0.01527351413033555
2019-02-26,0.003265062833447044
2019-02-27,-0.005873539563728617
2019-02-28,-0.008428117218734363
2019-03-01,0.0037706984529095443
2019-03-05,0.001712484834372858
2019-03-06,-0.0007146340134120744
2019-03-07,-0.006021763513832741
2019-03-08,0.00029511761532197904
2019-03-11,0.006054993866862203
2019-03-12,0.008347998249523897
2019-03-13,0.005809098583593667
2019-03-14,-0.0026556007943502593
2019-03-15,-0.003156335252294291
2019-03-18,0.0027859545878817903
2019-03-19,0.005130997498345412
2019-03-20,-0.005994098794952482
2019-03-22,-0.002948592621863794
2019-03-25,-0.004576578136796101
2019-03-26,0.0059204445648857705
2019-03-27,-0.0007918469634962042
2019-03-28,0.008920881214324237
2019-04-01,0.013441238292834737
2019-04-02,-0.000654912
2019-04-03,-0.0040034091764442874
2019-04-04,-0.005197521334303923
2019-04-05,0.009557961707368067
2019-04-08,-0.009175388409415706
2019-04-09,0.002391537172453847
2019-04-10,-0.00774690761121786
2019-04-11,0.0014245006716629904
2019-04-12,0.0031691405094701136
2019-04-15,0.007246651046340613
2019-04-16,0.004015155370439877
2019-04-18,0.00027675309051624936
2019-04-22,-0.008404129609617061
2019-04-23,0.0013420798841344834
2019-04-24,0.013840383849362623
2019-04-25,-0.005316395279134632
2019-04-26,0.010214289264122364
2019-04-30,0.007961502380058313
2019-05-02,-0.009276347973428438
2019-05-03,-0.008806165746038038
2019-05-06,-0.009445583646252434
2019-05-07,-0.003018497016579081
2019-05-08,-0.01359792349922313
2019-05-09,-0.003230266486150448
2019-05-10,-0.005237213191681973
2019-05-13,-0.004153815871399899
2019-05-14,-0.0057898567149877464
2019-05-15,0.004170822757290694
2019-05-16,0.013882755103182005
2019-05-17,0.013368351090242772
2019-05-20,0.024142149223732888
2019-05-21,-0.001602206664226474
2019-05-22,-0.0011544944990431953
2019-05-23,-0.0059832576372298805
2019-05-24,0.010342070616132019
2019-05-27,-0.008726724620893182
2019-05-28,0.005048703578714515
2019-05-29,-0.0009097598119797001
2019-05-30,0.010675748008800227
2019-05-31,0.005901517252864661
2019-06-03,-0.0008838159999999997
2019-06-04,-0.0029242685871688334
2019-06-06,-0.009897503872703538
2019-06-07,-0.0006334848158930893
2019-06-10,0.007728534664151535
2019-06-11,0.004919851808807756
2019-06-12,-0.004148379493585634
2019-06-13,0.0016990272437046414
2019-06-14,-0.007002269092413459
2019-06-17,-0.012243518903175064
2019-06-18,0.00411367271279435
2019-06-19,-0.010582474507396262
2019-06-20,-0.001989665334777969
2019-06-21,-0.0033421686716673324
2019-06-24,-0.0007641341286681222
2019-06-25,0.010260514468825716
2019-06-26,0.008943669368631675
2019-06-27,-0.0026517900267182233
2019-06-28,-0.0019990452929875206
2019-07-01,0.011739019909832765
2019-07-02,-0.00048391999999999993
2019-07-03,-0.00027977573685611867
2019-07-04,0.0009836127996471194
2019-07-05,-0.018873717242899404
2019-07-08,-0.027545902918038656
2019-07-09,-0.015718459562927344
2019-07-10,-0.009608585643337528
2019-07-11,-0.00017086861381020928
2019-07-12,-0.008698107285033624
2019-07-15,0.002342777867341022
2019-07-16,0.008222706106107683
2019-07-17,-0.0001285623160660551
2019-07-18,-0.005872508939798344
2019-07-19,-0.012311707722521567
2019-07-22,-0.005518162485076287
2019-07-23,0.0037217134704689275
2019-07-24,-0.014150708066164312
2019-07-25,-0.0006789503912219127
2019-07-26,0.014050205143585336
2019-07-29,-0.008744418705285167
2019-07-30,-0.002583829410098668
2019-07-31,-0.005155209268611038
2019-08-01,-0.006202490824825924
2019-08-02,-0.00088947954000545
2019-08-05,-0.014299509754007036
2019-08-06,0.011130431313182847
2019-08-07,-0.007038575143009383
2019-08-08,0.013309592517098765
2019-08-09,0.009137824484006766
2019-08-13,-0.030405893740841322
2019-08-14,0.009567723885918205
2019-08-16,0.0018567470897552158
2019-08-19,0.005724821996576368
2019-08-20,-0.001304617085560003
2019-08-21,-0.006298000510239344
2019-08-22,-0.009565301686499834
2019-08-23,0.010040524371310755
2019-08-26,0.021493115945838404
2019-08-27,0.002491567284251235
2019-08-28,-0.0054729884525083015
2019-08-29,-0.0056428237537668804
2019-08-30,0.010316907701667752
2019-09-03,-0.016343113217105944
2019-09-04,0.0007280843287565731
2019-09-05,0.0019024761453391658
2019-09-06,0.008651314390213822
2019-09-09,0.009392384138982957
2019-09-11,-0.0035484492030149637
2019-09-12,-0.010284806728694022
2019-09-13,0.011540305962793197
2019-09-16,0.003310917172308508
2019-09-17,-0.015283465159274626
2019-09-18,0.004607499953555114
2019-09-19,-0.011283219216127741
2019-09-20,0.04953872131554609
2019-09-23,0.02353917613120109
2019-09-24,-0.006953827271126239
2019-09-25,-0.005766837789862393
2019-09-26,0.010317704519441577
2019-09-27,-0.002912025009647423
2019-09-30,9.961709176429341e-05
2019-10-01,-0.011772925283513501
2019-10-03,-0.0013339616080568957
2019-10-04,-0.012747342322007605
2019-10-07,0.0027660487921699903
2019-10-09,0.006763002546979344
2019-10-10,-0.006019973623821376
2019-10-11,0.003953250076729947
2019-10-14,0.007037538197964063
2019-10-15,0.008048291302362684
2019-10-16,0.013088272418983346
2019-10-17,0.009099626290827086
2019-10-18,0.011417948492660843
2019-10-22,0.002249522512369009
2019-10-23,0.0038380231604913696
2019-10-24,-0.0005053782858730383
2019-10-25,-0.0009181532242381488
2019-10-29,0.016558580050337068
2019-10-30,3.555998155714427e-05
2019-10-31,0.006499433587030078
2019-11-01,-0.001039272
2019-11-04,-0.0061661997119784795
2019-11-05,-0.009252777223280769
2019-11-06,-0.011146452246244103
2019-11-07,-0.001073176514254667
2019-11-08,-0.016302990400818868
2019-11-11,-0.0026319775716779313
2019-11-13,0.009566424618784413
2019-11-14,0.002957101625666132
2019-11-15,-0.0023326426309425124
2019-11-18,-0.0013777264017368158
2019-11-19,-0.011500712172617574
2019-11-20,0.008735377009197014
2019-11-21,-0.006574186484371
2019-11-22,-0.005685611477278727
2019-11-25,0.01489514836656771
2019-11-26,-0.0036438609772005514
2019-11-27,0.001036542912436167
2019-11-28,0.004524991347410334
2019-11-29,-0.009455363246902129
2019-12-02,-0.000659248
2019-12-03,0.0015864494811559113
2019-12-04,0.004607858723134444
2019-12-05,-0.007710181510423096
2019-12-06,-0.003990456622195302
2019-12-09,3.524322586724929e-05
2019-12-10,-0.0037979253638889317
2019-12-11,0.003204615976620113
2019-12-12,0.004624604419365156
2019-12-13,0.004430696839531235
2019-12-16,-0.006704296293145477
2019-12-17,0.011393816553346543
2019-12-18,-0.0035865833767787314
2019-12-19,0.007425191564577941
2019-12-20,0.010773520777803941
2019-12-23,0.0001875203249099497
2019-12-24,-0.004341849893017182
2019-12-26,-0.003798974451697467
2019-12-27,0.010472275877050448
2019-12-30,0.0023225498283754214
2019-12-31,-0.008095584014613562
2020-01-02,-0.0012710453877551018
2020-01-03,-0.003507257095566976
2020-01-06,-0.014678254007225859
2020-01-07,0.002755257927320278
2020-01-08,0.006167816659192593
2020-01-09,0.01252776605929339
2020-01-10,0.004427120986686415
2020-01-13,0.010045927208830838
2020-01-14,0.0156315099425492
2020-01-15,0.0028509292147586096
2020-01-16,0.0016380342612017118
2020-01-17,0.007640033152816217
2020-01-20,-0.005568653613074681
2020-01-21,-0.0018798222984723174
2020-01-22,0.006214070492296879
2020-01-23,0.008125178423039732
2020-01-24,0.002139005445851305
2020-01-27,-0.008249892315027258
2020-01-28,-0.008894196781346899
2020-01-29,0.013685884735901502
2020-01-30,-0.009170600168805634
2020-01-31,-0.005257007877823847
2020-02-03,-0.011607331531314307
2020-02-04,0.012904891030728994
2020-02-05,-0.00029267999999999997
2020-02-06,0.00945546541650637
2020-02-07,0.0053491390619648735
2020-02-10,-0.0037175038507858207
2020-02-11,-0.0030952652683438114
2020-02-12,0.0056570312783439155
2020-02-13,0.0017464870920959779
2020-02-14,0.006869912743303491
2020-02-17,-0.0075666641737019685
2020-02-18,-0.008661170280927322
2020-02-19,0.011600332862271037
2020-02-20,-0.005187940444628113
2020-02-24,-0.020906313613994768
2020-02-25,-0.0020154967306957533
2020-02-26,-0.0068736324054682486
2020-02-27,-0.0014573967644125473
2020-02-28,-0.04056181658172858
2020-03-02,0.0018351761600519968
2020-03-03,0.021929719193808955
2020-03-04,-0.004605902813910579
2020-03-05,-0.000358192
2020-03-06,-0.018016092270732278
2020-03-09,-0.038694913309679224
2020-03-11,-0.0083910476880686
2020-03-12,-0.06906295272958274
2020-03-13,0.030097671862188816
2020-03-16,-0.05116704891037597
2020-03-17,-0.02899201471530313
2020-03-18,-0.08655042471524356
2020-03-19,-0.016898230763844918
2020-03-20,0.057638002363617366
2020-03-23,-0.14306914935384724
2020-03-24,0.04818715706306818
2020-03-25,0.0675262203487898
2020-03-26,0.04619506615648903
2020-03-27,-0.026862033634821085
2020-03-30,-0.016475429599444397
2020-03-31,0.03930114118888412
2020-04-01,-0.03436328403638651
2020-04-03,-0.0005393069233629844
2020-04-07,0.09318156982518765
2020-04-08,0.013049505623387565
2020-04-09,0.02142707334749632
2020-04-13,-0.003775969203868534
2020-04-15,0.014079992601165613
2020-04-16,0.013787105405145737
2020-04-17,-0.0012466462892756168
2020-04-20,0.0012436108700076423
2020-04-21,-0.01914826377369401
2020-04-22,0.02409293414950692
2020-04-23,-0.0018323395194621813
2020-04-24,-0.027631640448554772
2020-04-27,0.03774997410655342
2020-04-28,-0.005017493062694176
2020-04-29,0.007866094512380564
2020-04-30,0.01182232302969339
2020-05-04,-0.028240043501869337
2020-05-05,-0.0035769350422821733
2020-05-06,0.01393066755745348
2020-05-07,-0.006619688799610901
2020-05-08,0.027625092128977326
2020-05-11,0.0001331192409998157
2020-05-12,0.007109189254255153
2020-05-13,-0.010246389545505677
2020-05-14,-0.013438147851614783
2020-05-15,0.0032453576578679033
2020-05-18,-0.03517594720102894
2020-05-19,0.022323850256811974
2020-05-20,0.013148258760563131
2020-05-21,0.004518144774473504
2020-05-22,-0.0023807994118160386
2020-05-26,0.008535275735356418
2020-05-27,-0.00016243339898210345
2020-05-28,0.008863233444916543
2020-05-29,0.012904312067950124
2020-06-01,-0.00046110399999999994
2020-06-02,-0.010097722818395997
2020-06-03,0.0038971862298392127
2020-06-04,0.016093661751405433
2020-06-05,0.004032181393597396
2020-06-08,-0.007785390750838491
2020-06-09,-0.0025859500051804603
2020-06-10,-0.004092923225327456
2020-06-11,-0.012240468814153034
2020-06-12,0.0018671363030864274
2020-06-15,-0.008820814660540811
2020-06-16,-0.001991312646872187
2020-06-17,0.00017115115706728325
2020-06-18,0.006762326605549986
2020-06-19,0.005614506256103878
2020-06-22,0.010374554876196752
2020-06-23,0.01747601759514828
2020-06-24,-0.015301005334168538
2020-06-25,0.0008449136901160247
2020-06-26,0.001718655535552189
2020-06-29,-0.0006415876751032904
2020-06-30,0.0016801572429532468
2020-07-01,-0.009072297249645919
2020-07-02,0.0005725432326464061
2020-07-03,0.01297901422911846
2020-07-06,0.003341790081889423
2020-07-07,0.0009442669798333785
2020-07-08,0.0028999109937268334
2020-07-09,0.0048241290298541295
2020-07-10,0.005017020083458166
2020-07-13,0.006875792409524423
2020-07-14,-0.0011304967345146422
2020-07-15,-0.007292490307060974
2020-07-16,0.011455669683551804
2020-07-17,0.011178480097560778
2020-07-20,0.003577442944967843
2020-07-21,-0.008511632210306165
2020-07-22,-0.007234308303408923
2020-07-23,0.015575303299814313
2020-07-24,-0.007231418141193126
2020-07-27,0.002910518460723672
2020-07-28,0.0029028087143414707
2020-07-29,0.015632282165580484
2020-07-30,0.011197047560519537
2020-07-31,0.004988025910370104
2020-08-03,-0.0006977919999999998
2020-08-04,0.01866283504368743
2020-08-05,0.003828567077379167
2020-08-06,0.011266098144039966
2020-08-07,0.015880260960724268
2020-08-10,0.014714948247027782
2020-08-11,0.0004030703387177016
2020-08-12,-0.0017940041857500808
2020-08-13,-0.001674995511579615
2020-08-14,-0.015946976720172288
2020-08-17,0.003830560041080751
2020-08-18,0.004235375689101694
2020-08-19,0.003022695378028061
2020-08-20,-0.000536019793720192
2020-08-21,0.0007208918108552885
2020-08-24,0.002159553591083024
2020-08-25,0.0014214894968725346
2020-08-26,-0.0003007016891454215
2020-08-27,-0.00018975257259568133
2020-08-28,0.0018840771023595471
2020-08-31,-0.029164086806015586
2020-09-01,0.02326707619053122
2020-09-02,0.013861417264663207
2020-09-03,0.005068549057472473
2020-09-04,-0.021509298672936168
2020-09-07,-0.004625196418346279
2020-09-08,-0.008380200156973817
2020-09-09,0.00837193128879288
2020-09-10,0.01709131453465008
2020-09-11,-0.0020899629378409823
2020-09-14,-0.008744462778090316
2020-09-15,0.005336778498358445
2020-09-16,0.008826849729717081
2020-09-17,0.003942944179305087
2020-09-18,0.023971714555309574
2020-09-21,-0.03955588277340026
2020-09-22,-0.0032647434839987288
2020-09-23,-0.02053776947109342
2020-09-24,-0.025289763765729285
2020-09-25,0.023314683679972595
2020-09-28,0.013479723337865793
2020-09-29,-0.006167094985752594
2020-09-30,-0.01681799114020447
2020-10-01,0.003948755492467326
2020-10-05,0.0008292930414444579
2020-10-06,0.0008486144437748495
2020-10-07,-0.0003149533171366418
2020-10-08,-0.0012614746028638225
2020-10-09,-0.004581371571148639
2020-10-12,-0.002877858792007079
2020-10-13,-0.0010632947624700253
2020-10-14,0.0018651508208903196
2020-10-15,-0.021030568161469237
2020-10-16,0.011273542278470675
2020-10-19,-0.00911809521279414
2020-10-20,0.0013152997029213542
2020-10-21,0.0003568769778712869
2020-10-22,0.0017397621260237107
2020-10-23,0.003733333402720589
2020-10-26,-0.014181822404815123
2020-10-27,0.016000676474382622
2020-10-28,-0.003329608822351775
2020-10-29,-0.001889624191636398
2020-10-30,-0.0012647434596244735
2020-11-02,-0.01788800110236784
2020-11-03,-0.0008967839999999999
2020-11-04,0.016928869830146607
2020-11-05,0.014729209367182455
2020-11-06,0.00015276929551597896
2020-11-09,0.014805059082752803
2020-11-10,-0.03683925165418471
2020-11-11,0.021037878149200204
2020-11-12,0.0002825183073059607
2020-11-13,0.007783001091374942
2020-11-17,0.002606829108202575
2020-11-18,-0.004315817783125571
2020-11-19,-0.007209551238888414
2020-11-20,0.007102634139999007
2020-11-23,0.024313146385761583
2020-11-24,0.003870754204482983
2020-11-25,-0.020437717661537274
2020-11-26,0.012591653060792001
2020-11-27,0.0005274518344176356
2020-12-01,0.010014152537451415
2020-12-02,0.013709396782493772
2020-12-03,-0.00030144
2020-12-04,0.005527682296040216
2020-12-07,0.009777304985797262
2020-12-08,-0.0025113843330666842
2020-12-09,0.004909107350463617
2020-12-10,0.0010339508382029145
2020-12-11,-0.006985438167311007
2020-12-14,0.002693661346976579
2020-12-15,0.0015653874746995354
2020-12-16,0.012288476948592216
2020-12-17,0.00022056947740326655
2020-12-18,0.009938920077725021
2020-12-21,-0.03149225294023962
2020-12-22,0.03193843925926766
2020-12-23,0.02431017723853577
2020-12-24,0.0015763237836125355
2020-12-28,0.00752543326336098
2020-12-29,0.0006374992787639611
2020-12-30,-0.002129536422942027
2020-12-31,0.00196111946313019
2021-01-04,-0.0013061144489795915
2021-01-05,0.004410623685119479
2021-01-06,-0.0026326435559126983
2021-01-07,-0.00010016817402275311
2021-01-08,0.018894494654623853
2021-01-11,0.0193948461175923
2021-01-12,-0.007658957824580396
2021-01-13,-0.0009218385927064977
2021-01-14,-0.007322949200073956
2021-01-15,-0.020544335579690244
2021-01-18,-0.024443368199656305
2021-01-19,0.012364357166021741
2021-01-20,0.01562726087614649
2021-01-21,-0.0045178056117790594
2021-01-22,-0.013493488552965636
2021-01-25,-0.010580583750105801
2021-01-27,-0.013516382685430383
2021-01-28,-0.011343056377757853
2021-01-29,-0.023421779746348174
2021-02-01,-0.0007557199999999999
2021-02-02,0.02169756433914099
2021-02-03,0.015374097642376313
2021-02-04,0.0015744959425692906
2021-02-05,0.007089051423238886
2021-02-08,0.01430550267427903
2021-02-09,-0.0036705090923168657
2021-02-10,0.009485175170791855
2021-02-11,0.001491610789118421
2021-02-12,0.010818241779670392
2021-02-15,0.011914502776493644
2021-02-16,0.0021099566694697497
2021-02-17,-0.006936525864568768
2021-02-18,-0.0012273225654473
2021-02-19,-0.01844981838928124
2021-02-22,-0.009733170409238556
2021-02-23,-0.004015304403722515
2021-02-24,0.005918481768478815
2021-02-25,0.010952155690057095
2021-02-26,-0.02429684595976927
2021-03-01,-0.0005793199999999999
2021-03-02,0.02498925652348573
2021-03-03,0.014679939044560286
2021-03-04,0.0030022428483794
2021-03-05,-0.017416980815191753
2021-03-08,0.0002278730229426369
2021-03-09,-0.002516765426291218
2021-03-10,0.0075013187559205725
2021-03-12,-0.006559636170166179
2021-03-15,-0.0037492983743856387
2021-03-16,0.0011860483679578366
2021-03-17,-0.02366961805777385
2021-03-18,-0.018290341409774993
2021-03-19,0.009946011241335928
2021-03-22,0.03138642056838009
2021-03-23,0.01807947507089297
2021-03-24,-0.01414724001451526
2021-03-25,-0.023055218797420896
2021-03-26,0.010468848973331347
2021-03-30,0.02808759656356203
2021-03-31,-0.0033852093228923614
2021-04-01,0.02391356684368992
2021-04-05,0.009497741306169394
2021-04-06,0.038024557013911345
2021-04-07,-0.0011059913467249172
2021-04-08,0.005086138335994808
2021-04-09,0.017053580703995822
2021-04-12,-0.04385335889020572
2021-04-13,-0.007934787104229112
2021-04-15,0.01740805822508773
2021-04-16,0.0265421418784704
2021-04-19,-0.0076144053597677714
2021-04-20,0.0042075694560239725
2021-04-22,0.008752017658441275
2021-04-23,-0.009132605826811947
2021-04-26,-0.0008396814225159907
2021-04-27,0.01343673746617623
2021-04-28,0.000248914142843955
2021-04-29,0.0013942384294367335
2021-04-30,-0.004274770549649708
2021-05-03,-0.0007523199999999999
2021-05-04,-0.00802505626108246
2021-05-05,0.0112507552862223
2021-05-06,0.018292900082487476
2021-05-07,0.012519551653015458
2021-05-10,0.007193204475127454
2021-05-11,-0.008224481181670261
2021-05-12,-0.021446745580572694
2021-05-14,-0.020057694919456425
2021-05-17,0.015024431497328253
2021-05-18,0.011234304379490034
2021-05-19,-0.003972257458709656
2021-05-20,-0.009930459279258648
2021-05-21,0.006751603021755561
2021-05-24,-0.0070650688737402215
2021-05-25,0.003965263939607586
2021-05-26,0.005808791907514927
2021-05-27,0.006889875996440401
2021-05-28,0.0015224197473108197
2021-05-31,0.011186921951858914
2021-06-01,-0.00035535199999999997
2021-06-02,0.01647978714778131
2021-06-03,0.01211343606401351
2021-06-04,0.012047342726789634
2021-06-07,-0.007665787145408814
2021-06-08,0.002308331802084711
2021-06-09,-0.008127154528616119
2021-06-10,0.009062515654128474
2021-06-11,0.00926937259532977
2021-06-14,-0.0059636860117900205
2021-06-15,0.0045218289840189985
2021-06-16,-0.01595102749045679
2021-06-17,-0.01180079190808524
2021-06-18,0.00656180351893563
2021-06-21,0.007660367880532032
2021-06-22,0.003713760001197663
2021-06-23,-0.011034523641936134
2021-06-24,0.009832171216830412
2021-06-25,0.012888648386139094
2021-06-28,0.004360165442112226
2021-06-29,0.0005235223818079557
2021-06-30,-0.0006782091043058171
2021-07-01,-0.0018530830165651786
2021-07-02,-0.009420415293175185
2021-07-05,-0.000709488872988562
2021-07-06,-0.000203897215914984
2021-07-07,0.008284119358955035
2021-07-08,-0.011374049276430591
2021-07-09,0.007026546558596447
2021-07-12,0.0026202187332390477
2021-07-13,0.0024150728979975933
2021-07-14,0.006806389215959616
2021-07-15,0.0024864665151202604
2021-07-16,0.00028627252910841275
2021-07-19,-0.00252422846483522
2021-07-20,-0.002810681457659043
2021-07-22,0.021242841624121357
2021-07-23,-0.0021387176980692682
2021-07-26,0.002473013222828628
2021-07-27,-0.008780417501482101
2021-07-28,0.0015235989451893644
2021-07-29,0.007654905914293488
2021-07-30,-0.0017758519731723222
2021-08-02,0.009640465079142449
2021-08-03,0.007165635367949618
2021-08-04,-0.000438536
2021-08-05,0.0021884415762733404
2021-08-06,0.007407205471636053
2021-08-09,-0.009563228474546655
2021-08-10,-0.009526954346625649
2021-08-11,0.006124013856973167
2021-08-12,0.006705894338600053
2021-08-13,0.0032451602299036876
2021-08-16,0.014709762856414467
2021-08-17,0.02381549189011984
2021-08-18,-0.0024636424809427113
2021-08-20,-0.015961687675967402
2021-08-23,-0.009152103094918047
2021-08-24,0.013018136534664607
2021-08-25,-0.0008725726128842866
2021-08-26,-0.005692327489068151
2021-08-27,0.008200087435879456
2021-08-30,0.010828007994931882
2021-08-31,0.022834404251869375
2021-09-01,-0.004319292848925253
2021-09-02,-0.00034904
2021-09-03,0.0016983869397636025
2021-09-06,0.009056398397716992
2021-09-07,-0.009207255389657795
2021-09-08,-0.0043285684985698075
2021-09-09,-0.0008024700892741796
2021-09-13,0.002981003451414283
2021-09-14,-0.003579550033051425
2021-09-15,0.003991229258281874
2021-09-16,-0.00403123295535753
2021-09-17,-0.009825712873465526
2021-09-20,-0.01990192767837744
2021-09-21,0.013922287946218744
2021-09-22,0.002645035145958383
2021-09-23,0.016944862833425466
2021-09-24,-0.01283526682642075
2021-09-27,-0.008782292506759165
2021-09-28,-0.01637189838616294
2021-09-29,-0.0012395200714215692
2021-09-30,-0.003177111288375932
2021-10-01,-0.0004986159999999999
2021-10-04,0.012673070725070025
2021-10-05,0.0005157436552247967
2021-10-06,-0.01878393364626078
2021-10-07,0.008216471859107254
2021-10-08,0.005354823935118584
2021-10-11,0.0063053675382964535
2021-10-12,0.011136148408403337
2021-10-13,0.008342062395423335
2021-10-14,0.021119541312804246
2021-10-18,0.0028206032229004287
2021-10-19,-0.01568941907351512
2021-10-20,-0.013766242092156851
2021-10-21,-0.004717351474998042
2021-10-22,-0.012231131007723014
2021-10-25,-0.009776823075655056
2021-10-26,0.016094487535875328
2021-10-27,-0.002681460320517206
2021-10-28,-0.024984244935605363
2021-10-29,0.002488476569342324
2021-11-01,-0.0005777599999999999
2021-11-02,-0.003341502517662848
2021-11-03,0.004092119692657666
2021-11-04,0.003863641805971441
2021-11-08,0.025791140628772975
2021-11-09,0.002856569607928495
2021-11-10,0.005982526473331791
2021-11-11,-0.01209759758011103
2021-11-12,0.015139449560712444
2021-11-15,0.010630775736125628
2021-11-16,-0.008988943040274325
2021-11-17,-0.0011445604312609508
2021-11-18,-0.010561692770264718
2021-11-22,-0.01558346613800975
2021-11-23,0.01362355721183554
2021-11-24,-0.0012439935192752128
2021-11-25,0.002364537962967608
2021-11-26,-0.02783053704366093
2021-11-29,-0.003076899528046689
2021-11-30,0.0018005231389580222
2021-12-01,-0.00068812
2021-12-02,0.013721097943461366
2021-12-03,-0.015847119490342752
2021-12-06,-0.02488996426065528
2021-12-07,0.009283727733434406
2021-12-08,0.015169468857207538
2021-12-09,-0.0008432320602053244
2021-12-10,0.007130689712609162
2021-12-13,-0.006094200750015676
2021-12-14,0.0029037145019185856
2021-12-15,-0.0074872087824720355
2021-12-16,0.001147991253583474
2021-12-17,-0.029896451269741664
2021-12-20,-0.013331050721104892
2021-12-21,0.012959629809269154
2021-12-22,0.0038384246515738877
2021-12-23,0.013829704927138309
2021-12-24,-0.0034985994081038205
2021-12-27,0.006707206354159528
2021-12-28,0.009337460242783854
2021-12-29,-0.0006648600246675106
2021-12-30,0.000540902946153903
2021-12-31,0.006952907819210274
2022-01-04,-0.0012408083265306122
2022-01-05,-0.0015487754936167047
2022-01-06,-0.006113718088648936
2022-01-07,0.005044302832797192
2022-01-10,0.008504740041637725
2022-01-11,0.008254439819856673
2022-01-12,-0.0012246969556904187
2022-01-13,-0.003992701518840991
2022-01-14,-0.002203562599551056
2022-01-17,0.0013293063058189326
2022-01-18,-0.02474561478632114
2022-01-19,-0.010680389878162923
2022-01-20,0.0042688472569392365
2022-01-21,-0.014797853624087006
2022-01-24,-0.0356170926769087
2022-01-25,0.005419219597219851
2022-01-27,-0.023416549132142573
2022-01-28,0.008812797377063569
2022-01-31,0.016409050501096402
2022-02-01,-0.0007352000000000001
2022-02-02,0.007525598996695925
2022-02-03,-0.012837116805945773
2022-02-04,-0.0009880758336623767
2022-02-07,-0.005862554799849066
2022-02-08,-0.006912523232343665
2022-02-09,0.010205094514193174
2022-02-10,0.012226111697153716
2022-02-11,-0.0159232601955107
2022-02-14,-0.028541399919251878
2022-02-15,0.01753152938975899
2022-02-16,0.0015543850447751648
2022-02-17,0.0013452118040845223
2022-02-18,-0.0063621542504708455
2022-02-21,-0.009009048167677395
2022-02-22,-0.003523590917652704
2022-02-23,-0.00045128975645066384
2022-02-24,-0.044158373669860834
2022-02-25,0.026589953325877644
2022-02-28,0.016888295588239777
2022-03-02,-0.0005134239999999998
2022-03-03,0.008615968994525937
2022-03-04,-0.023410133686122537
2022-03-07,0.01588892032583311
2022-03-08,0.0010981746736067385
2022-03-09,0.013000672278926333
2022-03-10,0.011369502282904882
2022-03-11,0.01241830435210509
2022-03-14,0.007257903383939791
2022-03-15,-0.01590575988475814
2022-03-16,0.015819457253523676
2022-03-17,0.012524471436114794
2022-03-21,-0.00191649312227891
2022-03-22,0.006153301309116907
2022-03-23,-0.0057857927511908176
2022-03-24,0.004966547391067943
2022-03-25,-0.007423087482041074
2022-03-28,0.004990554067388172
2022-03-29,-1.7424380857928272e-05
2022-03-30,-0.006316973516553204
2022-03-31,-0.002896502905795295
2022-04-01,0.006225902585626968
2022-04-04,0.0055784364775856455
2022-04-05,0.008496682175805943
2022-04-06,-0.00048904627997387
2022-04-07,-0.013527237414519099
2022-04-08,0.008380310944323226
2022-04-11,-0.003564672033787762
2022-04-12,-0.008693975998399259
2022-04-13,0.0022175120037862353
2022-04-18,-0.008195980515014582
2022-04-19,-0.014123675259716452
2022-04-20,0.007720605850691281
2022-04-21,0.01001789977342007
2022-04-22,-0.014108267960201669
2022-04-25,-0.01783174041228688
2022-04-26,0.015925984775559603
2022-04-27,-0.012653790914137486
2022-04-28,0.010326076919510594
2022-04-29,-0.015033667081056086
2022-05-02,-0.000746624
2022-05-04,-0.011198515280709498
2022-05-05,-0.007307838786229242
2022-05-06,-0.0009914233381419402
2022-05-09,-0.005910955519554628
2022-05-10,-0.025068639742241376
2022-05-11,-0.003583208593548417
2022-05-12,-0.01970516752070861
2022-05-13,0.0032159575773059133
2022-05-16,0.006778466749505948
2022-05-17,0.028256099711224426
2022-05-18,-0.0074151158480883494
2022-05-19,-0.018171099756563162
2022-05-20,0.02242090575107833
2022-05-23,-0.0088409999298192
2022-05-24,-0.010503972477855842
2022-05-25,-0.006552698369442285
2022-05-26,-0.00027383798539629676
2022-05-27,-0.009458061836625405
2022-05-30,0.016505601213956674
2022-05-31,0.005297968240952173
2022-06-01,-0.009393099462866594
2022-06-02,0.014289406500898931
2022-06-03,-0.00452481984291081
2022-06-06,0.0005945815384964396
2022-06-07,-0.000773720603248618
2022-06-08,-0.0038285843055960098
2022-06-09,0.009120956500189133
2022-06-10,-0.006166836839213655
2022-06-13,-0.027069231674632977
2022-06-14,0.004656195303884956
2022-06-15,-0.008499416176843652
2022-06-16,-0.029655985867135998
2022-06-17,-0.021254998950714414
2022-06-20,-0.008706617482384067
2022-06-21,0.027496424563263455
2022-06-22,-0.019159469469041793
2022-06-23,0.005546491941993933
2022-06-24,0.008708169221509098
2022-06-27,0.012365534799237061
2022-06-28,0.0007881527128587931
2022-06-29,0.009044980016878012
2022-06-30,-0.004036019011832039
2022-07-01,-0.02742762889292063
2022-07-04,0.001206161140905613
2022-07-05,-0.0008452799999999999
2022-07-06,0.004531079234796702
2022-07-07,0.009916699051182642
2022-07-08,0.0121541015739357
2022-07-11,0.002862512297334062
2022-07-12,-0.005702442339097592
2022-07-13,-0.0031906655687991056
2022-07-14,0.0035499093210903747
2022-07-15,0.005854231142443659
2022-07-18,0.005772765595368479
2022-07-19,0.006718211383277863
2022-07-20,-0.0032217902077525083
2022-07-21,0.00885408625456206
2022-07-22,-0.0007555378076231879
2022-07-25,-0.003091918924745648
2022-07-26,0.003879603393639421
2022-07-27,0.003818076862617783
2022-07-28,0.001883260427000327
2022-07-29,0.01654206956911747
2022-08-01,0.02205081105942408
2022-08-02,-0.000292064
2022-08-03,-0.003602324907307206
2022-08-04,2.2352032937756477e-05
2022-08-05,-0.0017609146214703209
2022-08-08,0.015015169925426976
2022-08-10,0.0052247284453085414
2022-08-11,-0.0023794727786892026
2022-08-12,0.006749675349747181
2022-08-16,0.013519073319873532
2022-08-17,0.0006105213135332748
2022-08-18,0.00833524824036124
2022-08-19,-0.0123408214357393
2022-08-22,-0.008267791343451476
2022-08-23,0.012192215694413098
2022-08-24,0.005095912827632933
2022-08-25,-0.007850197838200719
2022-08-26,0.012818721370792706
2022-08-29,-0.0011645840341278635
2022-08-30,0.01842888879851596
2022-09-01,-0.008616939908786096
2022-09-02,-0.000216896
2022-09-05,0.0057124775247205505
2022-09-06,0.0054105133323744635
2022-09-07,0.001736840931795749
2022-09-08,0.004040903145214609
2022-09-09,-0.0011796215328682231
2022-09-12,-0.00243000752115608
2022-09-13,0.00798452539515476
2022-09-14,0.007038128433622774
2022-09-15,0.01285475123252368
2022-09-16,-0.012507809462937843
2022-09-19,0.007312742290362086
2022-09-20,0.008451278153223479
2022-09-21,-0.011080596551885638
2022-09-22,-0.0007760560649881405
2022-09-23,-0.023008871838614865
2022-09-26,-0.02828171426159557
2022-09-27,0.003187716040684395
2022-09-28,-0.005236780950615549
2022-09-29,0.005093628285610972
2022-09-30,0.005370901389484207
2022-10-03,-0.020461221580232815
2022-10-04,0.01613895143603549
2022-10-06,0.007843406522007955
2022-10-07,-0.002236874768690335
2022-10-10,-0.004070496336723455
2022-10-11,-0.0084490545957809
2022-10-12,0.012159266722502598
2022-10-13,-0.0007300277633036894
2022-10-14,-0.0014081938537511495
2022-10-17,0.002892601186341935
2022-10-18,0.014587574502274187
2022-10-19,-0.001517495933450493
2022-10-20,0.011356876748151527
2022-10-21,-0.00510809708091642
2022-10-24,0.006897925227458289
2022-10-25,0.003568550417215282
2022-10-27,0.008465618768445506
2022-10-28,0.011337383751221827
2022-10-31,0.00967270174542746
2022-11-01,-0.00036953599999999995
2022-11-02,-0.0029305999578022475
2022-11-03,-0.006029599020475311
2022-11-04,0.006459140592137397
2022-11-07,0.010361483278119811
2022-11-09,-3.9282271428244106e-05
2022-11-10,-0.012040219390762462
2022-11-11,-0.008454870782212243
2022-11-14,-0.005253905596468655
2022-11-15,0.002776752104964848
2022-11-16,-0.0026115020745944503
2022-11-17,-0.004618652131089832
2022-11-18,-0.01105461069662623
2022-11-21,-0.003432273931528102
2022-11-22,0.0028120732407832306
2022-11-23,-0.003999056516840643
2022-11-24,0.0034743486900630505
2022-11-25,0.004277062777004215
2022-11-28,-0.0017169947750695705
2022-11-29,0.0006516071165743051
2022-11-30,0.013939163302970951
2022-12-01,-0.0073648143456145464
2022-12-02,-0.010958944920123925
2022-12-05,0.003936791542857152
2022-12-06,0.002747744142471985
2022-12-07,-0.004398054852652194
2022-12-08,0.0023592429540803253
2022-12-09,-0.00024356334568920775
2022-12-12,-0.0007522820846835086
2022-12-13,0.0064184418359690834
2022-12-14,0.00487071197681356
2022-12-15,-0.011282913824346262
2022-12-16,-0.014246205831819056
2022-12-19,0.020244110314488098
2022-12-20,-0.004198599000543242
2022-12-21,-0.01168147442036467
2022-12-22,-0.011206678009997823
2022-12-23,-0.02408012649839002
2022-12-26,0.010915171659245191
2022-12-27,0.0036023014139390844
2022-12-28,0.005677265695970346
2022-12-29,0.004618404874072424
2022-12-30,-0.004542350349907592
2023-01-03,-0.001306114448979592
2023-01-04,-0.010436621853454875
2023-01-05,0.010893850566833271
2023-01-06,-0.0025857421974670508
2023-01-09,0.012178187853498952
2023-01-10,-0.01259878397794302
2023-01-11,-0.00681958942784016
2023-01-12,0.0002051013589237816
2023-01-13,0.0066754148600872126
2023-01-16,-0.009982825904546095
2023-01-17,0.005043193097669001
2023-01-18,0.004647732213644175
2023-01-19,-0.002722149548590477
2023-01-20,0.0004712003556016555
2023-01-23,0.004378332201132262
2023-01-24,-0.00349291295982325
2023-01-25,-0.007948734690702746
2023-01-27,-0.02990968518681572
2023-01-30,0.012138356902730425
2023-01-31,0.01074232298159806
2023-02-01,-0.053162186544823596
2023-02-02,-0.04080312244520734
2023-02-03,0.013080162061396835
2023-02-06,-0.0004763932511909585
2023-02-07,0.013527093574066194
2023-02-08,0.030202273168678337
2023-02-09,-0.019373183787053758
2023-02-10,-0.010793581482028471
2023-02-13,-0.00907342677622061
2023-02-14,0.007485242545346986
2023-02-15,0.004861599451229881
2023-02-16,0.003234710354749576
2023-02-17,-0.00950551722199285
2023-02-20,-0.013546874508163635
2023-02-21,-0.0031907966185629254
2023-02-22,-0.025288000336676893
2023-02-23,0.0003688306395198494
2023-02-24,-0.009120832654156232
2023-02-27,-0.018895440456707453
2023-02-28,0.013621574713535416
2023-03-01,0.025815135726296953
2023-03-02,-0.00026828294321388666
2023-03-03,0.03131185022192154
2023-03-06,0.013511092381829869
2023-03-08,0.00962377692976528
2023-03-09,-0.012951143131658606
2023-03-10,-0.007165571166584858
2023-03-13,-0.013195837743932463
2023-03-14,-0.01854195994223549
2023-03-15,0.006187096050572693
2023-03-16,0.006726504897354884
2023-03-17,-0.0003433506329570135
2023-03-20,-0.009770527100327149
2023-03-21,0.0008886445800063405
2023-03-22,-0.00440304056103554
2023-03-23,-0.00019177254555789752
2023-03-24,-0.013432119860570274
2023-03-27,-0.002952664983335549
2023-03-28,-0.011775568727074479
2023-03-29,0.022854502041879173
2023-03-31,0.007113379433880957
2023-04-03,0.0032993164001721377
2023-04-05,0.000212831080137162
2023-04-06,0.005440160525882804
2023-04-10,0.007941663468841058
2023-04-11,0.007582906160952146
2023-04-12,0.004935025337881922
2023-04-13,0.00016013213671058567
2023-04-17,0.00359545449295814
2023-04-18,-0.0010455870365898578
2023-04-19,-0.0025008747428835972
2023-04-20,-0.00016043529742818473
2023-04-21,0.0008122540711845037
2023-04-24,0.0016163248804072585
2023-04-25,0.005325387826184111
2023-04-26,0.0005102758249200298
2023-04-27,0.005440489194376496
2023-04-28,0.011452816380164328
2023-05-02,0.005656067793033028
2023-05-03,-0.0009157679999999999
2023-05-04,0.004239971087848486
2023-05-05,-0.005409513575060233
2023-05-08,-0.0004938958629926518
2023-05-09,0.0008962327468087382
2023-05-10,0.00022609870234330883
2023-05-11,-0.016531435002022345
2023-05-12,-0.0022853170965434723
2023-05-15,0.009141118747374898
2023-05-16,-0.0038784374439077623
2023-05-17,0.00026713058677531104
2023-05-18,-0.010304584113869942
2023-05-19,-0.0021018666393351937
2023-05-22,0.004388110199898449
2023-05-23,0.0007703385365666661
2023-05-24,0.0017885065715184784
2023-05-25,0.005933281150786887
2023-05-26,0.004868417991070647
2023-05-29,0.009164931016683437
2023-05-30,7.436966424811866e-05
2023-05-31,-0.004171612307435559
2023-06-01,-0.007236190649633085
2023-06-02,0.007273467079943089
2023-06-05,0.0038284876369989985
2023-06-06,0.0019448940241230685
2023-06-07,0.013660283918491493
2023-06-08,-0.002645899081630561
2023-06-09,-0.0010290393986990328
2023-06-12,6.878888226440885e-05
2023-06-13,0.005569117415838657
2023-06-14,-0.00016264851083967345
2023-06-15,0.00393034137026968
2023-06-16,0.0077242013537744715
2023-06-19,-0.00305388373029705
2023-06-20,0.0034827903321026435
2023-06-21,0.0013247898360505658
2023-06-22,-0.002284246951610452
2023-06-23,-0.00187386824225336
2023-06-26,0.0010705292149554542
2023-06-27,0.0013185754022085822
2023-06-28,0.010340034634651104
2023-06-30,0.014923522764879515
2023-07-03,0.0017598950329928463
2023-07-04,0.004204210398319082
2023-07-05,0.005377987678652368
2023-07-06,0.009890768214816189
2023-07-07,-0.010972819653496571
2023-07-10,-0.003376147017374656
2023-07-11,0.007996679004311197
2023-07-12,-0.0024678137994050154
2023-07-13,-0.003659581329050751
2023-07-14,0.0030723496945420418
2023-07-17,0.00421812736357201
2023-07-18,-0.003913113492922007
2023-07-19,0.004555887956335523
2023-07-20,0.007577539849740411
2023-07-21,0.0014484801118872666
2023-07-24,-0.0027195983668178037
2023-07-25,-0.00624431574911234
2023-07-26,0.011416387591352054
2023-07-27,-0.011688352844560306
2023-07-28,0.0008263833129992116
2023-07-31,0.0015497115280403136
2023-08-01,0.008615227999633707
2023-08-02,-0.009162183412282544
2023-08-03,-0.0009094079999999999
2023-08-04,0.00110993097758836
2023-08-07,0.00014989555799764103
2023-08-08,-0.0029734297536180834
2023-08-09,0.011498360568361633
2023-08-10,-0.0038593671145152955
2023-08-11,-0.005857170723051206
2023-08-14,0.0004966107522732866
2023-08-16,0.007018048824461132
2023-08-17,-0.0073856018238523564
2023-08-18,-0.0033277392712449073
2023-08-21,0.008336306051003224
2023-08-22,0.005238246524039515
2023-08-23,-0.0008907822178870217
2023-08-24,-0.0028155422493251064
2023-08-25,-0.0095271547406023
2023-08-28,0.0037414515232830348
2023-08-29,0.000996844259757701
2023-08-30,-0.001456777032857695
2023-08-31,-0.006892698808318298
2023-09-01,-0.000263216
2023-09-04,0.006729428034367751
2023-09-05,0.0033304564260850282
2023-09-06,0.0014541193814037122
2023-09-07,0.005671868869441933
2023-09-08,0.006367110252832313
2023-09-11,0.0059069250125426435
2023-09-12,-0.0007533098261602094
2023-09-13,0.005488302905463408
2023-09-14,0.003064800180255747
2023-09-15,-0.001210368188894204
2023-09-18,0.0030528030770590516
2023-09-20,-0.0035630082197499664
2023-09-21,-0.005386996468104427
2023-09-22,-0.007081923545938707
2023-09-25,-0.002277683252262319
2023-09-26,0.0027176465457217506
2023-09-27,0.006986418338727814
2023-09-28,-0.006318178644744029
2023-09-29,0.015882154167787002
2023-10-03,-0.0003288
2023-10-04,-0.0165166937751312
2023-10-05,0.004289865333439814
2023-10-06,0.002099423859472575
2023-10-09,-0.003462281575710941
2023-10-10,0.007023613473475185
2023-10-11,0.005813265851519207
2023-10-12,0.0025566607137145125
2023-10-13,0.0005537447431243076
2023-10-16,0.003600595800729263
2023-10-17,0.002893511633619497
2023-10-18,-0.002306394299272903
2023-10-19,0.0024948466250733917
2023-10-20,-0.005357743781035174
2023-10-23,-0.014856662436129615
2023-10-25,-0.008132553296482273
2023-10-26,-0.009172614629784609
2023-10-27,0.014653579745910895
2023-10-30,0.0028555073256454223
2023-10-31,-0.0034144166734866696
2023-11-01,-0.0005416399999999999
2023-11-02,0.008752195786835353
2023-11-03,0.005292092399724201
2023-11-06,0.014762902265449813
2023-11-07,0.004782965638981683
2023-11-08,0.0033844554573467336
2023-11-09,-0.0014772488556215975
2023-11-10,0.003154257155685879
2023-11-13,0.0028182323691656602
2023-11-15,0.011538913745418072
2023-11-16,0.005213761895311742
2023-11-17,0.001857738474024543
2023-11-20,-4.363068250832461e-05
2023-11-21,-0.0013225586978230356
2023-11-22,0.0037649139443265947
2023-11-23,0.003396760654896374
2023-11-24,-0.005309409483781396
2023-11-28,0.012102493116100354
2023-11-29,0.005991175047288574
2023-11-30,0.009908377823484582
2023-12-01,-0.0005487519999999999
2023-12-04,0.02141266035099279
2023-12-05,0.00675162700376546
2023-12-06,0.006397624427282306
2023-12-07,0.0017751181403034481
2023-12-08,-0.0062181100122063624
2023-12-11,0.001123333397960635
2023-12-12,-0.0020554334438789255
2023-12-13,0.01157182637953206
2023-12-14,0.0022310892267109845
2023-12-15,0.007959546940020405
2023-12-18,0.001973215276256308
2023-12-19,0.01031370719536378
2023-12-20,-0.01893347482487485
2023-12-21,0.004224844714660815
2023-12-22,0.009646706786479827
2023-12-26,0.011887921363827613
2023-12-27,0.007372971420283427
2023-12-28,0.016635526613147444
2023-12-29,-0.0033703014105398712
2024-01-02,-0.0011108731428571429
2024-01-03,0.004967822962711313
2024-01-04,0.005619916154247112
2024-01-05,0.0009322205397924423
2024-01-08,-0.005004155990029664
2024-01-09,0.004797823479759182
2024-01-10,-0.005456342383231156
2024-01-11,0.005571161955708295
2024-01-12,0.007002796650703444
2024-01-15,0.007279207573527263
2024-01-16,0.001131887748925292
2024-01-17,-0.006665735562544354
2024-01-18,-0.007347455261748065
2024-01-19,0.01516840794336062
2024-01-23,-0.01999973828028914
2024-01-24,0.01912940213451671
2024-01-25,0.0059694224774025344
2024-01-29,0.01674393060846546
2024-01-30,-0.013585973439904933
2024-01-31,0.006122089840465199
2024-02-01,-0.001551574602996101
2024-02-02,0.01972142851336568
2024-02-05,0.0067284358770900434
2024-02-06,0.011723756073012981
2024-02-07,0.001269171681908901
2024-02-08,-0.0025724413205942456
2024-02-09,-0.006179742251696027
2024-02-12,-0.010893470133622463
2024-02-13,0.007050848468695378
2024-02-14,0.013686835610025538
2024-02-15,0.008448919694566681
2024-02-16,0.007057422172440384
2024-02-19,0.004655342325574088
2024-02-20,-0.0011189460260736632
2024-02-21,-0.013532717045420861
2024-02-22,0.013261614651391744
2024-02-23,-0.0028108411051158263
2024-02-26,0.0020799068239678196
2024-02-27,0.0013643578801797321
2024-02-28,-0.017046282464138238
2024-02-29,-0.0019208220228283121
2024-03-01,0.014452361932027747
2024-03-04,0.012104568621205965
2024-03-05,0.0018263971289946476
2024-03-06,0.005823978303155091
2024-03-07,0.007583042527064063
2024-03-11,-0.009774195855899871
2024-03-12,-0.008923407899451896
2024-03-13,-0.026066628335964293
2024-03-14,0.010699602342194092
2024-03-15,-0.012644507004479482
2024-03-18,0.0026528917141936297
2024-03-19,-0.015612174595201112
2024-03-20,0.0044011855694830095
2024-03-21,0.017436527563978454
2024-03-22,0.008488165940439194
2024-03-26,0.0023401939756423893
2024-03-27,0.0008643133198106894
2024-03-28,0.00956668482170333
2024-04-01,-0.0007278959999999999
2024-04-02,0.004671208669831102
2024-04-03,-0.005596685197273993
2024-04-04,-0.0031195161800672004
2024-04-05,-0.007972972738889549
2024-04-08,0.006476615547650425
2024-04-09,-0.005538875090093797
2024-04-10,0.004137344768634926
2024-04-12,-0.011572073792129666
2024-04-15,-0.008166071583911926
2024-04-16,-0.00378051457285262
2024-04-18,-0.005072028950965815
2024-04-19,-0.003688754877255924
2024-04-22,0.01006664934131948
2024-04-23,-0.00017706091581213602
2024-04-24,0.0035082880618513236
2024-04-25,0.010196729644162567
2024-04-26,-0.0008570356362000782
2024-04-29,0.0013829981003598787
2024-04-30,-0.003654237775218871
2024-05-02,-0.0005384479999999999
2024-05-03,-0.006046266483740362
2024-05-06,-0.0017522414327086583
2024-05-07,-0.014642962666564917
2024-05-08,0.0051325673030418306
2024-05-09,-0.01204186777152004
2024-05-10,0.009775174604406866
2024-05-13,0.005841395281694754
2024-05-14,-0.0004053967778006282
2024-05-15,0.006425004045226581
2024-05-16,0.00980065646178044
2024-05-17,-0.004229146669740016
2024-05-21,0.010271263603240686
2024-05-22,0.006290399946710132
2024-05-23,0.006254123982297228
2024-05-24,-0.0008484705935384316
2024-05-27,-0.00418681786244929
2024-05-28,-0.0021082376988127384
2024-05-29,0.0026405366567569225
2024-05-30,-0.012039299324133532
2024-05-31,-0.0023517936003404
2024-06-03,0.021635774181979043
2024-06-04,-0.04075730920436496
2024-06-05,0.03537956892366855
2024-06-06,0.007968499234497321
2024-06-07,0.018818660841320754
2024-06-10,0.0057978998855582825
2024-06-11,0.00338112291456538
2024-06-12,0.00519268720962803
2024-06-13,-0.00045509191712342465
2024-06-14,0.0030660577584228697
2024-06-18,0.0016175219404864793
2024-06-19,-0.015100832637867358
2024-06-20,-0.007132034196340653
2024-06-21,0.0015442253473884155
2024-06-24,0.0030979879866614153
2024-06-25,-0.002771818272597016
2024-06-26,0.001233314691144418
2024-06-27,0.006529567791587492
2024-06-28,0.0017882582174237967
2024-07-01,-0.000649344
2024-07-02,-0.0038955361461466033
2024-07-03,0.0026968807815596395
2024-07-04,0.004570228360440005
2024-07-05,0.007993600314993687
2024-07-08,-0.00577965180780958
2024-07-09,0.008014785295918387
2024-07-10,-0.00526313184000391
2024-07-11,-0.0026194403299974606
2024-07-12,0.003181631138601585
2024-07-15,0.00850936813911687
2024-07-16,0.005698892873430902
2024-07-18,0.00025487754021395227
2024-07-19,-0.0202038024409291
2024-07-22,0.007907002985864685
2024-07-23,0.003623602508273572
2024-07-24,-0.000827156186115944
2024-07-25,0.002497020288680157
2024-07-26,0.02801822307600879
2024-07-29,-0.003361000852730947
2024-07-30,-0.0005802069386565715
2024-07-31,0.008646146466763923
2024-08-01,0.003938612303314567
2024-08-02,-0.013038717156372377
2024-08-05,-0.019202210577372827
2024-08-06,-0.00535644735202044
2024-08-07,0.020073330152334035
2024-08-08,-0.005903036041134686
2024-08-09,0.009608860065846983
2024-08-12,-0.002663253667268505
2024-08-13,-0.003920292210002875
2024-08-14,-0.004853754707029402
2024-08-16,0.014418065193068857
2024-08-19,0.0004155537535018511
2024-08-20,0.0019152033592985155
2024-08-21,0.008375357834872154
2024-08-22,0.0005398266133239695
2024-08-23,0.013582009360632223
2024-08-26,0.004581640978187208
2024-08-27,0.00019747146124526036
2024-08-28,0.0066633164306547305
2024-08-29,0.0026416437499715015
2024-08-30,0.011506744635543898
2024-09-02,0.00038577685593237966
2024-09-03,-0.0011182633063801922
2024-09-04,-0.000508776
2024-09-05,-0.0041930377633445206
2024-09-06,-0.0066763382665296165
2024-09-09,3.5763497168482235e-05
2024-09-10,0.007998702993360722
2024-09-11,0.0038464307779689524
2024-09-12,0.022737283355203322
2024-09-13,-0.0031390655797332526
2024-09-16,-0.0010232854826971744
2024-09-17,0.009751605554512727
2024-09-18,-0.009651379743698233
2024-09-19,-0.0013732065229751771
2024-09-20,0.01373229193296015
2024-09-23,0.015365207567369178
2024-09-24,0.0024402288614235597
2024-09-25,-0.0007633548763984115
2024-09-26,0.008012101926021186
2024-09-27,0.007260045785619265
2024-09-30,-0.014312811502168081
2024-10-01,-0.00040781971247633576
2024-10-03,-0.00026481599999999997
2024-10-04,-0.01552146490608724
2024-10-07,-0.004602383933810003
2024-10-08,0.010062743978250752
2024-10-09,0.001146675830465146
2024-10-10,-0.009090153065503986
2024-10-11,0.0027463173455166325
2024-10-14,0.005498683515201929
2024-10-15,0.00011896005529815471
2024-10-16,-0.0005269250475849619
2024-10-17,-0.03589366880712859
2024-10-18,-0.0016404290787020296
2024-10-21,-0.0025506018873472707
2024-10-22,-0.011756549275852922
2024-10-23,-0.0030737847656612796
2024-10-24,-0.008637011777301943
2024-10-25,-0.01159792747725838
2024-10-28,0.004154126338336928
2024-10-29,-0.013050174088654935
2024-10-30,0.0032633266843475365
2024-10-31,-0.0033397998931449405
2024-11-01,0.00412743660163726
2024-11-04,-0.02178204324034086
2024-11-05,0.0062567753137005196
2024-11-06,0.01653369179968164
2024-11-07,-0.01221862291788455
2024-11-08,0.0023529948427328216
2024-11-11,-0.009874004697429288
2024-11-12,-0.018445927413997622
2024-11-13,-0.015264839429359866
2024-11-14,-0.005412007836064871
2024-11-18,-0.003032953475480064
2024-11-19,0.003296202012479005
2024-11-21,-0.00511090928180137
2024-11-22,0.012870405273807726
2024-11-25,0.009072912421717365
2024-11-26,-0.0072633032321762145
2024-11-27,-0.00019014255447158195
2024-11-28,-0.01477126086345473
2024-11-29,0.012917505460588393
2024-12-02,-0.0007275439999999999
2024-12-03,-0.0013374936270090778
2024-12-04,-0.004549632834352329
2024-12-05,0.004982319859520616
2024-12-06,-0.0010564912717640849
2024-12-09,-0.005856189927977551
2024-12-10,-0.0021656448731162924
2024-12-11,0.0016478887433785403
2024-12-12,0.002420909721318775
2024-12-13,0.010191005777974336
2024-12-16,-0.004516071258705849
2024-12-17,-0.01111958761917493
2024-12-18,-0.0013613973519673184
2024-12-19,-0.0029911290108896576
2024-12-20,-0.013361050245126887
2024-12-23,0.002104637112048735
2024-12-24,-0.0033913358847085335
2024-12-26,0.008019536179931015
2024-12-27,0.0038831809112127276
2024-12-30,0.004512566939015407
2024-12-31,-0.0013309648990911956
2025-01-02,-0.0013005384489795915
2025-01-03,-0.01325811341077833
2025-01-06,-0.009242765988327887
2025-01-07,-9.989081313419327e-05
2025-01-08,-0.006545840050686263
2025-01-09,0.0009712087355397481
2025-01-10,-0.002119504995716921
2025-01-13,-0.017148641252582163
2025-01-14,0.0008954754124006203
2025-01-15,-0.006522002227299274
2025-01-16,0.0047825243688958755
2025-01-17,-0.0033688552314039815
2025-01-20,0.002223136854252636
2025-01-21,-0.01466484967749497
2025-01-22,0.006862868163361463
2025-01-23,0.006986422287310029
2025-01-24,-0.007995487542049588
2025-01-27,-0.016551841930267024
2025-01-28,-0.007545927225911898
2025-01-29,0.015039009188183367
2025-01-30,0.010393769027831087
2025-01-31,-0.00276974990925815
2025-02-01,0.004497366160387665
2025-02-03,0.011990389743218966
2025-02-04,-0.00037211199999999996
2025-02-05,-0.0037532307429218306
2025-02-06,-0.006813227298675756
2025-02-07,0.008344592875867052
2025-02-10,-0.008188030393809761
2025-02-11,-0.016288946475341952
2025-02-12,-0.006285127588654079
2025-02-13,0.003638368449352677
2025-02-14,-0.011764809204947211
2025-02-17,-0.0050901414132204365
2025-02-18,-0.007287259057621676
2025-02-19,-0.0021838047346148014
2025-02-20,0.0039337800340785885
2025-02-21,-0.017364500661488064
2025-02-24,-0.005279025583504032
2025-02-25,0.005644436483165748
2025-02-27,-0.00416750010434385
2025-02-28,-0.03683398797068296
2025-03-03,0.007707624295006056
2025-03-04,-0.008226481511299958
2025-03-05,-0.0008038639999999998
2025-03-06,0.00796291623973043
2025-03-07,0.002836316675106393
2025-03-10,-0.003510131754591463
2025-03-11,0.008102501187759284
2025-03-12,0.00389685176813229
2025-03-13,-0.006842224990407789
2025-03-17,0.005860877301719164
2025-03-18,1.117530010719619e-05
2025-03-19,0.018389565063837286
2025-03-20,0.014938506901082787
2025-03-21,0.0019062397491757576
2025-03-24,0.00817016817417738
2025-03-25,-0.001807787750299874
2025-03-26,-0.003145300105707857
2025-03-27,0.002155635862211318
2025-03-28,-0.0015322309227887288
2025-04-01,-0.022358469702479872
2025-04-02,0.012932065369560363
2025-04-03,-0.0009171086285525122
2025-04-04,-0.000421184
2025-04-07,-0.02811187694255083
2025-04-08,0.01667527833980759
2025-04-09,0.005693407833701498
2025-04-11,0.020558132919097374
2025-04-15,0.023114010326676766
2025-04-16,0.006380444028304599
2025-04-17,0.011454724279298875
2025-04-21,0.01047148445727395
2025-04-22,0.004027160206266206
2025-04-23,0.005038858934499185
2025-04-24,-0.003791694234842857
2025-04-25,-0.013122662429437689
2025-04-28,0.007284000762740177
2025-04-29,0.00035290664335173544
2025-04-30,0.003426798617309048
2025-05-02,-0.007306467548185805
2025-05-05,0.007663086841020461
2025-05-06,0.005495466035151421
2025-05-07,0.0004244179987435993
2025-05-08,-0.013763391933217232
2025-05-09,-0.005672924228318393
2025-05-12,0.021112846672472336
2025-05-13,-0.015807685380856366
2025-05-14,0.0026396866128125885
2025-05-15,0.008704517123653258
2025-05-16,-0.0004443858916260027
2025-05-19,0.008148784922227863
2025-05-20,-0.01514521809885209
2025-05-21,0.009087123284261594
2025-05-22,-0.004438506411053675
2025-05-23,0.002684964255947211
2025-05-26,0.011833296146573816
2025-05-27,-0.00597346726129316
2025-05-28,-0.0023137241061546537
2025-05-29,0.0027458390319441343
2025-05-30,-0.0022453844352028716
2025-06-02,0.00248829884147831
2025-06-03,-0.004516263230854326
2025-06-04,0.005331160535105214
2025-06-05,-0.0007620479999999999
2025-06-06,0.0021419084147009486
2025-06-09,0.005100966279469106
2025-06-10,0.0014680555081738908
2025-06-11,0.004586621792714339
2025-06-12,-0.004744915832717777
2025-06-13,-0.0031512023085431837
2025-06-16,0.012444311249550005
2025-06-17,-0.003997680005504521
2025-06-18,-0.0031200440219585727
2025-06-19,-0.003899608304548976
2025-06-20,0.01588725218290697
2025-06-23,-0.003243042015718689
2025-06-24,-3.7690273887591426e-05
2025-06-25,0.010195580097064108
2025-06-26,0.011398623415926918
2025-06-27,0.005880674476322389
2025-06-30,0.0033231719551790524
2025-07-01,0.0019616295647945188
2025-07-02,-0.004704041351885912
2025-07-03,-0.00028481599999999996
2025-07-04,0.002194741648952972
2025-07-07,0.002340465850589775
2025-07-08,0.0017225437796486828
2025-07-09,-0.0030295318796226597
2025-07-10,-0.012766756658065308
2025-07-11,-0.013805771362104414
2025-07-14,-0.003633442304777256
2025-07-15,0.0009489398684915619
2025-07-16,0.0007141298078483034
2025-07-17,-0.004366308595085608
2025-07-18,-0.004489070760452983
2025-07-21,0.0016226833225870796
2025-07-22,-0.0006686881550252224
2025-07-23,0.00906396421227
2025-07-24,-0.006733124494968722
2025-07-25,-0.004658960792217397
2025-07-28,-0.013104994319529103
2025-07-29,0.0075650947693102
2025-07-30,0.0019119046792168714
2025-07-31,-0.0034247603838702687
2025-08-01,-0.014411461447791266
2025-08-04,0.008526038020207384
2025-08-05,-0.0005864469831305071
2025-08-06,-0.010653400978506351
2025-08-07,0.0023164851870227576
2025-08-08,-0.012935616057354403
2025-08-11,0.007504973600724183
2025-08-12,-0.0047681601080350544
2025-08-13,0.01888851997256676
2025-08-14,0.003180552615518543
2025-08-18,0.010461832780329396
2025-08-19,-0.0001478403714908576
2025-08-20,0.002401911369972352
2025-08-21,0.0018331776272731398
2025-08-22,-0.0022743544812333944
2025-08-25,0.004960833576511963
2025-08-26,-0.00883882670549148
2025-08-28,-0.00924812466039291
2025-08-29,-0.001964110234235767
2025-09-01,-0.0009436719999999999
2025-09-02,-0.005073178035607302
2025-09-03,0.004890997297611161
2025-09-04,-0.00434914499852411
2025-09-05,0.0024825064937897936
2025-09-08,0.012759558998111127
2025-09-09,0.001792671039352325
2025-09-10,-0.003917987842738523
2025-09-11,0.00012716176217329755
2025-09-12,0.004673039894889816
2025-09-15,-0.001008980034151145
2025-09-16,0.011074578962338495
2025-09-17,0.00045614026009590755
2025-09-18,0.0026344494453946583
2025-09-19,-2.118673532981426e-05
2025-09-22,-0.0060800528748383
2025-09-23,-0.0011821504094413203
2025-09-24,-0.002508821201414764
2025-09-25,-0.004878703419263651
2025-09-26,-0.012467619488984425
2025-09-29,-0.004000997777506261
2025-09-30,-0.00037424271990872844
2025-10-01,0.005153947723670135
2025-10-03,0.004704629883850331
2025-10-06,0.00250909666959145
2025-10-07,0.013597730310477594
2025-10-08,-0.0028629026040390025
2025-10-09,0.0003129867528102638
2025-10-10,0.014361942040236383
2025-10-13,0.00015131608315752587
2025-10-14,-0.002008448525341551
2025-10-15,0.005124910051838768
2025-10-16,0.00800325925369047
2025-10-17,0.007061580923674595
2025-10-20,-0.0017526807137702473
2025-10-21,-0.0012532958500934797
2025-10-23,-0.008492225145634878
2025-10-24,-0.001128764694517991
2025-10-27,0.00577811355678172
2025-10-28,0.003919370208663742
2025-10-29,0.004415463517173764
2025-10-30,-0.001391471001581792
2025-10-31,-5.0297030061961705e-05
2025-11-03,0.0008175414202120502
2025-11-04,-0.004056638991552269
2025-11-06,-0.002971673920080656
2025-11-07,-0.0032634503812757716
2025-11-10,0.00403494869904403
2025-11-11,0.000189514062399579
2025-11-12,0.0035144092195467944
2025-11-13,0.0047718543500409865
2025-11-14,-0.006335903765903626
2025-11-17,0.009348415297167432
2025-11-18,-0.001897837359107181
2025-11-19,0.00029921968577188045
2025-11-20,0.007446372246347152
2025-11-21,-0.0035381363551296075
2025-11-24,-0.0002075539429707892
2025-11-25,-0.0007212576551191085
2025-11-26,0.008334391866203888
2025-11-27,-0.005273189241304146
2025-11-28,-0.0005482824356381455
2025-12-01,-0.0007895971514900427
2025-12-02,-0.002343006743051911
2025-12-03,0.00024593817593708176
2025-12-04,-0.0007910239999999999
2025-12-05,0.011593686664403486
2025-12-08,-0.012274067755045748
2025-12-09,-0.006954499384360747
2025-12-10,-7.108056674293075e-05
2025-12-11,0.0025138014093088286
2025-12-12,0.009165987989415288
2025-12-15,-0.0002943219137965062
2025-12-16,-0.004097611148705052
2025-12-17,-0.0008505284589700137
2025-12-18,-0.0038258456211343202
2025-12-19,0.00785919968504235
2025-12-22,0.008575067714485136
2025-12-23,0.00030395963257611846
2025-12-24,-0.001066499840990923
2025-12-26,-0.004345476262297013
2025-12-29,-0.003303878337284393
2025-12-30,-2.7350278898908295e-06
2025-12-31,0.010717152337122265
