date,repo_rate
2015-01-01,8.0
2015-01-04,7.5
2015-01-05,7.5
2015-01-06,7.5
2015-01-07,7.25
2015-01-09,7.25
2015-01-10,6.75
2015-01-12,6.75
2015-02-01,8.0
2015-02-02,7.75
2015-02-03,7.75
2015-02-04,7.5
2015-02-06,7.25
2015-02-07,7.25
2015-02-09,7.25
2015-02-10,6.75
2015-02-11,6.75
2015-02-12,6.75
2015-03-02,7.75
2015-03-03,7.75
2015-03-04,7.5
2015-03-06,7.25
2015-03-07,7.25
2015-03-08,7.25
2015-03-09,7.25
2015-03-11,6.75
2015-03-12,6.75
2015-04-02,7.75
2015-04-03,7.5
2015-04-05,7.5
2015-04-06,7.25
2015-04-08,7.25
2015-04-09,7.25
2015-04-11,6.75
2015-04-12,6.75
2015-05-01,8.0
2015-05-02,7.75
2015-05-03,7.5
2015-05-05,7.5
2015-05-06,7.25
2015-05-08,7.25
2015-05-10,6.75
2015-05-11,6.75
2015-06-01,8.0
2015-06-02,7.75
2015-06-03,7.5
2015-06-04,7.5
2015-06-05,7.5
2015-06-07,7.25
2015-06-08,7.25
2015-06-10,6.75
2015-06-11,6.75
2015-07-01,8.0
2015-07-04,7.5
2015-07-05,7.5
2015-07-07,7.25
2015-07-08,7.25
2015-07-09,7.25
2015-07-10,6.75
2015-07-12,6.75
2015-08-01,8.0
2015-08-04,7.5
2015-08-05,7.5
2015-08-06,7.25
2015-08-07,7.25
2015-08-09,7.25
2015-08-10,6.75
2015-08-12,6.75
2015-09-01,8.0
2015-09-02,7.75
2015-09-03,7.5
2015-09-04,7.5
2015-09-06,7.25
2015-09-07,7.25
2015-09-09,7.25
2015-09-10,6.75
2015-09-11,6.75
2015-09-12,6.75
2015-10-02,7.75
2015-10-03,7.5
2015-10-04,7.5
2015-10-06,7.25
2015-10-07,7.25
2015-10-08,7.25
2015-10-09,7.25
2015-10-11,6.75
2015-10-12,6.75
2015-11-02,7.75
2015-11-03,7.5
2015-11-05,7.5
2015-11-06,7.25
2015-11-08,7.25
2015-11-09,7.25
2015-11-11,6.75
2015-11-12,6.75
2015-12-01,8.0
2015-12-02,7.75
2015-12-03,7.5
2015-12-05,7.5
2015-12-06,7.25
2015-12-08,7.25
2015-12-10,6.75
2015-12-11,6.75
2016-01-01,6.75
2016-01-02,6.75
2016-01-03,6.75
2016-01-04,6.75
2016-01-06,6.5
2016-01-07,6.5
2016-01-08,6.5
2016-01-09,6.5
2016-01-11,6.25
2016-01-12,6.25
2016-02-02,6.75
2016-02-03,6.75
2016-02-05,6.5
2016-02-06,6.5
2016-02-08,6.5
2016-02-09,6.5
2016-02-11,6.25
2016-02-12,6.25
2016-03-02,6.75
2016-03-03,6.75
2016-03-05,6.5
2016-03-06,6.5
2016-03-08,6.5
2016-03-10,6.5
2016-03-11,6.25
2016-04-01,6.75
2016-04-02,6.75
2016-04-03,6.75
2016-04-04,6.75
2016-04-05,6.5
2016-04-07,6.5
2016-04-08,6.5
2016-04-10,6.25
2016-04-11,6.25
2016-05-01,6.75
2016-05-02,6.75
2016-05-04,6.5
2016-05-05,6.5
2016-05-07,6.5
2016-05-08,6.5
2016-05-09,6.5
2016-05-10,6.25
2016-05-12,6.25
2016-06-01,6.75
2016-06-04,6.5
2016-06-05,6.5
2016-06-06,6.5
2016-06-07,6.5
2016-06-09,6.5
2016-06-10,6.25
2016-06-12,6.25
2016-07-01,6.75
2016-07-03,6.75
2016-07-04,6.5
2016-07-06,6.5
2016-07-07,6.5
2016-07-09,6.5
2016-07-10,6.25
2016-07-11,6.25
2016-07-12,6.25
2016-08-01,6.75
2016-08-02,6.75
2016-08-03,6.75
2016-08-04,6.5
2016-08-06,6.5
2016-08-07,6.5
2016-08-08,6.5
2016-08-09,6.5
2016-08-11,6.25
2016-08-12,6.25
2016-09-02,6.75
2016-09-03,6.75
2016-09-05,6.5
2016-09-06,6.5
2016-09-08,6.5
2016-09-09,6.5
2016-09-11,6.25
2016-09-12,6.25
2016-10-02,6.75
2016-10-03,6.75
2016-10-05,6.5
2016-10-06,6.5
2016-10-08,6.5
2016-10-10,6.25
2016-10-11,6.25
2016-11-01,6.75
2016-11-02,6.75
2016-11-03,6.75
2016-11-04,6.5
2016-11-05,6.5
2016-11-07,6.5
2016-11-08,6.5
2016-11-10,6.25
2016-11-11,6.25
2016-12-01,6.75
2016-12-02,6.75
2016-12-04,6.5
2016-12-05,6.5
2016-12-07,6.5
2016-12-08,6.5
2016-12-09,6.5
2016-12-10,6.25
2016-12-12,6.25
2017-01-02,6.25
2017-01-03,6.25
2017-01-05,6.25
2017-01-06,6.25
2017-01-08,6.25
2017-01-09,6.0
2017-01-11,6.0
2017-01-12,6.0
2017-02-01,6.25
2017-02-02,6.25
2017-02-03,6.25
2017-02-05,6.25
2017-02-06,6.25
2017-02-08,6.0
2017-02-10,6.0
2017-02-11,6.0
2017-03-01,6.25
2017-03-02,6.25
2017-03-03,6.25
2017-03-04,6.25
2017-03-05,6.25
2017-03-07,6.25
2017-03-08,6.0
2017-03-10,6.0
2017-03-11,6.0
2017-04-01,6.25
2017-04-04,6.25
2017-04-05,6.25
2017-04-07,6.25
2017-04-08,6.0
2017-04-09,6.0
2017-04-10,6.0
2017-04-12,6.0
2017-05-01,6.25
2017-05-04,6.25
2017-05-05,6.25
2017-05-06,6.25
2017-05-07,6.25
2017-05-09,6.0
2017-05-10,6.0
2017-05-12,6.0
2017-06-01,6.25
2017-06-02,6.25
2017-06-03,6.25
2017-06-04,6.25
2017-06-06,6.25
2017-06-07,6.25
2017-06-09,6.0
2017-06-10,6.0
2017-06-11,6.0
2017-06-12,6.0
2017-07-02,6.25
2017-07-03,6.25
2017-07-04,6.25
2017-07-06,6.25
2017-07-07,6.25
2017-07-08,6.0
2017-07-09,6.0
2017-07-11,6.0
2017-07-12,6.0
2017-08-02,6.25
2017-08-03,6.25
2017-08-05,6.25
2017-08-06,6.25
2017-08-08,6.0
2017-08-09,6.0
2017-08-11,6.0
2017-08-12,6.0
2017-09-01,6.25
2017-09-02,6.25
2017-09-03,6.25
2017-09-05,6.25
2017-09-06,6.25
2017-09-08,6.0
2017-09-10,6.0
2017-09-11,6.0
2017-10-01,6.25
2017-10-02,6.25
2017-10-03,6.25
2017-10-04,6.25
2017-10-05,6.25
2017-10-07,6.25
2017-10-08,6.0
2017-10-10,6.0
2017-10-11,6.0
2017-11-01,6.25
2017-11-04,6.25
2017-11-05,6.25
2017-11-07,6.25
2017-11-08,6.0
2017-11-09,6.0
2017-11-10,6.0
2017-11-12,6.0
2017-12-01,6.25
2017-12-04,6.25
2017-12-05,6.25
2017-12-06,6.25
2017-12-07,6.25
2017-12-09,6.0
2017-12-10,6.0
2017-12-12,6.0
2018-01-01,6.0
2018-01-02,6.0
2018-01-03,6.0
2018-01-05,6.0
2018-01-06,6.0
2018-01-08,6.5
2018-01-10,6.5
2018-01-11,6.5
2018-02-01,6.0
2018-02-02,6.0
2018-02-03,6.0
2018-02-04,6.0
2018-02-05,6.0
2018-02-07,6.25
2018-02-08,6.5
2018-02-10,6.5
2018-02-11,6.5
2018-03-01,6.0
2018-03-04,6.0
2018-03-05,6.0
2018-03-07,6.25
2018-03-08,6.5
2018-03-09,6.5
2018-03-10,6.5
2018-03-12,6.5
2018-04-01,6.0
2018-04-04,6.0
2018-04-05,6.0
2018-04-06,6.0
2018-04-07,6.25
2018-04-09,6.5
2018-04-10,6.5
2018-04-12,6.5
2018-05-01,6.0
2018-05-02,6.0
2018-05-03,6.0
2018-05-04,6.0
2018-05-06,6.0
2018-05-07,6.25
2018-05-09,6.5
2018-05-10,6.5
2018-05-11,6.5
2018-05-12,6.5
2018-06-02,6.0
2018-06-03,6.0
2018-06-04,6.0
2018-06-06,6.25
2018-06-07,6.25
2018-06-08,6.5
2018-06-09,6.5
2018-06-11,6.5
2018-06-12,6.5
2018-07-02,6.0
2018-07-03,6.0
2018-07-05,6.0
2018-07-06,6.25
2018-07-08,6.5
2018-07-09,6.5
2018-07-11,6.5
2018-07-12,6.5
2018-08-01,6.0
2018-08-02,6.0
2018-08-03,6.0
2018-08-05,6.0
2018-08-06,6.25
2018-08-08,6.5
2018-08-10,6.5
2018-08-11,6.5
2018-09-01,6.0
2018-09-02,6.0
2018-09-03,6.0
2018-09-04,6.0
2018-09-05,6.0
2018-09-07,6.25
2018-09-08,6.5
2018-09-10,6.5
2018-09-11,6.5
2018-10-01,6.0
2018-10-04,6.0
2018-10-05,6.0
2018-10-07,6.25
2018-10-08,6.5
2018-10-09,6.5
2018-10-10,6.5
2018-10-12,6.5
2018-11-01,6.0
2018-11-04,6.0
2018-11-05,6.0
2018-11-06,6.25
2018-11-07,6.25
2018-11-09,6.5
2018-11-10,6.5
2018-11-12,6.5
2018-12-01,6.0
2018-12-02,6.0
2018-12-03,6.0
2018-12-04,6.0
2018-12-06,6.25
2018-12-07,6.25
2018-12-09,6.5
2018-12-10,6.5
2018-12-11,6.5
2018-12-12,6.5
2019-01-01,6.5
2019-01-02,6.5
2019-01-03,6.25
2019-01-04,6.25
2019-01-05,6.0
2019-01-07,5.75
2019-01-08,5.75
2019-01-10,5.4
2019-01-11,5.15
2019-02-01,6.5
2019-02-04,6.25
2019-02-05,6.0
2019-02-07,5.75
2019-02-08,5.75
2019-02-09,5.4
2019-02-10,5.4
2019-02-12,5.15
2019-03-01,6.5
2019-03-04,6.25
2019-03-05,6.0
2019-03-06,6.0
2019-03-07,5.75
2019-03-09,5.4
2019-03-10,5.4
2019-03-12,5.15
2019-04-01,6.5
2019-04-02,6.5
2019-04-03,6.25
2019-04-04,6.0
2019-04-06,6.0
2019-04-07,5.75
2019-04-09,5.4
2019-04-10,5.15
2019-04-11,5.15
2019-04-12,5.15
2019-05-02,6.5
2019-05-03,6.25
2019-05-04,6.0
2019-05-06,6.0
2019-05-07,5.75
2019-05-08,5.75
2019-05-09,5.4
2019-05-11,5.15
2019-05-12,5.15
2019-06-02,6.5
2019-06-03,6.25
2019-06-05,6.0
2019-06-06,5.75
2019-06-08,5.75
2019-06-09,5.4
2019-06-11,5.15
2019-06-12,5.15
2019-07-01,6.5
2019-07-02,6.25
2019-07-03,6.25
2019-07-05,6.0
2019-07-06,5.75
2019-07-08,5.4
2019-07-10,5.15
2019-07-11,5.15
2019-08-01,6.5
2019-08-02,6.25
2019-08-03,6.25
2019-08-04,6.0
2019-08-05,6.0
2019-08-07,5.75
2019-08-08,5.4
2019-08-10,5.15
2019-08-11,5.15
2019-09-01,6.5
2019-09-04,6.0
2019-09-05,6.0
2019-09-07,5.75
2019-09-08,5.4
2019-09-09,5.4
2019-09-10,5.15
2019-09-12,5.15
2019-10-01,6.5
2019-10-04,6.0
2019-10-05,6.0
2019-10-06,5.75
2019-10-07,5.75
2019-10-09,5.4
2019-10-10,5.15
2019-10-12,5.15
2019-11-01,6.5
2019-11-02,6.25
2019-11-03,6.25
2019-11-04,6.0
2019-11-06,5.75
2019-11-07,5.75
2019-11-09,5.4
2019-11-10,5.15
2019-11-11,5.15
2019-11-12,5.15
2019-12-02,6.25
2019-12-03,6.25
2019-12-04,6.0
2019-12-06,5.75
2019-12-07,5.75
2019-12-08,5.4
2019-12-09,5.4
2019-12-11,5.15
2019-12-12,5.15
2020-01-01,5.15
2020-01-04,4.4
2020-01-05,4.4
2020-01-06,4.0
2020-01-07,4.0
2020-01-09,4.0
2020-01-10,4.0
2020-01-12,4.0
2020-02-01,5.15
2020-02-03,5.15
2020-02-04,4.4
2020-02-06,4.0
2020-02-07,4.0
2020-02-09,4.0
2020-02-10,4.0
2020-02-11,4.0
2020-02-12,4.0
2020-03-01,5.15
2020-03-02,5.15
2020-03-03,5.15
2020-03-04,4.4
2020-03-06,4.0
2020-03-07,4.0
2020-03-08,4.0
2020-03-09,4.0
2020-03-11,4.0
2020-03-12,4.0
2020-04-02,5.15
2020-04-03,5.15
2020-04-05,4.4
2020-04-06,4.0
2020-04-08,4.0
2020-04-09,4.0
2020-04-11,4.0
2020-04-12,4.0
2020-05-02,5.15
2020-05-03,5.15
2020-05-05,4.4
2020-05-06,4.0
2020-05-08,4.0
2020-05-10,4.0
2020-05-11,4.0
2020-06-01,5.15
2020-06-02,5.15
2020-06-03,5.15
2020-06-04,4.4
2020-06-05,4.4
2020-06-07,4.0
2020-06-08,4.0
2020-06-10,4.0
2020-06-11,4.0
2020-07-01,5.15
2020-07-02,5.15
2020-07-04,4.4
2020-07-05,4.4
2020-07-07,4.0
2020-07-08,4.0
2020-07-09,4.0
2020-07-10,4.0
2020-07-12,4.0
2020-08-01,5.15
2020-08-04,4.4
2020-08-05,4.4
2020-08-06,4.0
2020-08-07,4.0
2020-08-09,4.0
2020-08-10,4.0
2020-08-12,4.0
2020-09-01,5.15
2020-09-03,5.15
2020-09-04,4.4
2020-09-06,4.0
2020-09-07,4.0
2020-09-09,4.0
2020-09-10,4.0
2020-09-11,4.0
2020-09-12,4.0
2020-10-01,5.15
2020-10-02,5.15
2020-10-03,5.15
2020-10-04,4.4
2020-10-06,4.0
2020-10-07,4.0
2020-10-08,4.0
2020-10-09,4.0
2020-10-11,4.0
2020-10-12,4.0
2020-11-02,5.15
2020-11-03,5.15
2020-11-05,4.4
2020-11-06,4.0
2020-11-08,4.0
2020-11-09,4.0
2020-11-11,4.0
2020-11-12,4.0
2020-12-02,5.15
2020-12-03,5.15
2020-12-05,4.4
2020-12-06,4.0
2020-12-08,4.0
2020-12-10,4.0
2020-12-11,4.0
2021-01-01,4.0
2021-01-02,4.0
2021-01-03,4.0
2021-01-04,4.0
2021-01-06,4.0
2021-01-07,4.0
2021-01-09,4.0
2021-01-10,4.0
2021-01-11,4.0
2021-01-12,4.0
2021-02-02,4.0
2021-02-03,4.0
2021-02-04,4.0
2021-02-06,4.0
2021-02-07,4.0
2021-02-08,4.0
2021-02-09,4.0
2021-02-11,4.0
2021-02-12,4.0
2021-03-02,4.0
2021-03-03,4.0
2021-03-05,4.0
2021-03-06,4.0
2021-03-08,4.0
2021-03-09,4.0
2021-03-11,4.0
2021-03-12,4.0
2021-04-01,4.0
2021-04-02,4.0
2021-04-03,4.0
2021-04-05,4.0
2021-04-06,4.0
2021-04-08,4.0
2021-04-10,4.0
2021-04-11,4.0
2021-05-01,4.0
2021-05-02,4.0
2021-05-03,4.0
2021-05-04,4.0
2021-05-05,4.0
2021-05-07,4.0
2021-05-08,4.0
2021-05-10,4.0
2021-05-11,4.0
2021-06-01,4.0
2021-06-04,4.0
2021-06-05,4.0
2021-06-07,4.0
2021-06-08,4.0
2021-06-09,4.0
2021-06-10,4.0
2021-06-12,4.0
2021-07-01,4.0
2021-07-04,4.0
2021-07-05,4.0
2021-07-06,4.0
2021-07-07,4.0
2021-07-09,4.0
2021-07-10,4.0
2021-07-12,4.0
2021-08-01,4.0
2021-08-02,4.0
2021-08-03,4.0
2021-08-04,4.0
2021-08-06,4.0
2021-08-07,4.0
2021-08-09,4.0
2021-08-10,4.0
2021-08-11,4.0
2021-08-12,4.0
2021-09-02,4.0
2021-09-03,4.0
2021-09-04,4.0
2021-09-06,4.0
2021-09-07,4.0
2021-09-08,4.0
2021-09-09,4.0
2021-09-11,4.0
2021-09-12,4.0
2021-10-02,4.0
2021-10-03,4.0
2021-10-05,4.0
2021-10-06,4.0
2021-10-08,4.0
2021-10-09,4.0
2021-10-11,4.0
2021-10-12,4.0
2021-11-01,4.0
2021-11-02,4.0
2021-11-03,4.0
2021-11-05,4.0
2021-11-06,4.0
2021-11-08,4.0
2021-11-10,4.0
2021-11-11,4.0
2021-12-01,4.0
2021-12-02,4.0
2021-12-03,4.0
2021-12-04,4.0
2021-12-05,4.0
2021-12-07,4.0
2021-12-08,4.0
2021-12-10,4.0
2021-12-11,4.0
2022-01-02,4.0
2022-01-03,4.0
2022-01-04,4.0
2022-01-06,4.4
2022-01-07,4.9
2022-01-08,4.9
2022-01-09,5.4
2022-01-11,5.9
2022-01-12,5.9
2022-02-02,4.0
2022-02-03,4.0
2022-02-05,4.0
2022-02-06,4.4
2022-02-08,4.9
2022-02-09,5.4
2022-02-11,5.9
2022-02-12,5.9
2022-03-01,4.0
2022-03-02,4.0
2022-03-03,4.0
2022-03-05,4.0
2022-03-06,4.4
2022-03-08,4.9
2022-03-10,5.9
2022-03-11,5.9
2022-04-01,4.0
2022-04-02,4.0
2022-04-03,4.0
2022-04-04,4.0
2022-04-05,4.4
2022-04-07,4.9
2022-04-08,4.9
2022-04-10,5.9
2022-04-11,5.9
2022-05-01,4.0
2022-05-04,4.0
2022-05-05,4.4
2022-05-07,4.9
2022-05-08,5.4
2022-05-09,5.4
2022-05-10,5.9
2022-05-12,5.9
2022-06-01,4.0
2022-06-04,4.0
2022-06-05,4.4
2022-06-06,4.4
2022-06-07,4.9
2022-06-09,5.4
2022-06-10,5.9
2022-06-12,5.9
2022-07-01,4.0
2022-07-02,4.0
2022-07-03,4.0
2022-07-04,4.0
2022-07-06,4.4
2022-07-07,4.9
2022-07-09,5.4
2022-07-10,5.9
2022-07-11,5.9
2022-07-12,6.25
2022-08-02,4.0
2022-08-03,4.0
2022-08-04,4.0
2022-08-06,4.9
2022-08-07,4.9
2022-08-08,5.4
2022-08-09,5.4
2022-08-11,5.9
2022-08-12,6.25
2022-09-02,4.0
2022-09-03,4.0
2022-09-05,4.4
2022-09-06,4.9
2022-09-08,5.4
2022-09-09,5.4
2022-09-11,5.9
2022-09-12,6.25
2022-10-01,4.0
2022-10-02,4.0
2022-10-03,4.0
2022-10-05,4.4
2022-10-06,4.9
2022-10-08,5.4
2022-10-10,5.9
2022-10-11,5.9
2022-11-01,4.0
2022-11-02,4.0
2022-11-03,4.0
2022-11-04,4.0
2022-11-05,4.4
2022-11-07,4.9
2022-11-08,5.4
2022-11-10,5.9
2022-11-11,5.9
2022-12-01,4.0
2022-12-04,4.0
2022-12-05,4.4
2022-12-07,4.9
2022-12-08,5.4
2022-12-09,5.4
2022-12-10,5.9
2022-12-12,6.25
2023-01-02,6.25
2023-01-03,6.5
2023-01-05,6.5
2023-01-06,6.5
2023-01-08,6.5
2023-01-09,6.5
2023-01-11,6.5
2023-01-12,6.5
2023-02-01,6.25
2023-02-02,6.25
2023-02-03,6.5
2023-02-05,6.5
2023-02-06,6.5
2023-02-08,6.5
2023-02-10,6.5
2023-02-11,6.5
2023-03-01,6.25
2023-03-02,6.25
2023-03-03,6.5
2023-03-04,6.5
2023-03-05,6.5
2023-03-07,6.5
2023-03-08,6.5
2023-03-10,6.5
2023-03-11,6.5
2023-04-01,6.25
2023-04-04,6.5
2023-04-05,6.5
2023-04-07,6.5
2023-04-08,6.5
2023-04-09,6.5
2023-04-10,6.5
2023-04-12,6.5
2023-05-01,6.25
2023-05-04,6.5
2023-05-05,6.5
2023-05-06,6.5
2023-05-07,6.5
2023-05-09,6.5
2023-05-10,6.5
2023-05-12,6.5
2023-06-01,6.25
2023-06-02,6.25
2023-06-03,6.5
2023-06-04,6.5
2023-06-06,6.5
2023-06-07,6.5
2023-06-09,6.5
2023-06-10,6.5
2023-06-11,6.5
2023-06-12,6.5
2023-07-02,6.25
2023-07-03,6.5
2023-07-04,6.5
2023-07-06,6.5
2023-07-07,6.5
2023-07-08,6.5
2023-07-09,6.5
2023-07-11,6.5
2023-07-12,6.5
2023-08-02,6.5
2023-08-03,6.5
2023-08-05,6.5
2023-08-06,6.5
2023-08-08,6.5
2023-08-09,6.5
2023-08-11,6.5
2023-08-12,6.5
2023-09-01,6.25
2023-09-02,6.5
2023-09-03,6.5
2023-09-05,6.5
2023-09-06,6.5
2023-09-08,6.5
2023-09-10,6.5
2023-09-11,6.5
2023-10-01,6.25
2023-10-02,6.5
2023-10-03,6.5
2023-10-04,6.5
2023-10-05,6.5
2023-10-07,6.5
2023-10-08,6.5
2023-10-10,6.5
2023-10-11,6.5
2023-11-01,6.25
2023-11-04,6.5
2023-11-05,6.5
2023-11-07,6.5
2023-11-08,6.5
2023-11-09,6.5
2023-11-10,6.5
2023-11-12,6.5
2023-12-01,6.25
2023-12-04,6.5
2023-12-05,6.5
2023-12-06,6.5
2023-12-07,6.5
2023-12-09,6.5
2023-12-10,6.5
2023-12-12,6.5
2024-01-01,6.5
2024-01-02,6.5
2024-01-03,6.5
2024-01-04,6.5
2024-01-05,6.5
2024-01-07,6.5
2024-01-08,6.5
2024-01-10,6.5
2024-01-11,6.5
2024-02-01,6.5
2024-02-02,6.5
2024-02-04,6.5
2024-02-05,6.5
2024-02-07,6.5
2024-02-08,6.5
2024-02-09,6.5
2024-02-10,6.5
2024-02-12,6.5
2024-03-01,6.5
2024-03-04,6.5
2024-03-05,6.5
2024-03-06,6.5
2024-03-07,6.5
2024-03-09,6.5
2024-03-10,6.5
2024-03-12,6.5
2024-04-01,6.5
2024-04-03,6.5
2024-04-04,6.5
2024-04-06,6.5
2024-04-07,6.5
2024-04-09,6.5
2024-04-10,6.5
2024-04-11,6.5
2024-04-12,6.5
2024-05-01,6.5
2024-05-02,6.5
2024-05-03,6.5
2024-05-04,6.5
2024-05-06,6.5
2024-05-07,6.5
2024-05-08,6.5
2024-05-09,6.5
2024-05-11,6.5
2024-05-12,6.5
2024-06-02,6.5
2024-06-03,6.5
2024-06-05,6.5
2024-06-06,6.5
2024-06-08,6.5
2024-06-09,6.5
2024-06-11,6.5
2024-06-12,6.5
2024-07-02,6.5
2024-07-03,6.5
2024-07-05,6.5
2024-07-06,6.5
2024-07-08,6.5
2024-07-10,6.5
2024-07-11,6.5
2024-08-01,6.5
2024-08-02,6.5
2024-08-03,6.5
2024-08-04,6.5
2024-08-05,6.5
2024-08-07,6.5
2024-08-08,6.5
2024-08-10,6.5
2024-08-11,6.5
2024-09-01,6.5
2024-09-02,6.5
2024-09-04,6.5
2024-09-05,6.5
2024-09-07,6.5
2024-09-08,6.5
2024-09-09,6.5
2024-09-10,6.5
2024-09-12,6.5
2024-10-01,6.5
2024-10-04,6.5
2024-10-05,6.5
2024-10-06,6.5
2024-10-07,6.5
2024-10-09,6.5
2024-10-10,6.5
2024-10-12,6.5
2024-11-01,6.5
2024-11-03,6.5
2024-11-04,6.5
2024-11-06,6.5
2024-11-07,6.5
2024-11-09,6.5
2024-11-10,6.5
2024-11-11,6.5
2024-11-12,6.5
2024-12-01,6.5
2024-12-02,6.5
2024-12-03,6.5
2024-12-04,6.5
2024-12-06,6.5
2024-12-07,6.5
2024-12-08,6.5
2024-12-09,6.5
2024-12-11,6.5
2024-12-12,6.5
2025-01-01,6.5
2025-01-04,6.25
2025-01-05,6.0
2025-01-07,5.5
2025-01-08,5.5
2025-01-09,5.5
2025-01-10,5.5
2025-01-12,5.5
2025-02-01,6.5
2025-02-04,6.25
2025-02-05,6.0
2025-02-06,6.0
2025-02-07,5.5
2025-02-09,5.5
2025-02-10,5.5
2025-02-12,5.5
2025-03-01,6.5
2025-03-02,6.5
2025-03-03,6.25
2025-03-04,6.25
2025-03-06,6.0
2025-03-07,5.5
2025-03-09,5.5
2025-03-10,5.5
2025-03-11,5.5
2025-03-12,5.5
2025-04-02,6.5
2025-04-03,6.25
2025-04-04,6.25
2025-04-06,6.0
2025-04-07,5.5
2025-04-08,5.5
2025-04-09,5.5
2025-04-11,5.5
2025-04-12,5.5
2025-05-02,6.5
2025-05-03,6.25
2025-05-05,6.0
2025-05-06,6.0
2025-05-08,5.5
2025-05-09,5.5
2025-05-11,5.5
2025-05-12,5.25
2025-06-01,6.5
2025-06-02,6.5
2025-06-03,6.25
2025-06-05,6.0
2025-06-06,5.5
2025-06-08,5.5
2025-06-10,5.5
2025-06-11,5.5
2025-07-01,6.5
2025-07-02,6.25
2025-07-03,6.25
2025-07-04,6.25
2025-07-05,6.0
2025-07-07,5.5
2025-07-08,5.5
2025-07-10,5.5
2025-07-11,5.5
2025-08-01,6.5
2025-08-04,6.25
2025-08-05,6.0
2025-08-07,5.5
2025-08-08,5.5
2025-08-09,5.5
2025-08-10,5.5
2025-08-12,5.25
2025-09-01,6.5
2025-09-04,6.0
2025-09-05,6.0
2025-09-06,5.5
2025-09-07,5.5
2025-09-09,5.5
2025-09-10,5.5
2025-09-12,5.25
2025-10-01,6.5
2025-10-02,6.25
2025-10-03,6.25
2025-10-04,6.0
2025-10-06,5.5
2025-10-07,5.5
2025-10-09,5.5
2025-10-10,5.5
2025-10-11,5.5
2025-10-12,5.25
2025-11-02,6.25
2025-11-03,6.25
2025-11-04,6.0
2025-11-06,5.5
2025-11-07,5.5
2025-11-08,5.5
2025-11-09,5.5
2025-11-11,5.5
2025-11-12,5.25
2025-12-02,6.25
2025-12-03,6.25
2025-12-05,6.0
2025-12-06,5.5
2025-12-08,5.5
2025-12-09,5.5
2025-12-11,5.5
2025-12-12,5.25
2026-01-01,5.25
2026-02-01,5.25
2026-02-02,5.25
2026-02-03,5.25
2026-03-02,5.25
2026-03-03,5.25
2026-04-02,5.25
2026-04-03,5.25
2026-05-01,5.25
2026-05-02,5.25
2026-05-03,5.25
2026-06-01,5.25
2026-06-02,5.25
2026-06-03,5.25
2026-07-01,5.25
2026-08-01,5.25
2026-09-01,5.25
2026-09-02,5.25
2026-09-03,5.25
2026-10-02,5.25
2026-10-03,5.25
2026-11-02,5.25
2026-11-03,5.25
2026-12-01,5.25
2026-12-02,5.25
2026-12-03,5.25
